FILE	ORIGINAL_SHA256	ORIGINAL_UUID	ORIGINAL_CDHASH	ORIGINAL_LC_ID_DYLIB	ORIGINAL_LC_RPATHS	ORIGINAL_LOADS	ROOTLESS_REQUIRED	NEW_LC_ID_DYLIB	NEW_LC_RPATHS	NEW_LOADS	APPLE_LIB_LOADS_PRESERVED	PROCURSUS_LIB_LOADS_REWRITTEN	HEADER_PADDING_SUFFICIENT	LOAD_COMMAND_SIZE_CHANGE_REQUIRED	BINARY_RELAYOUT_REQUIRED	RESIGN_REQUIRED	TRUSTCACHE_REFRESH_REQUIRED	REWRITE_CLASS	TRANSFORM_MATCHES_REFERENCE_PATTERN	MINOS	SDK
bin/sync	cfc1c1cc5d22c06babec5732d4fb19a0e5e7228d1f011228bf806d7fa601c480	7EE75158-D08B-36D1-892B-5A18D4EE5960	TBD_BATCH		/usr/lib	@rpath/libiosexec.1.dylib|/System/Library/Frameworks/CoreFoundation.framework/CoreFoundation|/System/Library/Frameworks/IOKit.framework/Versions/A/IOKit|/usr/lib/libcrypt.2.dylib|/usr/lib/libpam.2.dylib|/usr/lib/libSystem.B.dylib	YES		/usr/lib|/var/jb/usr/lib	@rpath/libiosexec.1.dylib|/System/Library/Frameworks/CoreFoundation.framework/CoreFoundation|/System/Library/Frameworks/IOKit.framework/Versions/A/IOKit|@rpath/libcrypt.2.dylib|@rpath/libpam.2.dylib|/usr/lib/libSystem.B.dylib	/System/Library/Frameworks/CoreFoundation.framework/CoreFoundation|/System/Library/Frameworks/IOKit.framework/Versions/A/IOKit|/usr/lib/libSystem.B.dylib	/usr/lib/libcrypt.2.dylib|/usr/lib/libpam.2.dylib	UNKNOWN	YES	MAYBE	YES	YES	RPATH_ADDITION_AND_LOAD_REWRITE	YES_ORACLE_USES_RPATH_MODEL	minos 17.0	sdk 17.2
sbin/dmesg	09ff0c4959a62e4805282507e98a3ffb47e108c5a0119e9582b00a14be52173e	7F55F443-2BBD-3880-8532-DBE51D6EE2D6	TBD_BATCH		/usr/lib	@rpath/libiosexec.1.dylib|/System/Library/Frameworks/CoreFoundation.framework/CoreFoundation|/System/Library/Frameworks/IOKit.framework/Versions/A/IOKit|/usr/lib/libSystem.B.dylib	NO		/usr/lib	@rpath/libiosexec.1.dylib|/System/Library/Frameworks/CoreFoundation.framework/CoreFoundation|/System/Library/Frameworks/IOKit.framework/Versions/A/IOKit|/usr/lib/libSystem.B.dylib	/System/Library/Frameworks/CoreFoundation.framework/CoreFoundation|/System/Library/Frameworks/IOKit.framework/Versions/A/IOKit|/usr/lib/libSystem.B.dylib		UNKNOWN	NO	NO	NO	NO	NO_REWRITE	YES_ORACLE_USES_RPATH_MODEL	minos 17.0	sdk 17.2
sbin/dynamic_pager	71d10e47ae52de5482eed057653f1903649cb83ce6e7cbebea95af003a963b5a	8A9EA122-E8A7-383B-890F-9D0FAFB7B73F	TBD_BATCH		/usr/lib	@rpath/libiosexec.1.dylib|/System/Library/Frameworks/CoreFoundation.framework/CoreFoundation|/System/Library/Frameworks/IOKit.framework/Versions/A/IOKit|/usr/lib/libSystem.B.dylib	NO		/usr/lib	@rpath/libiosexec.1.dylib|/System/Library/Frameworks/CoreFoundation.framework/CoreFoundation|/System/Library/Frameworks/IOKit.framework/Versions/A/IOKit|/usr/lib/libSystem.B.dylib	/System/Library/Frameworks/CoreFoundation.framework/CoreFoundation|/System/Library/Frameworks/IOKit.framework/Versions/A/IOKit|/usr/lib/libSystem.B.dylib		UNKNOWN	NO	NO	NO	NO	NO_REWRITE	YES_ORACLE_USES_RPATH_MODEL	minos 17.0	sdk 17.2
sbin/nologin	bf3cfd9290e754e7bf3981b3355db399dde696f3debe754a7d639ea7810e7f36	7403BBDD-2B5B-3AA6-BCF9-2788D01A58D5	TBD_BATCH		/usr/lib	@rpath/libiosexec.1.dylib|/System/Library/Frameworks/CoreFoundation.framework/CoreFoundation|/System/Library/Frameworks/IOKit.framework/Versions/A/IOKit|/usr/lib/libcrypt.2.dylib|/usr/lib/libpam.2.dylib|/usr/lib/libSystem.B.dylib	YES		/usr/lib|/var/jb/usr/lib	@rpath/libiosexec.1.dylib|/System/Library/Frameworks/CoreFoundation.framework/CoreFoundation|/System/Library/Frameworks/IOKit.framework/Versions/A/IOKit|@rpath/libcrypt.2.dylib|@rpath/libpam.2.dylib|/usr/lib/libSystem.B.dylib	/System/Library/Frameworks/CoreFoundation.framework/CoreFoundation|/System/Library/Frameworks/IOKit.framework/Versions/A/IOKit|/usr/lib/libSystem.B.dylib	/usr/lib/libcrypt.2.dylib|/usr/lib/libpam.2.dylib	UNKNOWN	YES	MAYBE	YES	YES	RPATH_ADDITION_AND_LOAD_REWRITE	YES_ORACLE_USES_RPATH_MODEL	minos 17.0	sdk 17.2
sbin/reboot	1c3001efc947984128af2807ae2dc9929f7f47c8d21ef4921a82430288007724	40972785-33F6-3AB4-897B-AB10134CA7CD	TBD_BATCH		/usr/lib	@rpath/libiosexec.1.dylib|/System/Library/Frameworks/CoreFoundation.framework/CoreFoundation|/System/Library/Frameworks/IOKit.framework/Versions/A/IOKit|/usr/lib/libSystem.B.dylib	NO		/usr/lib	@rpath/libiosexec.1.dylib|/System/Library/Frameworks/CoreFoundation.framework/CoreFoundation|/System/Library/Frameworks/IOKit.framework/Versions/A/IOKit|/usr/lib/libSystem.B.dylib	/System/Library/Frameworks/CoreFoundation.framework/CoreFoundation|/System/Library/Frameworks/IOKit.framework/Versions/A/IOKit|/usr/lib/libSystem.B.dylib		UNKNOWN	NO	NO	NO	NO	NO_REWRITE	YES_ORACLE_USES_RPATH_MODEL	minos 17.0	sdk 17.2
sbin/shutdown	77cfecedfffdc93e4a4b1b6d07d789b0745a7e9488bc83122306cdabe44bd7a7	A7261CA3-1AA6-3FB7-9E42-FCEAF0F65FF3	TBD_BATCH		/usr/lib	@rpath/libiosexec.1.dylib|/System/Library/Frameworks/CoreFoundation.framework/CoreFoundation|/System/Library/Frameworks/IOKit.framework/Versions/A/IOKit|/usr/lib/libbsm.0.dylib|/usr/lib/libSystem.B.dylib	NO		/usr/lib	@rpath/libiosexec.1.dylib|/System/Library/Frameworks/CoreFoundation.framework/CoreFoundation|/System/Library/Frameworks/IOKit.framework/Versions/A/IOKit|/usr/lib/libbsm.0.dylib|/usr/lib/libSystem.B.dylib	/System/Library/Frameworks/CoreFoundation.framework/CoreFoundation|/System/Library/Frameworks/IOKit.framework/Versions/A/IOKit|/usr/lib/libbsm.0.dylib|/usr/lib/libSystem.B.dylib		UNKNOWN	NO	NO	NO	NO	NO_REWRITE	YES_ORACLE_USES_RPATH_MODEL	minos 17.0	sdk 17.2
usr/bin/[	dead3e1dcbd22397d1a5e19224d40a34ac2d1544d38a3b5eb59f07612c454ce9	7EDAB515-1C5D-324E-BD04-DFCA23DED8C1	TBD_BATCH		/usr/lib	@rpath/libiosexec.1.dylib|/usr/lib/libintl.8.dylib|/System/Library/Frameworks/CoreFoundation.framework/CoreFoundation|/System/Library/Frameworks/CoreServices.framework/CoreServices|/usr/lib/libSystem.B.dylib	YES		/usr/lib|/var/jb/usr/lib	@rpath/libiosexec.1.dylib|@rpath/libintl.8.dylib|/System/Library/Frameworks/CoreFoundation.framework/CoreFoundation|/System/Library/Frameworks/CoreServices.framework/CoreServices|/usr/lib/libSystem.B.dylib	/System/Library/Frameworks/CoreFoundation.framework/CoreFoundation|/System/Library/Frameworks/CoreServices.framework/CoreServices|/usr/lib/libSystem.B.dylib	/usr/lib/libintl.8.dylib	UNKNOWN	YES	MAYBE	YES	YES	RPATH_ADDITION_AND_LOAD_REWRITE	YES_ORACLE_USES_RPATH_MODEL	minos 17.0	sdk 17.2
usr/bin/apply	238da7b33c7020dbe90214d9ac2deb27fc015e03fe96f9ba5be3bfc976cf36e1	64EEF61E-E266-35E1-86C8-1DC327EBEEE8	TBD_BATCH		/usr/lib	@rpath/libiosexec.1.dylib|/usr/lib/libsbuf.dylib|/usr/lib/libSystem.B.dylib	YES		/usr/lib|/var/jb/usr/lib	@rpath/libiosexec.1.dylib|@rpath/libsbuf.dylib|/usr/lib/libSystem.B.dylib	/usr/lib/libSystem.B.dylib	/usr/lib/libsbuf.dylib	UNKNOWN	YES	MAYBE	YES	YES	RPATH_ADDITION_AND_LOAD_REWRITE	YES_ORACLE_USES_RPATH_MODEL	minos 17.0	sdk 17.2
usr/bin/apt	1d125d0e84638bfae84fbb2e23bf03f5338170c0539e9b39d7274a216060c141	EEE9E7D0-8073-4C4A-B63C-0BF63A090814	TBD_BATCH		/usr|/usr/lib	@rpath/libiosexec.1.dylib|/usr/lib/libintl.8.dylib|/usr/lib/libapt-private.0.0.dylib|/usr/lib/libapt-pkg.6.0.dylib|/System/Library/Frameworks/Foundation.framework/Foundation|/usr/lib/libc++.1.dylib|/usr/lib/libSystem.B.dylib	YES		/usr|/usr/lib|/var/jb/usr/lib	@rpath/libiosexec.1.dylib|@rpath/libintl.8.dylib|@rpath/libapt-private.0.0.dylib|@rpath/libapt-pkg.6.0.dylib|/System/Library/Frameworks/Foundation.framework/Foundation|/usr/lib/libc++.1.dylib|/usr/lib/libSystem.B.dylib	/System/Library/Frameworks/Foundation.framework/Foundation|/usr/lib/libc++.1.dylib|/usr/lib/libSystem.B.dylib	/usr/lib/libintl.8.dylib|/usr/lib/libapt-private.0.0.dylib|/usr/lib/libapt-pkg.6.0.dylib	UNKNOWN	YES	MAYBE	YES	YES	RPATH_ADDITION_AND_LOAD_REWRITE	YES_ORACLE_USES_RPATH_MODEL	minos 17.0	sdk 17.2
usr/bin/apt-cache	eeabd01f9c799f5e8914e15d7b3d760608c374b60487972d6545de2ef6aadc81	813424AA-C066-4283-BCD1-37269C412A4B	TBD_BATCH		/usr|/usr/lib	@rpath/libiosexec.1.dylib|/usr/lib/libintl.8.dylib|/usr/lib/libapt-private.0.0.dylib|/usr/lib/libapt-pkg.6.0.dylib|/System/Library/Frameworks/Foundation.framework/Foundation|/usr/lib/libc++.1.dylib|/usr/lib/libSystem.B.dylib	YES		/usr|/usr/lib|/var/jb/usr/lib	@rpath/libiosexec.1.dylib|@rpath/libintl.8.dylib|@rpath/libapt-private.0.0.dylib|@rpath/libapt-pkg.6.0.dylib|/System/Library/Frameworks/Foundation.framework/Foundation|/usr/lib/libc++.1.dylib|/usr/lib/libSystem.B.dylib	/System/Library/Frameworks/Foundation.framework/Foundation|/usr/lib/libc++.1.dylib|/usr/lib/libSystem.B.dylib	/usr/lib/libintl.8.dylib|/usr/lib/libapt-private.0.0.dylib|/usr/lib/libapt-pkg.6.0.dylib	UNKNOWN	YES	MAYBE	YES	YES	RPATH_ADDITION_AND_LOAD_REWRITE	YES_ORACLE_USES_RPATH_MODEL	minos 17.0	sdk 17.2
usr/bin/apt-cdrom	6b7e4b819feaf761ddb4fd68e0dc80607dc1eff74db15e2b57b8d8a318655e99	A83EEFD7-A353-49FB-9AF1-F7DEF8B38527	TBD_BATCH		/usr|/usr/lib	@rpath/libiosexec.1.dylib|/usr/lib/libintl.8.dylib|/usr/lib/libapt-private.0.0.dylib|/usr/lib/libapt-pkg.6.0.dylib|/System/Library/Frameworks/Foundation.framework/Foundation|/usr/lib/libc++.1.dylib|/usr/lib/libSystem.B.dylib	YES		/usr|/usr/lib|/var/jb/usr/lib	@rpath/libiosexec.1.dylib|@rpath/libintl.8.dylib|@rpath/libapt-private.0.0.dylib|@rpath/libapt-pkg.6.0.dylib|/System/Library/Frameworks/Foundation.framework/Foundation|/usr/lib/libc++.1.dylib|/usr/lib/libSystem.B.dylib	/System/Library/Frameworks/Foundation.framework/Foundation|/usr/lib/libc++.1.dylib|/usr/lib/libSystem.B.dylib	/usr/lib/libintl.8.dylib|/usr/lib/libapt-private.0.0.dylib|/usr/lib/libapt-pkg.6.0.dylib	UNKNOWN	YES	MAYBE	YES	YES	RPATH_ADDITION_AND_LOAD_REWRITE	YES_ORACLE_USES_RPATH_MODEL	minos 17.0	sdk 17.2
usr/bin/apt-config	debbe0ea0bd89bb07607a037a7ff0d8c655deb177f12fb6b95365d0a340bc890	B6641D3D-786B-44AA-9F91-A97C7A7E3A39	TBD_BATCH		/usr|/usr/lib	@rpath/libiosexec.1.dylib|/usr/lib/libintl.8.dylib|/usr/lib/libapt-private.0.0.dylib|/usr/lib/libapt-pkg.6.0.dylib|/System/Library/Frameworks/Foundation.framework/Foundation|/usr/lib/libc++.1.dylib|/usr/lib/libSystem.B.dylib	YES		/usr|/usr/lib|/var/jb/usr/lib	@rpath/libiosexec.1.dylib|@rpath/libintl.8.dylib|@rpath/libapt-private.0.0.dylib|@rpath/libapt-pkg.6.0.dylib|/System/Library/Frameworks/Foundation.framework/Foundation|/usr/lib/libc++.1.dylib|/usr/lib/libSystem.B.dylib	/System/Library/Frameworks/Foundation.framework/Foundation|/usr/lib/libc++.1.dylib|/usr/lib/libSystem.B.dylib	/usr/lib/libintl.8.dylib|/usr/lib/libapt-private.0.0.dylib|/usr/lib/libapt-pkg.6.0.dylib	UNKNOWN	YES	MAYBE	YES	YES	RPATH_ADDITION_AND_LOAD_REWRITE	YES_ORACLE_USES_RPATH_MODEL	minos 17.0	sdk 17.2
usr/bin/apt-get	6e1fc414ded35806bd0d7db2c01f232b76391257fca942f32969fe17b7a679e9	0118BF02-0B85-45CD-B644-6CA732F5A14A	TBD_BATCH		/usr|/usr/lib	@rpath/libiosexec.1.dylib|/usr/lib/libintl.8.dylib|/usr/lib/libapt-private.0.0.dylib|/usr/lib/libapt-pkg.6.0.dylib|/System/Library/Frameworks/Foundation.framework/Foundation|/usr/lib/libc++.1.dylib|/usr/lib/libSystem.B.dylib	YES		/usr|/usr/lib|/var/jb/usr/lib	@rpath/libiosexec.1.dylib|@rpath/libintl.8.dylib|@rpath/libapt-private.0.0.dylib|@rpath/libapt-pkg.6.0.dylib|/System/Library/Frameworks/Foundation.framework/Foundation|/usr/lib/libc++.1.dylib|/usr/lib/libSystem.B.dylib	/System/Library/Frameworks/Foundation.framework/Foundation|/usr/lib/libc++.1.dylib|/usr/lib/libSystem.B.dylib	/usr/lib/libintl.8.dylib|/usr/lib/libapt-private.0.0.dylib|/usr/lib/libapt-pkg.6.0.dylib	UNKNOWN	YES	MAYBE	YES	YES	RPATH_ADDITION_AND_LOAD_REWRITE	YES_ORACLE_USES_RPATH_MODEL	minos 17.0	sdk 17.2
usr/bin/apt-mark	5d996698c3823887a0b36fb98dfffb908368d3c8fb04f05deccc7dfc04b2a36c	85705CFE-EB27-4403-87AF-CF8F7E7E6F67	TBD_BATCH		/usr|/usr/lib	@rpath/libiosexec.1.dylib|/usr/lib/libintl.8.dylib|/usr/lib/libapt-private.0.0.dylib|/usr/lib/libapt-pkg.6.0.dylib|/System/Library/Frameworks/Foundation.framework/Foundation|/usr/lib/libc++.1.dylib|/usr/lib/libSystem.B.dylib	YES		/usr|/usr/lib|/var/jb/usr/lib	@rpath/libiosexec.1.dylib|@rpath/libintl.8.dylib|@rpath/libapt-private.0.0.dylib|@rpath/libapt-pkg.6.0.dylib|/System/Library/Frameworks/Foundation.framework/Foundation|/usr/lib/libc++.1.dylib|/usr/lib/libSystem.B.dylib	/System/Library/Frameworks/Foundation.framework/Foundation|/usr/lib/libc++.1.dylib|/usr/lib/libSystem.B.dylib	/usr/lib/libintl.8.dylib|/usr/lib/libapt-private.0.0.dylib|/usr/lib/libapt-pkg.6.0.dylib	UNKNOWN	YES	MAYBE	YES	YES	RPATH_ADDITION_AND_LOAD_REWRITE	YES_ORACLE_USES_RPATH_MODEL	minos 17.0	sdk 17.2
usr/bin/arch	cb1d840e80a83f8daa078c0e0950e9445bfe658f4d8fb05d9fc27e14918ac99b	B999D878-E950-37E2-9783-2C299F6B33AF	TBD_BATCH		/usr/lib	@rpath/libiosexec.1.dylib|/System/Library/Frameworks/CoreFoundation.framework/CoreFoundation|/System/Library/Frameworks/IOKit.framework/Versions/A/IOKit|/System/Library/Frameworks/Foundation.framework/Foundation|/usr/lib/libobjc.A.dylib|/usr/lib/libSystem.B.dylib	NO		/usr/lib	@rpath/libiosexec.1.dylib|/System/Library/Frameworks/CoreFoundation.framework/CoreFoundation|/System/Library/Frameworks/IOKit.framework/Versions/A/IOKit|/System/Library/Frameworks/Foundation.framework/Foundation|/usr/lib/libobjc.A.dylib|/usr/lib/libSystem.B.dylib	/System/Library/Frameworks/CoreFoundation.framework/CoreFoundation|/System/Library/Frameworks/IOKit.framework/Versions/A/IOKit|/System/Library/Frameworks/Foundation.framework/Foundation|/usr/lib/libobjc.A.dylib|/usr/lib/libSystem.B.dylib		UNKNOWN	NO	NO	NO	NO	NO_REWRITE	YES_ORACLE_USES_RPATH_MODEL	minos 17.0	sdk 17.2
usr/bin/at	6cc1289ef984aad55fc092a40c0fcbe0ddcba0e2021acd15e886e1f594550254	D8756CC0-02BF-382F-8837-114D96C0FD01	TBD_BATCH		/usr/lib	@rpath/libiosexec.1.dylib|/System/Library/Frameworks/CoreFoundation.framework/CoreFoundation|/System/Library/Frameworks/IOKit.framework/Versions/A/IOKit|/usr/lib/libSystem.B.dylib	NO		/usr/lib	@rpath/libiosexec.1.dylib|/System/Library/Frameworks/CoreFoundation.framework/CoreFoundation|/System/Library/Frameworks/IOKit.framework/Versions/A/IOKit|/usr/lib/libSystem.B.dylib	/System/Library/Frameworks/CoreFoundation.framework/CoreFoundation|/System/Library/Frameworks/IOKit.framework/Versions/A/IOKit|/usr/lib/libSystem.B.dylib		UNKNOWN	NO	NO	NO	NO	NO_REWRITE	YES_ORACLE_USES_RPATH_MODEL	minos 17.0	sdk 17.2
usr/bin/b2sum	aa9bca2591388b1c5d3f3ec279b1d48ca30c6af8474e088cd2a7878278f530e1	872AA4BF-DED8-39A9-BCFD-85BB260FE58F	TBD_BATCH		/usr/lib	@rpath/libiosexec.1.dylib|/usr/lib/libintl.8.dylib|/System/Library/Frameworks/CoreFoundation.framework/CoreFoundation|/System/Library/Frameworks/CoreServices.framework/CoreServices|/usr/lib/libSystem.B.dylib	YES		/usr/lib|/var/jb/usr/lib	@rpath/libiosexec.1.dylib|@rpath/libintl.8.dylib|/System/Library/Frameworks/CoreFoundation.framework/CoreFoundation|/System/Library/Frameworks/CoreServices.framework/CoreServices|/usr/lib/libSystem.B.dylib	/System/Library/Frameworks/CoreFoundation.framework/CoreFoundation|/System/Library/Frameworks/CoreServices.framework/CoreServices|/usr/lib/libSystem.B.dylib	/usr/lib/libintl.8.dylib	UNKNOWN	YES	MAYBE	YES	YES	RPATH_ADDITION_AND_LOAD_REWRITE	YES_ORACLE_USES_RPATH_MODEL	minos 17.0	sdk 17.2
usr/bin/base32	83867f514413246c9a9bdbabbad3dab1e0bf9de3aedc836606e57e64762d7926	EB9273B3-AA84-3E2A-94B5-3D3FA44F17AA	TBD_BATCH		/usr/lib	@rpath/libiosexec.1.dylib|/usr/lib/libintl.8.dylib|/System/Library/Frameworks/CoreFoundation.framework/CoreFoundation|/System/Library/Frameworks/CoreServices.framework/CoreServices|/usr/lib/libSystem.B.dylib	YES		/usr/lib|/var/jb/usr/lib	@rpath/libiosexec.1.dylib|@rpath/libintl.8.dylib|/System/Library/Frameworks/CoreFoundation.framework/CoreFoundation|/System/Library/Frameworks/CoreServices.framework/CoreServices|/usr/lib/libSystem.B.dylib	/System/Library/Frameworks/CoreFoundation.framework/CoreFoundation|/System/Library/Frameworks/CoreServices.framework/CoreServices|/usr/lib/libSystem.B.dylib	/usr/lib/libintl.8.dylib	UNKNOWN	YES	MAYBE	YES	YES	RPATH_ADDITION_AND_LOAD_REWRITE	YES_ORACLE_USES_RPATH_MODEL	minos 17.0	sdk 17.2
usr/bin/base64	98fc149509d209d25f1f483aa0e6d5bc26c38309dd850446389047efff350515	0A12A7B0-671F-32AB-BF1A-13BDE1BE0BB6	TBD_BATCH		/usr/lib	@rpath/libiosexec.1.dylib|/usr/lib/libintl.8.dylib|/System/Library/Frameworks/CoreFoundation.framework/CoreFoundation|/System/Library/Frameworks/CoreServices.framework/CoreServices|/usr/lib/libSystem.B.dylib	YES		/usr/lib|/var/jb/usr/lib	@rpath/libiosexec.1.dylib|@rpath/libintl.8.dylib|/System/Library/Frameworks/CoreFoundation.framework/CoreFoundation|/System/Library/Frameworks/CoreServices.framework/CoreServices|/usr/lib/libSystem.B.dylib	/System/Library/Frameworks/CoreFoundation.framework/CoreFoundation|/System/Library/Frameworks/CoreServices.framework/CoreServices|/usr/lib/libSystem.B.dylib	/usr/lib/libintl.8.dylib	UNKNOWN	YES	MAYBE	YES	YES	RPATH_ADDITION_AND_LOAD_REWRITE	YES_ORACLE_USES_RPATH_MODEL	minos 17.0	sdk 17.2
usr/bin/basename	39670915e3967563e5071ab1a2f26cd612b2e21e4e424e2267af694a475bc01b	0B15FC49-167E-3978-BD6D-4F6BF209EDD2	TBD_BATCH		/usr/lib	@rpath/libiosexec.1.dylib|/usr/lib/libintl.8.dylib|/System/Library/Frameworks/CoreFoundation.framework/CoreFoundation|/System/Library/Frameworks/CoreServices.framework/CoreServices|/usr/lib/libSystem.B.dylib	YES		/usr/lib|/var/jb/usr/lib	@rpath/libiosexec.1.dylib|@rpath/libintl.8.dylib|/System/Library/Frameworks/CoreFoundation.framework/CoreFoundation|/System/Library/Frameworks/CoreServices.framework/CoreServices|/usr/lib/libSystem.B.dylib	/System/Library/Frameworks/CoreFoundation.framework/CoreFoundation|/System/Library/Frameworks/CoreServices.framework/CoreServices|/usr/lib/libSystem.B.dylib	/usr/lib/libintl.8.dylib	UNKNOWN	YES	MAYBE	YES	YES	RPATH_ADDITION_AND_LOAD_REWRITE	YES_ORACLE_USES_RPATH_MODEL	minos 17.0	sdk 17.2
usr/bin/basenc	0ec2c223a68f6cef9d522244f701146425184d43d74e9a4cd9484713127dd449	784E200D-C90D-3B5A-A39D-CDEFD223EB44	TBD_BATCH		/usr/lib	@rpath/libiosexec.1.dylib|/usr/lib/libintl.8.dylib|/System/Library/Frameworks/CoreFoundation.framework/CoreFoundation|/System/Library/Frameworks/CoreServices.framework/CoreServices|/usr/lib/libSystem.B.dylib	YES		/usr/lib|/var/jb/usr/lib	@rpath/libiosexec.1.dylib|@rpath/libintl.8.dylib|/System/Library/Frameworks/CoreFoundation.framework/CoreFoundation|/System/Library/Frameworks/CoreServices.framework/CoreServices|/usr/lib/libSystem.B.dylib	/System/Library/Frameworks/CoreFoundation.framework/CoreFoundation|/System/Library/Frameworks/CoreServices.framework/CoreServices|/usr/lib/libSystem.B.dylib	/usr/lib/libintl.8.dylib	UNKNOWN	YES	MAYBE	YES	YES	RPATH_ADDITION_AND_LOAD_REWRITE	YES_ORACLE_USES_RPATH_MODEL	minos 17.0	sdk 17.2
usr/bin/bash	2e046bc4561cb7f038a24d8467511212f1be26343df1733050b353ba20e955ba	A3F58AE5-270B-37D1-BB4B-016EA7C47702	TBD_BATCH		/usr/lib	@rpath/libiosexec.1.dylib|/usr/lib/libreadline.8.dylib|/usr/lib/libhistory.8.dylib|/usr/lib/libncursesw.6.dylib|/usr/lib/libiconv.2.dylib|/usr/lib/libSystem.B.dylib|/usr/lib/libcharset.1.dylib	YES		/usr/lib|/var/jb/usr/lib	@rpath/libiosexec.1.dylib|@rpath/libreadline.8.dylib|@rpath/libhistory.8.dylib|@rpath/libncursesw.6.dylib|/usr/lib/libiconv.2.dylib|/usr/lib/libSystem.B.dylib|/usr/lib/libcharset.1.dylib	/usr/lib/libiconv.2.dylib|/usr/lib/libSystem.B.dylib|/usr/lib/libcharset.1.dylib	/usr/lib/libreadline.8.dylib|/usr/lib/libhistory.8.dylib|/usr/lib/libncursesw.6.dylib	UNKNOWN	YES	MAYBE	YES	YES	RPATH_ADDITION_AND_LOAD_REWRITE	YES_ORACLE_USES_RPATH_MODEL	minos 17.0	sdk 17.2
usr/bin/cat	3f7275ed0ae762f72cc4db9333342dbc11796438305c7209741f4dadc6b38cdf	0F4A09D7-E9CA-39F6-9201-4BD94F169793	TBD_BATCH		/usr/lib	@rpath/libiosexec.1.dylib|/usr/lib/libintl.8.dylib|/System/Library/Frameworks/CoreFoundation.framework/CoreFoundation|/System/Library/Frameworks/CoreServices.framework/CoreServices|/usr/lib/libSystem.B.dylib	YES		/usr/lib|/var/jb/usr/lib	@rpath/libiosexec.1.dylib|@rpath/libintl.8.dylib|/System/Library/Frameworks/CoreFoundation.framework/CoreFoundation|/System/Library/Frameworks/CoreServices.framework/CoreServices|/usr/lib/libSystem.B.dylib	/System/Library/Frameworks/CoreFoundation.framework/CoreFoundation|/System/Library/Frameworks/CoreServices.framework/CoreServices|/usr/lib/libSystem.B.dylib	/usr/lib/libintl.8.dylib	UNKNOWN	YES	MAYBE	YES	YES	RPATH_ADDITION_AND_LOAD_REWRITE	YES_ORACLE_USES_RPATH_MODEL	minos 17.0	sdk 17.2
usr/bin/chcon	482bf59c3e0c036edfdeaa40e5df98fdae978ce69807dd1433753b764cb2dcf5	B9CE48E5-95C6-3C90-B42A-577F3FBD92D7	TBD_BATCH		/usr/lib	@rpath/libiosexec.1.dylib|/usr/lib/libintl.8.dylib|/System/Library/Frameworks/CoreFoundation.framework/CoreFoundation|/System/Library/Frameworks/CoreServices.framework/CoreServices|/usr/lib/libSystem.B.dylib	YES		/usr/lib|/var/jb/usr/lib	@rpath/libiosexec.1.dylib|@rpath/libintl.8.dylib|/System/Library/Frameworks/CoreFoundation.framework/CoreFoundation|/System/Library/Frameworks/CoreServices.framework/CoreServices|/usr/lib/libSystem.B.dylib	/System/Library/Frameworks/CoreFoundation.framework/CoreFoundation|/System/Library/Frameworks/CoreServices.framework/CoreServices|/usr/lib/libSystem.B.dylib	/usr/lib/libintl.8.dylib	UNKNOWN	YES	MAYBE	YES	YES	RPATH_ADDITION_AND_LOAD_REWRITE	YES_ORACLE_USES_RPATH_MODEL	minos 17.0	sdk 17.2
usr/bin/chflags	0bb1e2545b588c0cf821143d35f3307d0c0670aea81534bac696556890439111	71CFDF99-C315-360E-A874-523F1E1DF5A6	TBD_BATCH		/usr/lib	@rpath/libiosexec.1.dylib|/usr/lib/libSystem.B.dylib	NO		/usr/lib	@rpath/libiosexec.1.dylib|/usr/lib/libSystem.B.dylib	/usr/lib/libSystem.B.dylib		UNKNOWN	NO	NO	NO	NO	NO_REWRITE	YES_ORACLE_USES_RPATH_MODEL	minos 17.0	sdk 17.2
usr/bin/chgrp	07150f3b85755add80670400fdfebb7b1d22ee9d63144a626ec08ba2a5052a84	FCAC5C4E-BD4E-3E89-89A5-A7E714226C7A	TBD_BATCH		/usr/lib	@rpath/libiosexec.1.dylib|/usr/lib/libintl.8.dylib|/System/Library/Frameworks/CoreFoundation.framework/CoreFoundation|/System/Library/Frameworks/CoreServices.framework/CoreServices|/usr/lib/libSystem.B.dylib	YES		/usr/lib|/var/jb/usr/lib	@rpath/libiosexec.1.dylib|@rpath/libintl.8.dylib|/System/Library/Frameworks/CoreFoundation.framework/CoreFoundation|/System/Library/Frameworks/CoreServices.framework/CoreServices|/usr/lib/libSystem.B.dylib	/System/Library/Frameworks/CoreFoundation.framework/CoreFoundation|/System/Library/Frameworks/CoreServices.framework/CoreServices|/usr/lib/libSystem.B.dylib	/usr/lib/libintl.8.dylib	UNKNOWN	YES	MAYBE	YES	YES	RPATH_ADDITION_AND_LOAD_REWRITE	YES_ORACLE_USES_RPATH_MODEL	minos 17.0	sdk 17.2
usr/bin/chmod	ccf9ef510630f2e6a45142bf246948e35d29c7e40bbe9a1693e2c29f5e2287c6	2C28C618-3E2F-3515-8F4F-99CE79E7C479	TBD_BATCH		/usr/lib	@rpath/libiosexec.1.dylib|/usr/lib/libintl.8.dylib|/System/Library/Frameworks/CoreFoundation.framework/CoreFoundation|/System/Library/Frameworks/CoreServices.framework/CoreServices|/usr/lib/libSystem.B.dylib	YES		/usr/lib|/var/jb/usr/lib	@rpath/libiosexec.1.dylib|@rpath/libintl.8.dylib|/System/Library/Frameworks/CoreFoundation.framework/CoreFoundation|/System/Library/Frameworks/CoreServices.framework/CoreServices|/usr/lib/libSystem.B.dylib	/System/Library/Frameworks/CoreFoundation.framework/CoreFoundation|/System/Library/Frameworks/CoreServices.framework/CoreServices|/usr/lib/libSystem.B.dylib	/usr/lib/libintl.8.dylib	UNKNOWN	YES	MAYBE	YES	YES	RPATH_ADDITION_AND_LOAD_REWRITE	YES_ORACLE_USES_RPATH_MODEL	minos 17.0	sdk 17.2
usr/bin/chown	04993153bd53441b37ff6fe450e90b5faf060567261257b7506696b9883f65db	DC77EBBE-5339-3CDD-B5FF-4E79A6CDE390	TBD_BATCH		/usr/lib	@rpath/libiosexec.1.dylib|/usr/lib/libintl.8.dylib|/System/Library/Frameworks/CoreFoundation.framework/CoreFoundation|/System/Library/Frameworks/CoreServices.framework/CoreServices|/usr/lib/libSystem.B.dylib	YES		/usr/lib|/var/jb/usr/lib	@rpath/libiosexec.1.dylib|@rpath/libintl.8.dylib|/System/Library/Frameworks/CoreFoundation.framework/CoreFoundation|/System/Library/Frameworks/CoreServices.framework/CoreServices|/usr/lib/libSystem.B.dylib	/System/Library/Frameworks/CoreFoundation.framework/CoreFoundation|/System/Library/Frameworks/CoreServices.framework/CoreServices|/usr/lib/libSystem.B.dylib	/usr/lib/libintl.8.dylib	UNKNOWN	YES	MAYBE	YES	YES	RPATH_ADDITION_AND_LOAD_REWRITE	YES_ORACLE_USES_RPATH_MODEL	minos 17.0	sdk 17.2
usr/bin/chpass	e8310a0846aa8e6cb7ed838703c885eb052f1ef67283a2690156f6118aa41d86	D2454BC3-706B-351C-9B19-84EB1EE3A757	TBD_BATCH		/usr/lib	@rpath/libiosexec.1.dylib|/usr/lib/libcrypt.2.dylib|/usr/lib/libSystem.B.dylib	YES		/usr/lib|/var/jb/usr/lib	@rpath/libiosexec.1.dylib|@rpath/libcrypt.2.dylib|/usr/lib/libSystem.B.dylib	/usr/lib/libSystem.B.dylib	/usr/lib/libcrypt.2.dylib	UNKNOWN	YES	MAYBE	YES	YES	RPATH_ADDITION_AND_LOAD_REWRITE	YES_ORACLE_USES_RPATH_MODEL	minos 17.0	sdk 17.2
usr/bin/chroot	437e3d14ffb533f7fd05751723b20b70a13cbad4eedab2a26c023421291def57	66F5262A-104F-3EA2-82ED-DF0C26C2D063	TBD_BATCH		/usr/lib	@rpath/libiosexec.1.dylib|/usr/lib/libintl.8.dylib|/System/Library/Frameworks/CoreFoundation.framework/CoreFoundation|/System/Library/Frameworks/CoreServices.framework/CoreServices|/usr/lib/libSystem.B.dylib	YES		/usr/lib|/var/jb/usr/lib	@rpath/libiosexec.1.dylib|@rpath/libintl.8.dylib|/System/Library/Frameworks/CoreFoundation.framework/CoreFoundation|/System/Library/Frameworks/CoreServices.framework/CoreServices|/usr/lib/libSystem.B.dylib	/System/Library/Frameworks/CoreFoundation.framework/CoreFoundation|/System/Library/Frameworks/CoreServices.framework/CoreServices|/usr/lib/libSystem.B.dylib	/usr/lib/libintl.8.dylib	UNKNOWN	YES	MAYBE	YES	YES	RPATH_ADDITION_AND_LOAD_REWRITE	YES_ORACLE_USES_RPATH_MODEL	minos 17.0	sdk 17.2
usr/bin/cksum	a06fb2a00efc0fc26fa260462d0cfaecb2359d698f565bab9523440fad115f6e	99A8C016-3CB8-389D-9EE8-F0F0735C9059	TBD_BATCH		/usr/lib	@rpath/libiosexec.1.dylib|/usr/lib/libintl.8.dylib|/System/Library/Frameworks/CoreFoundation.framework/CoreFoundation|/System/Library/Frameworks/CoreServices.framework/CoreServices|/usr/lib/libcrypto.3.dylib|/usr/lib/libSystem.B.dylib	YES		/usr/lib|/var/jb/usr/lib	@rpath/libiosexec.1.dylib|@rpath/libintl.8.dylib|/System/Library/Frameworks/CoreFoundation.framework/CoreFoundation|/System/Library/Frameworks/CoreServices.framework/CoreServices|@rpath/libcrypto.3.dylib|/usr/lib/libSystem.B.dylib	/System/Library/Frameworks/CoreFoundation.framework/CoreFoundation|/System/Library/Frameworks/CoreServices.framework/CoreServices|/usr/lib/libSystem.B.dylib	/usr/lib/libintl.8.dylib|/usr/lib/libcrypto.3.dylib	UNKNOWN	YES	MAYBE	YES	YES	RPATH_ADDITION_AND_LOAD_REWRITE	YES_ORACLE_USES_RPATH_MODEL	minos 17.0	sdk 17.2
usr/bin/clear	49219483d53cb9051734c02f4bba33d3ef72ac81b7c0e4eb57c671396178af9e	5F3F980B-01C7-304B-B925-B46BF791C395	TBD_BATCH		/usr/lib	@rpath/libiosexec.1.dylib|/usr/lib/libncursesw.6.dylib|/usr/lib/libSystem.B.dylib	YES		/usr/lib|/var/jb/usr/lib	@rpath/libiosexec.1.dylib|@rpath/libncursesw.6.dylib|/usr/lib/libSystem.B.dylib	/usr/lib/libSystem.B.dylib	/usr/lib/libncursesw.6.dylib	UNKNOWN	YES	MAYBE	YES	YES	RPATH_ADDITION_AND_LOAD_REWRITE	YES_ORACLE_USES_RPATH_MODEL	minos 17.0	sdk 17.2
usr/bin/cmp	244224bef3713e78591a0bf359885c2af48e933d3bfefa0a8c62541696572f6b	6768DF75-7BAA-3FF5-9138-85EE9CCF8FA4	TBD_BATCH		/usr/lib	@rpath/libiosexec.1.dylib|/usr/lib/libintl.8.dylib|/System/Library/Frameworks/CoreFoundation.framework/CoreFoundation|/usr/lib/libiconv.2.dylib|/usr/lib/libSystem.B.dylib	YES		/usr/lib|/var/jb/usr/lib	@rpath/libiosexec.1.dylib|@rpath/libintl.8.dylib|/System/Library/Frameworks/CoreFoundation.framework/CoreFoundation|/usr/lib/libiconv.2.dylib|/usr/lib/libSystem.B.dylib	/System/Library/Frameworks/CoreFoundation.framework/CoreFoundation|/usr/lib/libiconv.2.dylib|/usr/lib/libSystem.B.dylib	/usr/lib/libintl.8.dylib	UNKNOWN	YES	MAYBE	YES	YES	RPATH_ADDITION_AND_LOAD_REWRITE	YES_ORACLE_USES_RPATH_MODEL	minos 17.0	sdk 17.2
usr/bin/comm	6ed9a0ec3fe5e83ce4fdf88ad7d1737d4dbd987b40abab6fb076744a26fbe106	B9462CF4-B9DD-3E7A-BF7F-16201AAD46FB	TBD_BATCH		/usr/lib	@rpath/libiosexec.1.dylib|/usr/lib/libintl.8.dylib|/System/Library/Frameworks/CoreFoundation.framework/CoreFoundation|/System/Library/Frameworks/CoreServices.framework/CoreServices|/usr/lib/libSystem.B.dylib	YES		/usr/lib|/var/jb/usr/lib	@rpath/libiosexec.1.dylib|@rpath/libintl.8.dylib|/System/Library/Frameworks/CoreFoundation.framework/CoreFoundation|/System/Library/Frameworks/CoreServices.framework/CoreServices|/usr/lib/libSystem.B.dylib	/System/Library/Frameworks/CoreFoundation.framework/CoreFoundation|/System/Library/Frameworks/CoreServices.framework/CoreServices|/usr/lib/libSystem.B.dylib	/usr/lib/libintl.8.dylib	UNKNOWN	YES	MAYBE	YES	YES	RPATH_ADDITION_AND_LOAD_REWRITE	YES_ORACLE_USES_RPATH_MODEL	minos 17.0	sdk 17.2
usr/bin/compress	14b9142f8cf1d0691e8f6cda0f4317ee23e9620544feec32b6f2cddf1c60ecff	BDD1D909-0C6D-316A-90D7-BC23E19EFA6E	TBD_BATCH		/usr/lib	@rpath/libiosexec.1.dylib|/usr/lib/libSystem.B.dylib	NO		/usr/lib	@rpath/libiosexec.1.dylib|/usr/lib/libSystem.B.dylib	/usr/lib/libSystem.B.dylib		UNKNOWN	NO	NO	NO	NO	NO_REWRITE	YES_ORACLE_USES_RPATH_MODEL	minos 17.0	sdk 17.2
usr/bin/cp	9c0bf765f12141df83d23a1f8c11a243d039bc104040cc49dc1e1e9d3e15e41f	175533C2-02A5-382D-97BD-CF2FE95B4958	TBD_BATCH		/usr/lib	@rpath/libiosexec.1.dylib|/usr/lib/libintl.8.dylib|/System/Library/Frameworks/CoreFoundation.framework/CoreFoundation|/System/Library/Frameworks/CoreServices.framework/CoreServices|/usr/lib/libSystem.B.dylib	YES		/usr/lib|/var/jb/usr/lib	@rpath/libiosexec.1.dylib|@rpath/libintl.8.dylib|/System/Library/Frameworks/CoreFoundation.framework/CoreFoundation|/System/Library/Frameworks/CoreServices.framework/CoreServices|/usr/lib/libSystem.B.dylib	/System/Library/Frameworks/CoreFoundation.framework/CoreFoundation|/System/Library/Frameworks/CoreServices.framework/CoreServices|/usr/lib/libSystem.B.dylib	/usr/lib/libintl.8.dylib	UNKNOWN	YES	MAYBE	YES	YES	RPATH_ADDITION_AND_LOAD_REWRITE	YES_ORACLE_USES_RPATH_MODEL	minos 17.0	sdk 17.2
usr/bin/cpuctl	9b6e45c2ce041d138db53b3c65f6fbb71939d887714cbf770db52d665dcc1a09	D432C18A-555D-30D2-8A5E-8F46B373F571	TBD_BATCH		/usr/lib	@rpath/libiosexec.1.dylib|/System/Library/Frameworks/CoreFoundation.framework/CoreFoundation|/System/Library/Frameworks/IOKit.framework/Versions/A/IOKit|/usr/lib/libSystem.B.dylib	NO		/usr/lib	@rpath/libiosexec.1.dylib|/System/Library/Frameworks/CoreFoundation.framework/CoreFoundation|/System/Library/Frameworks/IOKit.framework/Versions/A/IOKit|/usr/lib/libSystem.B.dylib	/System/Library/Frameworks/CoreFoundation.framework/CoreFoundation|/System/Library/Frameworks/IOKit.framework/Versions/A/IOKit|/usr/lib/libSystem.B.dylib		UNKNOWN	NO	NO	NO	NO	NO_REWRITE	YES_ORACLE_USES_RPATH_MODEL	minos 17.0	sdk 17.2
usr/bin/csplit	1a4f7d7f489439fbab84c8cc1eca73d21d80856f83051ecfcf49a8a5edd94de1	5F3BF8F8-7459-3081-8674-B101DC554FCF	TBD_BATCH		/usr/lib	@rpath/libiosexec.1.dylib|/usr/lib/libintl.8.dylib|/System/Library/Frameworks/CoreFoundation.framework/CoreFoundation|/System/Library/Frameworks/CoreServices.framework/CoreServices|/usr/lib/libSystem.B.dylib	YES		/usr/lib|/var/jb/usr/lib	@rpath/libiosexec.1.dylib|@rpath/libintl.8.dylib|/System/Library/Frameworks/CoreFoundation.framework/CoreFoundation|/System/Library/Frameworks/CoreServices.framework/CoreServices|/usr/lib/libSystem.B.dylib	/System/Library/Frameworks/CoreFoundation.framework/CoreFoundation|/System/Library/Frameworks/CoreServices.framework/CoreServices|/usr/lib/libSystem.B.dylib	/usr/lib/libintl.8.dylib	UNKNOWN	YES	MAYBE	YES	YES	RPATH_ADDITION_AND_LOAD_REWRITE	YES_ORACLE_USES_RPATH_MODEL	minos 17.0	sdk 17.2
usr/bin/cut	1bdab9effce1abf7239580f79ef2cbf521091bf3fc53e79184cd63d10496c464	54BE6DCB-E6BF-3E59-AA02-7104DD766F15	TBD_BATCH		/usr/lib	@rpath/libiosexec.1.dylib|/usr/lib/libintl.8.dylib|/System/Library/Frameworks/CoreFoundation.framework/CoreFoundation|/System/Library/Frameworks/CoreServices.framework/CoreServices|/usr/lib/libSystem.B.dylib	YES		/usr/lib|/var/jb/usr/lib	@rpath/libiosexec.1.dylib|@rpath/libintl.8.dylib|/System/Library/Frameworks/CoreFoundation.framework/CoreFoundation|/System/Library/Frameworks/CoreServices.framework/CoreServices|/usr/lib/libSystem.B.dylib	/System/Library/Frameworks/CoreFoundation.framework/CoreFoundation|/System/Library/Frameworks/CoreServices.framework/CoreServices|/usr/lib/libSystem.B.dylib	/usr/lib/libintl.8.dylib	UNKNOWN	YES	MAYBE	YES	YES	RPATH_ADDITION_AND_LOAD_REWRITE	YES_ORACLE_USES_RPATH_MODEL	minos 17.0	sdk 17.2
usr/bin/cvtsudoers	7032dbfcc981ed1912563d749abd9e23b2d7cb439dc163f3bb2fd3acb7b65392	ACEE3E02-B978-3699-BA07-E9B63B896E0E	TBD_BATCH		/usr/lib	/usr/libexec/sudo/libsudo_util.0.dylib|@rpath/libiosexec.1.dylib|/usr/lib/libintl.8.dylib|/usr/lib/libcrypto.3.dylib|/usr/lib/libSystem.B.dylib	YES		/usr/lib|/var/jb/usr/lib	/usr/libexec/sudo/libsudo_util.0.dylib|@rpath/libiosexec.1.dylib|@rpath/libintl.8.dylib|@rpath/libcrypto.3.dylib|/usr/lib/libSystem.B.dylib	/usr/lib/libSystem.B.dylib	/usr/lib/libintl.8.dylib|/usr/lib/libcrypto.3.dylib	UNKNOWN	YES	MAYBE	YES	YES	RPATH_ADDITION_AND_LOAD_REWRITE	YES_ORACLE_USES_RPATH_MODEL	minos 17.0	sdk 17.2
usr/bin/dash	42cc0cf4a622ed2338e1dfa22b05bd4295def1446b953ec9ef40cfe4ddee0b0e	09E0BBD2-2DA1-32D7-AFD2-17F51B999CD3	TBD_BATCH		/usr/lib	@rpath/libiosexec.1.dylib|/usr/lib/libedit.0.dylib|/usr/lib/libSystem.B.dylib	YES		/usr/lib|/var/jb/usr/lib	@rpath/libiosexec.1.dylib|@rpath/libedit.0.dylib|/usr/lib/libSystem.B.dylib	/usr/lib/libSystem.B.dylib	/usr/lib/libedit.0.dylib	UNKNOWN	YES	MAYBE	YES	YES	RPATH_ADDITION_AND_LOAD_REWRITE	YES_ORACLE_USES_RPATH_MODEL	minos 17.0	sdk 17.2
usr/bin/date	ac3c231964c876d35e07dc00542ed037d7c88ecb115c573291bab726a6debe02	15885AFB-9ECC-3948-A03B-EF774DA2B777	TBD_BATCH		/usr/lib	@rpath/libiosexec.1.dylib|/usr/lib/libintl.8.dylib|/System/Library/Frameworks/CoreFoundation.framework/CoreFoundation|/System/Library/Frameworks/CoreServices.framework/CoreServices|/usr/lib/libSystem.B.dylib	YES		/usr/lib|/var/jb/usr/lib	@rpath/libiosexec.1.dylib|@rpath/libintl.8.dylib|/System/Library/Frameworks/CoreFoundation.framework/CoreFoundation|/System/Library/Frameworks/CoreServices.framework/CoreServices|/usr/lib/libSystem.B.dylib	/System/Library/Frameworks/CoreFoundation.framework/CoreFoundation|/System/Library/Frameworks/CoreServices.framework/CoreServices|/usr/lib/libSystem.B.dylib	/usr/lib/libintl.8.dylib	UNKNOWN	YES	MAYBE	YES	YES	RPATH_ADDITION_AND_LOAD_REWRITE	YES_ORACLE_USES_RPATH_MODEL	minos 17.0	sdk 17.2
usr/bin/dd	14f781d28e294947215f545f208f6c59070bee0e82411df2c52bcc45b706e0b1	255655CF-A05F-32B2-A1AC-02772E1AFAF6	TBD_BATCH		/usr/lib	@rpath/libiosexec.1.dylib|/usr/lib/libintl.8.dylib|/System/Library/Frameworks/CoreFoundation.framework/CoreFoundation|/System/Library/Frameworks/CoreServices.framework/CoreServices|/usr/lib/libSystem.B.dylib	YES		/usr/lib|/var/jb/usr/lib	@rpath/libiosexec.1.dylib|@rpath/libintl.8.dylib|/System/Library/Frameworks/CoreFoundation.framework/CoreFoundation|/System/Library/Frameworks/CoreServices.framework/CoreServices|/usr/lib/libSystem.B.dylib	/System/Library/Frameworks/CoreFoundation.framework/CoreFoundation|/System/Library/Frameworks/CoreServices.framework/CoreServices|/usr/lib/libSystem.B.dylib	/usr/lib/libintl.8.dylib	UNKNOWN	YES	MAYBE	YES	YES	RPATH_ADDITION_AND_LOAD_REWRITE	YES_ORACLE_USES_RPATH_MODEL	minos 17.0	sdk 17.2
usr/bin/deviceinfo	56d2fa90616b736ffba55537d70f14eef14f8e92a9e6a34a00952687ffadc593	5D6DC15D-CCDE-328B-A3D3-4D8A0587F5F9	TBD_BATCH		/usr/lib	@rpath/libiosexec.1.dylib|/usr/lib/libintl.8.dylib|/System/Library/Frameworks/CoreFoundation.framework/CoreFoundation|/usr/lib/libMobileGestalt.dylib|/System/Library/Frameworks/Foundation.framework/Foundation|/usr/lib/libobjc.A.dylib|/usr/lib/libSystem.B.dylib	YES		/usr/lib|/var/jb/usr/lib	@rpath/libiosexec.1.dylib|@rpath/libintl.8.dylib|/System/Library/Frameworks/CoreFoundation.framework/CoreFoundation|/usr/lib/libMobileGestalt.dylib|/System/Library/Frameworks/Foundation.framework/Foundation|/usr/lib/libobjc.A.dylib|/usr/lib/libSystem.B.dylib	/System/Library/Frameworks/CoreFoundation.framework/CoreFoundation|/usr/lib/libMobileGestalt.dylib|/System/Library/Frameworks/Foundation.framework/Foundation|/usr/lib/libobjc.A.dylib|/usr/lib/libSystem.B.dylib	/usr/lib/libintl.8.dylib	UNKNOWN	YES	MAYBE	YES	YES	RPATH_ADDITION_AND_LOAD_REWRITE	YES_ORACLE_USES_RPATH_MODEL	minos 17.0	sdk 17.2
usr/bin/diff	0566d868f236a32275ddcc52511468437c0d1553410edfebdf57250d24d5e815	D3F41A2D-95F5-3372-AB32-33CA4946596E	TBD_BATCH		/usr/lib	@rpath/libiosexec.1.dylib|/usr/lib/libintl.8.dylib|/System/Library/Frameworks/CoreFoundation.framework/CoreFoundation|/usr/lib/libiconv.2.dylib|/usr/lib/libSystem.B.dylib	YES		/usr/lib|/var/jb/usr/lib	@rpath/libiosexec.1.dylib|@rpath/libintl.8.dylib|/System/Library/Frameworks/CoreFoundation.framework/CoreFoundation|/usr/lib/libiconv.2.dylib|/usr/lib/libSystem.B.dylib	/System/Library/Frameworks/CoreFoundation.framework/CoreFoundation|/usr/lib/libiconv.2.dylib|/usr/lib/libSystem.B.dylib	/usr/lib/libintl.8.dylib	UNKNOWN	YES	MAYBE	YES	YES	RPATH_ADDITION_AND_LOAD_REWRITE	YES_ORACLE_USES_RPATH_MODEL	minos 17.0	sdk 17.2
usr/bin/diff3	1a851be09765c777c6b0cf61a46bbc506441b4cff83519c50169dfe3b3193f7a	E60FFAD0-D0D1-3900-8DAE-EECCBAFD4545	TBD_BATCH		/usr/lib	@rpath/libiosexec.1.dylib|/usr/lib/libintl.8.dylib|/System/Library/Frameworks/CoreFoundation.framework/CoreFoundation|/usr/lib/libiconv.2.dylib|/usr/lib/libSystem.B.dylib	YES		/usr/lib|/var/jb/usr/lib	@rpath/libiosexec.1.dylib|@rpath/libintl.8.dylib|/System/Library/Frameworks/CoreFoundation.framework/CoreFoundation|/usr/lib/libiconv.2.dylib|/usr/lib/libSystem.B.dylib	/System/Library/Frameworks/CoreFoundation.framework/CoreFoundation|/usr/lib/libiconv.2.dylib|/usr/lib/libSystem.B.dylib	/usr/lib/libintl.8.dylib	UNKNOWN	YES	MAYBE	YES	YES	RPATH_ADDITION_AND_LOAD_REWRITE	YES_ORACLE_USES_RPATH_MODEL	minos 17.0	sdk 17.2
usr/bin/dir	114959d28dab3b8d6b72a233316f91add62fc3528584596bc5d099396540b7bf	3CE0C60B-C44C-37CA-A825-BB369069759D	TBD_BATCH		/usr/lib	@rpath/libiosexec.1.dylib|/usr/lib/libintl.8.dylib|/System/Library/Frameworks/CoreFoundation.framework/CoreFoundation|/System/Library/Frameworks/CoreServices.framework/CoreServices|/usr/lib/libSystem.B.dylib	YES		/usr/lib|/var/jb/usr/lib	@rpath/libiosexec.1.dylib|@rpath/libintl.8.dylib|/System/Library/Frameworks/CoreFoundation.framework/CoreFoundation|/System/Library/Frameworks/CoreServices.framework/CoreServices|/usr/lib/libSystem.B.dylib	/System/Library/Frameworks/CoreFoundation.framework/CoreFoundation|/System/Library/Frameworks/CoreServices.framework/CoreServices|/usr/lib/libSystem.B.dylib	/usr/lib/libintl.8.dylib	UNKNOWN	YES	MAYBE	YES	YES	RPATH_ADDITION_AND_LOAD_REWRITE	YES_ORACLE_USES_RPATH_MODEL	minos 17.0	sdk 17.2
usr/bin/dircolors	22f312b5cbeb58ffae4e0a377243f2081405ae6fbe40b4e298d7ba0dd6020572	40DE90B8-EB86-3FE5-983D-655F54A75A3D	TBD_BATCH		/usr/lib	@rpath/libiosexec.1.dylib|/usr/lib/libintl.8.dylib|/System/Library/Frameworks/CoreFoundation.framework/CoreFoundation|/System/Library/Frameworks/CoreServices.framework/CoreServices|/usr/lib/libSystem.B.dylib	YES		/usr/lib|/var/jb/usr/lib	@rpath/libiosexec.1.dylib|@rpath/libintl.8.dylib|/System/Library/Frameworks/CoreFoundation.framework/CoreFoundation|/System/Library/Frameworks/CoreServices.framework/CoreServices|/usr/lib/libSystem.B.dylib	/System/Library/Frameworks/CoreFoundation.framework/CoreFoundation|/System/Library/Frameworks/CoreServices.framework/CoreServices|/usr/lib/libSystem.B.dylib	/usr/lib/libintl.8.dylib	UNKNOWN	YES	MAYBE	YES	YES	RPATH_ADDITION_AND_LOAD_REWRITE	YES_ORACLE_USES_RPATH_MODEL	minos 17.0	sdk 17.2
usr/bin/dirname	391adf5723b8afc546fa174e574dcb4d12162d2d780a6bd46b3d456eebd91224	4FC7B782-F4BD-38FD-BF27-19D8131314FC	TBD_BATCH		/usr/lib	@rpath/libiosexec.1.dylib|/usr/lib/libintl.8.dylib|/System/Library/Frameworks/CoreFoundation.framework/CoreFoundation|/System/Library/Frameworks/CoreServices.framework/CoreServices|/usr/lib/libSystem.B.dylib	YES		/usr/lib|/var/jb/usr/lib	@rpath/libiosexec.1.dylib|@rpath/libintl.8.dylib|/System/Library/Frameworks/CoreFoundation.framework/CoreFoundation|/System/Library/Frameworks/CoreServices.framework/CoreServices|/usr/lib/libSystem.B.dylib	/System/Library/Frameworks/CoreFoundation.framework/CoreFoundation|/System/Library/Frameworks/CoreServices.framework/CoreServices|/usr/lib/libSystem.B.dylib	/usr/lib/libintl.8.dylib	UNKNOWN	YES	MAYBE	YES	YES	RPATH_ADDITION_AND_LOAD_REWRITE	YES_ORACLE_USES_RPATH_MODEL	minos 17.0	sdk 17.2
usr/bin/dpkg	baa43f2f1f5e3890bb03a094b4649f35b06d6b16c047eec4c3dafc66754a9a2d	6A76570D-ABEE-3A22-99B3-B27C9F171DFE	TBD_BATCH		/usr/lib	/System/Library/Frameworks/CoreFoundation.framework/CoreFoundation|/usr/lib/libz-ng.2.dylib|/usr/lib/libzstd.1.dylib|/usr/lib/libbz2.1.0.dylib|/usr/lib/libmd.0.dylib|/usr/lib/libintl.8.dylib|@rpath/libiosexec.1.dylib|/usr/lib/libSystem.B.dylib	YES		/usr/lib|/var/jb/usr/lib	/System/Library/Frameworks/CoreFoundation.framework/CoreFoundation|@rpath/libz-ng.2.dylib|@rpath/libzstd.1.dylib|/usr/lib/libbz2.1.0.dylib|@rpath/libmd.0.dylib|@rpath/libintl.8.dylib|@rpath/libiosexec.1.dylib|/usr/lib/libSystem.B.dylib	/System/Library/Frameworks/CoreFoundation.framework/CoreFoundation|/usr/lib/libSystem.B.dylib|/usr/lib/libbz2.1.0.dylib	/usr/lib/libz-ng.2.dylib|/usr/lib/libzstd.1.dylib|/usr/lib/libmd.0.dylib|/usr/lib/libintl.8.dylib	UNKNOWN	YES	MAYBE	YES	YES	RPATH_ADDITION_AND_LOAD_REWRITE	NO_ORACLE_STILL_HAS_ABS	minos 17.0	sdk 17.2
usr/bin/dpkg-deb	e1bcfd33192da38583f52733332e21e5d67adfb955f2e7ddd37303f4def99075	6DAC6E39-12C3-3D12-9163-155EA9BC7A46	TBD_BATCH		/usr/lib	/System/Library/Frameworks/CoreFoundation.framework/CoreFoundation|/usr/local/lib/liblzma.5.dylib|/usr/lib/libz-ng.2.dylib|/usr/lib/libzstd.1.dylib|/usr/lib/libbz2.1.0.dylib|/usr/lib/libmd.0.dylib|/usr/lib/libintl.8.dylib|@rpath/libiosexec.1.dylib|/usr/lib/libSystem.B.dylib	YES		/usr/lib|/var/jb/usr/lib	/System/Library/Frameworks/CoreFoundation.framework/CoreFoundation|@rpath/liblzma.5.dylib|@rpath/libz-ng.2.dylib|@rpath/libzstd.1.dylib|/usr/lib/libbz2.1.0.dylib|@rpath/libmd.0.dylib|@rpath/libintl.8.dylib|@rpath/libiosexec.1.dylib|/usr/lib/libSystem.B.dylib	/System/Library/Frameworks/CoreFoundation.framework/CoreFoundation|/usr/lib/libSystem.B.dylib|/usr/lib/libbz2.1.0.dylib	/usr/local/lib/liblzma.5.dylib|/usr/lib/libz-ng.2.dylib|/usr/lib/libzstd.1.dylib|/usr/lib/libmd.0.dylib|/usr/lib/libintl.8.dylib	UNKNOWN	YES	MAYBE	YES	YES	RPATH_ADDITION_AND_LOAD_REWRITE	NO_ORACLE_STILL_HAS_ABS	minos 17.0	sdk 17.2
usr/bin/dpkg-divert	4bb4341d0980af6423b0d7c342f6a455f4453a6d16e225c625f5de8e58a413d5	0C1AC2A9-7E0C-391C-A6EB-4101F40C25E8	TBD_BATCH		/usr/lib	/System/Library/Frameworks/CoreFoundation.framework/CoreFoundation|/usr/lib/libz-ng.2.dylib|/usr/lib/libzstd.1.dylib|/usr/lib/libbz2.1.0.dylib|/usr/lib/libmd.0.dylib|/usr/lib/libintl.8.dylib|@rpath/libiosexec.1.dylib|/usr/lib/libSystem.B.dylib	YES		/usr/lib|/var/jb/usr/lib	/System/Library/Frameworks/CoreFoundation.framework/CoreFoundation|@rpath/libz-ng.2.dylib|@rpath/libzstd.1.dylib|/usr/lib/libbz2.1.0.dylib|@rpath/libmd.0.dylib|@rpath/libintl.8.dylib|@rpath/libiosexec.1.dylib|/usr/lib/libSystem.B.dylib	/System/Library/Frameworks/CoreFoundation.framework/CoreFoundation|/usr/lib/libSystem.B.dylib|/usr/lib/libbz2.1.0.dylib	/usr/lib/libz-ng.2.dylib|/usr/lib/libzstd.1.dylib|/usr/lib/libmd.0.dylib|/usr/lib/libintl.8.dylib	UNKNOWN	YES	MAYBE	YES	YES	RPATH_ADDITION_AND_LOAD_REWRITE	NO_ORACLE_STILL_HAS_ABS	minos 17.0	sdk 17.2
usr/bin/dpkg-query	5d4325f1189130b0aafe29e88a20b50c4a6a9f0a4a690f8782c18dae7c84e259	D747542C-68B2-3BD0-B333-B5A8238538AE	TBD_BATCH		/usr/lib	/System/Library/Frameworks/CoreFoundation.framework/CoreFoundation|/usr/lib/libz-ng.2.dylib|/usr/lib/libzstd.1.dylib|/usr/lib/libbz2.1.0.dylib|/usr/lib/libmd.0.dylib|/usr/lib/libintl.8.dylib|@rpath/libiosexec.1.dylib|/usr/lib/libSystem.B.dylib	YES		/usr/lib|/var/jb/usr/lib	/System/Library/Frameworks/CoreFoundation.framework/CoreFoundation|@rpath/libz-ng.2.dylib|@rpath/libzstd.1.dylib|/usr/lib/libbz2.1.0.dylib|@rpath/libmd.0.dylib|@rpath/libintl.8.dylib|@rpath/libiosexec.1.dylib|/usr/lib/libSystem.B.dylib	/System/Library/Frameworks/CoreFoundation.framework/CoreFoundation|/usr/lib/libSystem.B.dylib|/usr/lib/libbz2.1.0.dylib	/usr/lib/libz-ng.2.dylib|/usr/lib/libzstd.1.dylib|/usr/lib/libmd.0.dylib|/usr/lib/libintl.8.dylib	UNKNOWN	YES	MAYBE	YES	YES	RPATH_ADDITION_AND_LOAD_REWRITE	NO_ORACLE_STILL_HAS_ABS	minos 17.0	sdk 17.2
usr/bin/dpkg-split	e98ec204d3b2134a444b369f4d627867608506012f2b15c2c456db06af777573	7717CAB5-302B-3F61-A68F-CB5A5406DEAF	TBD_BATCH		/usr/lib	/System/Library/Frameworks/CoreFoundation.framework/CoreFoundation|/usr/lib/libz-ng.2.dylib|/usr/lib/libzstd.1.dylib|/usr/lib/libbz2.1.0.dylib|/usr/lib/libmd.0.dylib|/usr/lib/libintl.8.dylib|@rpath/libiosexec.1.dylib|/usr/lib/libSystem.B.dylib	YES		/usr/lib|/var/jb/usr/lib	/System/Library/Frameworks/CoreFoundation.framework/CoreFoundation|@rpath/libz-ng.2.dylib|@rpath/libzstd.1.dylib|/usr/lib/libbz2.1.0.dylib|@rpath/libmd.0.dylib|@rpath/libintl.8.dylib|@rpath/libiosexec.1.dylib|/usr/lib/libSystem.B.dylib	/System/Library/Frameworks/CoreFoundation.framework/CoreFoundation|/usr/lib/libSystem.B.dylib|/usr/lib/libbz2.1.0.dylib	/usr/lib/libz-ng.2.dylib|/usr/lib/libzstd.1.dylib|/usr/lib/libmd.0.dylib|/usr/lib/libintl.8.dylib	UNKNOWN	YES	MAYBE	YES	YES	RPATH_ADDITION_AND_LOAD_REWRITE	NO_ORACLE_STILL_HAS_ABS	minos 17.0	sdk 17.2
usr/bin/dpkg-statoverride	17c30722d813a6b0a1b4bef3d09a3677db57804e0918b72b3347e3302b992428	6C4DC794-72DB-3D4B-9E5B-6855DFB195FA	TBD_BATCH		/usr/lib	/System/Library/Frameworks/CoreFoundation.framework/CoreFoundation|/usr/lib/libz-ng.2.dylib|/usr/lib/libzstd.1.dylib|/usr/lib/libbz2.1.0.dylib|/usr/lib/libmd.0.dylib|/usr/lib/libintl.8.dylib|@rpath/libiosexec.1.dylib|/usr/lib/libSystem.B.dylib	YES		/usr/lib|/var/jb/usr/lib	/System/Library/Frameworks/CoreFoundation.framework/CoreFoundation|@rpath/libz-ng.2.dylib|@rpath/libzstd.1.dylib|/usr/lib/libbz2.1.0.dylib|@rpath/libmd.0.dylib|@rpath/libintl.8.dylib|@rpath/libiosexec.1.dylib|/usr/lib/libSystem.B.dylib	/System/Library/Frameworks/CoreFoundation.framework/CoreFoundation|/usr/lib/libSystem.B.dylib|/usr/lib/libbz2.1.0.dylib	/usr/lib/libz-ng.2.dylib|/usr/lib/libzstd.1.dylib|/usr/lib/libmd.0.dylib|/usr/lib/libintl.8.dylib	UNKNOWN	YES	MAYBE	YES	YES	RPATH_ADDITION_AND_LOAD_REWRITE	NO_ORACLE_STILL_HAS_ABS	minos 17.0	sdk 17.2
usr/bin/dpkg-trigger	1c1e7a17bfd6e5313b2f4e21962fbb828e2c9a23fedc5d49d8b731f209b32711	25FF734F-0648-339E-B725-116155AA1D28	TBD_BATCH		/usr/lib	/System/Library/Frameworks/CoreFoundation.framework/CoreFoundation|/usr/lib/libz-ng.2.dylib|/usr/lib/libzstd.1.dylib|/usr/lib/libbz2.1.0.dylib|/usr/lib/libmd.0.dylib|/usr/lib/libintl.8.dylib|@rpath/libiosexec.1.dylib|/usr/lib/libSystem.B.dylib	YES		/usr/lib|/var/jb/usr/lib	/System/Library/Frameworks/CoreFoundation.framework/CoreFoundation|@rpath/libz-ng.2.dylib|@rpath/libzstd.1.dylib|/usr/lib/libbz2.1.0.dylib|@rpath/libmd.0.dylib|@rpath/libintl.8.dylib|@rpath/libiosexec.1.dylib|/usr/lib/libSystem.B.dylib	/System/Library/Frameworks/CoreFoundation.framework/CoreFoundation|/usr/lib/libSystem.B.dylib|/usr/lib/libbz2.1.0.dylib	/usr/lib/libz-ng.2.dylib|/usr/lib/libzstd.1.dylib|/usr/lib/libmd.0.dylib|/usr/lib/libintl.8.dylib	UNKNOWN	YES	MAYBE	YES	YES	RPATH_ADDITION_AND_LOAD_REWRITE	NO_ORACLE_STILL_HAS_ABS	minos 17.0	sdk 17.2
usr/bin/du	bf5ddc55036c67b7654f7cdb3cbdf2838c2ac7d76d0243bb0009afb663c401b6	E64C72A4-FE9B-3810-BEB1-66F6AECE0F8F	TBD_BATCH		/usr/lib	@rpath/libiosexec.1.dylib|/usr/lib/libintl.8.dylib|/System/Library/Frameworks/CoreFoundation.framework/CoreFoundation|/System/Library/Frameworks/CoreServices.framework/CoreServices|/usr/lib/libSystem.B.dylib	YES		/usr/lib|/var/jb/usr/lib	@rpath/libiosexec.1.dylib|@rpath/libintl.8.dylib|/System/Library/Frameworks/CoreFoundation.framework/CoreFoundation|/System/Library/Frameworks/CoreServices.framework/CoreServices|/usr/lib/libSystem.B.dylib	/System/Library/Frameworks/CoreFoundation.framework/CoreFoundation|/System/Library/Frameworks/CoreServices.framework/CoreServices|/usr/lib/libSystem.B.dylib	/usr/lib/libintl.8.dylib	UNKNOWN	YES	MAYBE	YES	YES	RPATH_ADDITION_AND_LOAD_REWRITE	YES_ORACLE_USES_RPATH_MODEL	minos 17.0	sdk 17.2
usr/bin/echo	5f1c1df6d94b3ebdad873bd03ac323fa1bfc8e4c0582f270c412d2c7ecbaf5a2	2CFB15B6-723A-3CD0-9522-3FCBA09441D5	TBD_BATCH		/usr/lib	@rpath/libiosexec.1.dylib|/usr/lib/libintl.8.dylib|/System/Library/Frameworks/CoreFoundation.framework/CoreFoundation|/System/Library/Frameworks/CoreServices.framework/CoreServices|/usr/lib/libSystem.B.dylib	YES		/usr/lib|/var/jb/usr/lib	@rpath/libiosexec.1.dylib|@rpath/libintl.8.dylib|/System/Library/Frameworks/CoreFoundation.framework/CoreFoundation|/System/Library/Frameworks/CoreServices.framework/CoreServices|/usr/lib/libSystem.B.dylib	/System/Library/Frameworks/CoreFoundation.framework/CoreFoundation|/System/Library/Frameworks/CoreServices.framework/CoreServices|/usr/lib/libSystem.B.dylib	/usr/lib/libintl.8.dylib	UNKNOWN	YES	MAYBE	YES	YES	RPATH_ADDITION_AND_LOAD_REWRITE	YES_ORACLE_USES_RPATH_MODEL	minos 17.0	sdk 17.2
usr/bin/env	102c90ef3d5cef7c35278c4389472ffcdcd57f7c25dc6089095bbb42496ea23e	41AC3A41-E5B8-37A9-B9F2-91881A57281A	TBD_BATCH		/usr/lib	@rpath/libiosexec.1.dylib|/usr/lib/libintl.8.dylib|/System/Library/Frameworks/CoreFoundation.framework/CoreFoundation|/System/Library/Frameworks/CoreServices.framework/CoreServices|/usr/lib/libSystem.B.dylib	YES		/usr/lib|/var/jb/usr/lib	@rpath/libiosexec.1.dylib|@rpath/libintl.8.dylib|/System/Library/Frameworks/CoreFoundation.framework/CoreFoundation|/System/Library/Frameworks/CoreServices.framework/CoreServices|/usr/lib/libSystem.B.dylib	/System/Library/Frameworks/CoreFoundation.framework/CoreFoundation|/System/Library/Frameworks/CoreServices.framework/CoreServices|/usr/lib/libSystem.B.dylib	/usr/lib/libintl.8.dylib	UNKNOWN	YES	MAYBE	YES	YES	RPATH_ADDITION_AND_LOAD_REWRITE	YES_ORACLE_USES_RPATH_MODEL	minos 17.0	sdk 17.2
usr/bin/ex-vi	940f21b662e5c9552646691a168e2aa11b385c711d37c16bff85fb1552a02d92	8998E08D-6BF3-31DA-BDA4-638C1991F7AC	TBD_BATCH		/usr/lib	@rpath/libiosexec.1.dylib|/usr/lib/libncursesw.6.dylib|/usr/lib/libSystem.B.dylib	YES		/usr/lib|/var/jb/usr/lib	@rpath/libiosexec.1.dylib|@rpath/libncursesw.6.dylib|/usr/lib/libSystem.B.dylib	/usr/lib/libSystem.B.dylib	/usr/lib/libncursesw.6.dylib	UNKNOWN	YES	MAYBE	YES	YES	RPATH_ADDITION_AND_LOAD_REWRITE	YES_ORACLE_USES_RPATH_MODEL	minos 17.0	sdk 17.2
usr/bin/expand	ecb95ac86ad28d07db10881c14baf9f7df675c261ed4041496ad7ceb2dda6595	210C9D98-EF9B-31D6-A9ED-1795F31DFC24	TBD_BATCH		/usr/lib	@rpath/libiosexec.1.dylib|/usr/lib/libintl.8.dylib|/System/Library/Frameworks/CoreFoundation.framework/CoreFoundation|/System/Library/Frameworks/CoreServices.framework/CoreServices|/usr/lib/libSystem.B.dylib	YES		/usr/lib|/var/jb/usr/lib	@rpath/libiosexec.1.dylib|@rpath/libintl.8.dylib|/System/Library/Frameworks/CoreFoundation.framework/CoreFoundation|/System/Library/Frameworks/CoreServices.framework/CoreServices|/usr/lib/libSystem.B.dylib	/System/Library/Frameworks/CoreFoundation.framework/CoreFoundation|/System/Library/Frameworks/CoreServices.framework/CoreServices|/usr/lib/libSystem.B.dylib	/usr/lib/libintl.8.dylib	UNKNOWN	YES	MAYBE	YES	YES	RPATH_ADDITION_AND_LOAD_REWRITE	YES_ORACLE_USES_RPATH_MODEL	minos 17.0	sdk 17.2
usr/bin/expr	5989208072ab4113db6ae3611c0c17101e636dbd36fe951c5f710f3b95c55ef6	48360196-9849-3F7A-9398-7608C68F0F68	TBD_BATCH		/usr/lib	@rpath/libiosexec.1.dylib|/usr/lib/libintl.8.dylib|/System/Library/Frameworks/CoreFoundation.framework/CoreFoundation|/System/Library/Frameworks/CoreServices.framework/CoreServices|/usr/lib/libgmp.10.dylib|/usr/lib/libSystem.B.dylib	YES		/usr/lib|/var/jb/usr/lib	@rpath/libiosexec.1.dylib|@rpath/libintl.8.dylib|/System/Library/Frameworks/CoreFoundation.framework/CoreFoundation|/System/Library/Frameworks/CoreServices.framework/CoreServices|@rpath/libgmp.10.dylib|/usr/lib/libSystem.B.dylib	/System/Library/Frameworks/CoreFoundation.framework/CoreFoundation|/System/Library/Frameworks/CoreServices.framework/CoreServices|/usr/lib/libSystem.B.dylib	/usr/lib/libintl.8.dylib|/usr/lib/libgmp.10.dylib	UNKNOWN	YES	MAYBE	YES	YES	RPATH_ADDITION_AND_LOAD_REWRITE	YES_ORACLE_USES_RPATH_MODEL	minos 17.0	sdk 17.2
usr/bin/factor	abce97938eaf51b732ab1eacb296040c19923ca5d500bf516d4e14066017000e	07DCED68-EF22-34CF-84B3-7FB742D4174B	TBD_BATCH		/usr/lib	@rpath/libiosexec.1.dylib|/usr/lib/libintl.8.dylib|/System/Library/Frameworks/CoreFoundation.framework/CoreFoundation|/System/Library/Frameworks/CoreServices.framework/CoreServices|/usr/lib/libgmp.10.dylib|/usr/lib/libSystem.B.dylib	YES		/usr/lib|/var/jb/usr/lib	@rpath/libiosexec.1.dylib|@rpath/libintl.8.dylib|/System/Library/Frameworks/CoreFoundation.framework/CoreFoundation|/System/Library/Frameworks/CoreServices.framework/CoreServices|@rpath/libgmp.10.dylib|/usr/lib/libSystem.B.dylib	/System/Library/Frameworks/CoreFoundation.framework/CoreFoundation|/System/Library/Frameworks/CoreServices.framework/CoreServices|/usr/lib/libSystem.B.dylib	/usr/lib/libintl.8.dylib|/usr/lib/libgmp.10.dylib	UNKNOWN	YES	MAYBE	YES	YES	RPATH_ADDITION_AND_LOAD_REWRITE	YES_ORACLE_USES_RPATH_MODEL	minos 17.0	sdk 17.2
usr/bin/false	9a24a9975d10a6162f3d9e8f232def9f0e16905f1b984279a7976679aa60c6ac	F444657B-2B0D-3391-BAF4-8CAC7184A94D	TBD_BATCH		/usr/lib	@rpath/libiosexec.1.dylib|/usr/lib/libintl.8.dylib|/System/Library/Frameworks/CoreFoundation.framework/CoreFoundation|/System/Library/Frameworks/CoreServices.framework/CoreServices|/usr/lib/libSystem.B.dylib	YES		/usr/lib|/var/jb/usr/lib	@rpath/libiosexec.1.dylib|@rpath/libintl.8.dylib|/System/Library/Frameworks/CoreFoundation.framework/CoreFoundation|/System/Library/Frameworks/CoreServices.framework/CoreServices|/usr/lib/libSystem.B.dylib	/System/Library/Frameworks/CoreFoundation.framework/CoreFoundation|/System/Library/Frameworks/CoreServices.framework/CoreServices|/usr/lib/libSystem.B.dylib	/usr/lib/libintl.8.dylib	UNKNOWN	YES	MAYBE	YES	YES	RPATH_ADDITION_AND_LOAD_REWRITE	YES_ORACLE_USES_RPATH_MODEL	minos 17.0	sdk 17.2
usr/bin/find	4c3854bec13aab22aabe02d582634786beea1e8e5bd3707a09cb054d4c649d7c	7BBA75D5-6AC8-3C37-BACE-A8A8DB67AE36	TBD_BATCH		/usr/lib	@rpath/libiosexec.1.dylib|/usr/lib/libintl.8.dylib|/System/Library/Frameworks/CoreFoundation.framework/CoreFoundation|/usr/lib/libSystem.B.dylib	YES		/usr/lib|/var/jb/usr/lib	@rpath/libiosexec.1.dylib|@rpath/libintl.8.dylib|/System/Library/Frameworks/CoreFoundation.framework/CoreFoundation|/usr/lib/libSystem.B.dylib	/System/Library/Frameworks/CoreFoundation.framework/CoreFoundation|/usr/lib/libSystem.B.dylib	/usr/lib/libintl.8.dylib	UNKNOWN	YES	MAYBE	YES	YES	RPATH_ADDITION_AND_LOAD_REWRITE	YES_ORACLE_USES_RPATH_MODEL	minos 17.0	sdk 17.2
usr/bin/fmt	a68382b5d909ea1065cc12ea46efcc496c33e38f0e6f9b8f0d134aa59c46e59e	4F1EC070-0384-3DB3-BAFB-ED55F25B2F99	TBD_BATCH		/usr/lib	@rpath/libiosexec.1.dylib|/usr/lib/libintl.8.dylib|/System/Library/Frameworks/CoreFoundation.framework/CoreFoundation|/System/Library/Frameworks/CoreServices.framework/CoreServices|/usr/lib/libSystem.B.dylib	YES		/usr/lib|/var/jb/usr/lib	@rpath/libiosexec.1.dylib|@rpath/libintl.8.dylib|/System/Library/Frameworks/CoreFoundation.framework/CoreFoundation|/System/Library/Frameworks/CoreServices.framework/CoreServices|/usr/lib/libSystem.B.dylib	/System/Library/Frameworks/CoreFoundation.framework/CoreFoundation|/System/Library/Frameworks/CoreServices.framework/CoreServices|/usr/lib/libSystem.B.dylib	/usr/lib/libintl.8.dylib	UNKNOWN	YES	MAYBE	YES	YES	RPATH_ADDITION_AND_LOAD_REWRITE	YES_ORACLE_USES_RPATH_MODEL	minos 17.0	sdk 17.2
usr/bin/fold	ed009d22d91f1b943160477684502208d20a77f2f2bd56eecfb007343019c444	7D5B0DE2-6D0B-3B15-BA5D-BB7CD685D666	TBD_BATCH		/usr/lib	@rpath/libiosexec.1.dylib|/usr/lib/libintl.8.dylib|/System/Library/Frameworks/CoreFoundation.framework/CoreFoundation|/System/Library/Frameworks/CoreServices.framework/CoreServices|/usr/lib/libSystem.B.dylib	YES		/usr/lib|/var/jb/usr/lib	@rpath/libiosexec.1.dylib|@rpath/libintl.8.dylib|/System/Library/Frameworks/CoreFoundation.framework/CoreFoundation|/System/Library/Frameworks/CoreServices.framework/CoreServices|/usr/lib/libSystem.B.dylib	/System/Library/Frameworks/CoreFoundation.framework/CoreFoundation|/System/Library/Frameworks/CoreServices.framework/CoreServices|/usr/lib/libSystem.B.dylib	/usr/lib/libintl.8.dylib	UNKNOWN	YES	MAYBE	YES	YES	RPATH_ADDITION_AND_LOAD_REWRITE	YES_ORACLE_USES_RPATH_MODEL	minos 17.0	sdk 17.2
usr/bin/fs_usage	994390d7885df219dbd8041125768eb0d6fa7ebae9f5d12f5cbc278ec5eef299	80ED0AF4-C6DA-39FA-8ADB-1D2EBC5C7F44	TBD_BATCH		/usr/lib	@rpath/libiosexec.1.dylib|/System/Library/Frameworks/CoreFoundation.framework/CoreFoundation|/System/Library/Frameworks/IOKit.framework/Versions/A/IOKit|/System/Library/PrivateFrameworks/ktrace.framework/ktrace|/usr/lib/libSystem.B.dylib	NO		/usr/lib	@rpath/libiosexec.1.dylib|/System/Library/Frameworks/CoreFoundation.framework/CoreFoundation|/System/Library/Frameworks/IOKit.framework/Versions/A/IOKit|/System/Library/PrivateFrameworks/ktrace.framework/ktrace|/usr/lib/libSystem.B.dylib	/System/Library/Frameworks/CoreFoundation.framework/CoreFoundation|/System/Library/Frameworks/IOKit.framework/Versions/A/IOKit|/System/Library/PrivateFrameworks/ktrace.framework/ktrace|/usr/lib/libSystem.B.dylib		UNKNOWN	NO	NO	NO	NO	NO_REWRITE	YES_ORACLE_USES_RPATH_MODEL	minos 17.0	sdk 17.2
usr/bin/getconf	225f2fd4ba148cdb00591bf4c69aba36c3f078ef84041a52b8558e6d53926d1a	47C1B04D-A07C-3ED3-88A5-06C81399593F	TBD_BATCH		/usr/lib	@rpath/libiosexec.1.dylib|/System/Library/Frameworks/CoreFoundation.framework/CoreFoundation|/System/Library/Frameworks/IOKit.framework/Versions/A/IOKit|/System/Library/PrivateFrameworks/ktrace.framework/ktrace|/usr/lib/libSystem.B.dylib	NO		/usr/lib	@rpath/libiosexec.1.dylib|/System/Library/Frameworks/CoreFoundation.framework/CoreFoundation|/System/Library/Frameworks/IOKit.framework/Versions/A/IOKit|/System/Library/PrivateFrameworks/ktrace.framework/ktrace|/usr/lib/libSystem.B.dylib	/System/Library/Frameworks/CoreFoundation.framework/CoreFoundation|/System/Library/Frameworks/IOKit.framework/Versions/A/IOKit|/System/Library/PrivateFrameworks/ktrace.framework/ktrace|/usr/lib/libSystem.B.dylib		UNKNOWN	NO	NO	NO	NO	NO_REWRITE	YES_ORACLE_USES_RPATH_MODEL	minos 17.0	sdk 17.2
usr/bin/getent	1ba57ca31d768717d26bb87067944ae1a0f7582951e40777a5f8b569c15b5c40	A0151600-F8B0-3DD2-BC9A-79A838FE9800	TBD_BATCH		/usr/lib	@rpath/libiosexec.1.dylib|/usr/lib/libSystem.B.dylib	NO		/usr/lib	@rpath/libiosexec.1.dylib|/usr/lib/libSystem.B.dylib	/usr/lib/libSystem.B.dylib		UNKNOWN	NO	NO	NO	NO	NO_REWRITE	YES_ORACLE_USES_RPATH_MODEL	minos 17.0	sdk 17.2
usr/bin/getopt	1a50b9d365bde693fc459b5e0b90a774ccac93213d3a8dad90039ac7d7660851	714EEC6C-0860-358B-9927-52E197004F5D	TBD_BATCH		/usr/lib	@rpath/libiosexec.1.dylib|/usr/lib/libSystem.B.dylib	NO		/usr/lib	@rpath/libiosexec.1.dylib|/usr/lib/libSystem.B.dylib	/usr/lib/libSystem.B.dylib		UNKNOWN	NO	NO	NO	NO	NO_REWRITE	YES_ORACLE_USES_RPATH_MODEL	minos 17.0	sdk 17.2
usr/bin/gpgv	29a952c20bb45cdc50e0f6fe3ccb6b88956f096e15c5aabf8da45e6b534709c9	A57E2A91-350A-386F-A231-77DAAAC5414F	TBD_BATCH		/usr/lib	@rpath/libiosexec.1.dylib|/usr/lib/libz.1.dylib|/usr/lib/libbz2.1.0.dylib|/usr/lib/libintl.8.dylib|/System/Library/Frameworks/CoreFoundation.framework/CoreFoundation|/usr/lib/libgcrypt.20.dylib|/usr/lib/libgpg-error.0.dylib|/usr/lib/libassuan.0.dylib|/usr/lib/libnpth.0.dylib|/usr/lib/libiconv.2.dylib|/usr/lib/libSystem.B.dylib	YES		/usr/lib|/var/jb/usr/lib	@rpath/libiosexec.1.dylib|/usr/lib/libz.1.dylib|/usr/lib/libbz2.1.0.dylib|@rpath/libintl.8.dylib|/System/Library/Frameworks/CoreFoundation.framework/CoreFoundation|@rpath/libgcrypt.20.dylib|@rpath/libgpg-error.0.dylib|@rpath/libassuan.0.dylib|@rpath/libnpth.0.dylib|/usr/lib/libiconv.2.dylib|/usr/lib/libSystem.B.dylib	/usr/lib/libz.1.dylib|/System/Library/Frameworks/CoreFoundation.framework/CoreFoundation|/usr/lib/libiconv.2.dylib|/usr/lib/libSystem.B.dylib|/usr/lib/libbz2.1.0.dylib	/usr/lib/libintl.8.dylib|/usr/lib/libgcrypt.20.dylib|/usr/lib/libgpg-error.0.dylib|/usr/lib/libassuan.0.dylib|/usr/lib/libnpth.0.dylib	UNKNOWN	YES	MAYBE	YES	YES	RPATH_ADDITION_AND_LOAD_REWRITE	NO_ORACLE_STILL_HAS_ABS	minos 17.0	sdk 17.2
usr/bin/grep	46dd5ea152ec97a1055d7dda2a1273e4e36c48ec23cddd3c94fb7c0be54f9a82	30EDB41E-8263-381A-938E-70F01371E503	TBD_BATCH		/usr/lib	@rpath/libiosexec.1.dylib|/usr/lib/libintl.8.dylib|/System/Library/Frameworks/CoreFoundation.framework/CoreFoundation|/usr/lib/libiconv.2.dylib|/usr/lib/libpcre2-8.0.dylib|/usr/lib/libSystem.B.dylib	YES		/usr/lib|/var/jb/usr/lib	@rpath/libiosexec.1.dylib|@rpath/libintl.8.dylib|/System/Library/Frameworks/CoreFoundation.framework/CoreFoundation|/usr/lib/libiconv.2.dylib|@rpath/libpcre2-8.0.dylib|/usr/lib/libSystem.B.dylib	/System/Library/Frameworks/CoreFoundation.framework/CoreFoundation|/usr/lib/libiconv.2.dylib|/usr/lib/libSystem.B.dylib	/usr/lib/libintl.8.dylib|/usr/lib/libpcre2-8.0.dylib	UNKNOWN	YES	MAYBE	YES	YES	RPATH_ADDITION_AND_LOAD_REWRITE	YES_ORACLE_USES_RPATH_MODEL	minos 17.0	sdk 17.2
usr/bin/groups	5d2e9e5be580925db8d347965d7ca160842d95e9f661583e737bc226fe275b03	8F2AF3AC-F94E-30FB-9661-75D5743731AE	TBD_BATCH		/usr/lib	@rpath/libiosexec.1.dylib|/usr/lib/libintl.8.dylib|/System/Library/Frameworks/CoreFoundation.framework/CoreFoundation|/System/Library/Frameworks/CoreServices.framework/CoreServices|/usr/lib/libSystem.B.dylib	YES		/usr/lib|/var/jb/usr/lib	@rpath/libiosexec.1.dylib|@rpath/libintl.8.dylib|/System/Library/Frameworks/CoreFoundation.framework/CoreFoundation|/System/Library/Frameworks/CoreServices.framework/CoreServices|/usr/lib/libSystem.B.dylib	/System/Library/Frameworks/CoreFoundation.framework/CoreFoundation|/System/Library/Frameworks/CoreServices.framework/CoreServices|/usr/lib/libSystem.B.dylib	/usr/lib/libintl.8.dylib	UNKNOWN	YES	MAYBE	YES	YES	RPATH_ADDITION_AND_LOAD_REWRITE	YES_ORACLE_USES_RPATH_MODEL	minos 17.0	sdk 17.2
usr/bin/head	fe0f1d894b311a340ce86132c836ac8f02de826200bbd8ce05a159f2605c8c70	9C410F16-517D-3E30-A8C8-76A57F7E83F0	TBD_BATCH		/usr/lib	@rpath/libiosexec.1.dylib|/usr/lib/libintl.8.dylib|/System/Library/Frameworks/CoreFoundation.framework/CoreFoundation|/System/Library/Frameworks/CoreServices.framework/CoreServices|/usr/lib/libSystem.B.dylib	YES		/usr/lib|/var/jb/usr/lib	@rpath/libiosexec.1.dylib|@rpath/libintl.8.dylib|/System/Library/Frameworks/CoreFoundation.framework/CoreFoundation|/System/Library/Frameworks/CoreServices.framework/CoreServices|/usr/lib/libSystem.B.dylib	/System/Library/Frameworks/CoreFoundation.framework/CoreFoundation|/System/Library/Frameworks/CoreServices.framework/CoreServices|/usr/lib/libSystem.B.dylib	/usr/lib/libintl.8.dylib	UNKNOWN	YES	MAYBE	YES	YES	RPATH_ADDITION_AND_LOAD_REWRITE	YES_ORACLE_USES_RPATH_MODEL	minos 17.0	sdk 17.2
usr/bin/hexdump	7e21369ba51153df858c77dc9b42fe5ba83ae2317d9f2211879231433bb46a55	0D61B011-A05E-3CBE-8A16-3DBB8AAFFECC	TBD_BATCH		/usr/lib	@rpath/libiosexec.1.dylib|/usr/lib/libSystem.B.dylib	NO		/usr/lib	@rpath/libiosexec.1.dylib|/usr/lib/libSystem.B.dylib	/usr/lib/libSystem.B.dylib		UNKNOWN	NO	NO	NO	NO	NO_REWRITE	YES_ORACLE_USES_RPATH_MODEL	minos 17.0	sdk 17.2
usr/bin/hostid	9dfb5bea2efc3256003c744a117fc3abe2791850b4138e4ae8f77b9941c6ea8a	2154EE07-DA6B-35EF-8D20-011D5591A359	TBD_BATCH		/usr/lib	@rpath/libiosexec.1.dylib|/usr/lib/libintl.8.dylib|/System/Library/Frameworks/CoreFoundation.framework/CoreFoundation|/System/Library/Frameworks/CoreServices.framework/CoreServices|/usr/lib/libSystem.B.dylib	YES		/usr/lib|/var/jb/usr/lib	@rpath/libiosexec.1.dylib|@rpath/libintl.8.dylib|/System/Library/Frameworks/CoreFoundation.framework/CoreFoundation|/System/Library/Frameworks/CoreServices.framework/CoreServices|/usr/lib/libSystem.B.dylib	/System/Library/Frameworks/CoreFoundation.framework/CoreFoundation|/System/Library/Frameworks/CoreServices.framework/CoreServices|/usr/lib/libSystem.B.dylib	/usr/lib/libintl.8.dylib	UNKNOWN	YES	MAYBE	YES	YES	RPATH_ADDITION_AND_LOAD_REWRITE	YES_ORACLE_USES_RPATH_MODEL	minos 17.0	sdk 17.2
usr/bin/hostinfo	c3296141ec72c685e5866863fbad25776539e08947d15b8abb3f468cfc165104	20026790-F014-3BD3-B52D-5DFDEDD16FE5	TBD_BATCH		/usr/lib	@rpath/libiosexec.1.dylib|/System/Library/Frameworks/CoreFoundation.framework/CoreFoundation|/System/Library/Frameworks/IOKit.framework/Versions/A/IOKit|/System/Library/PrivateFrameworks/ktrace.framework/ktrace|/usr/lib/libSystem.B.dylib	NO		/usr/lib	@rpath/libiosexec.1.dylib|/System/Library/Frameworks/CoreFoundation.framework/CoreFoundation|/System/Library/Frameworks/IOKit.framework/Versions/A/IOKit|/System/Library/PrivateFrameworks/ktrace.framework/ktrace|/usr/lib/libSystem.B.dylib	/System/Library/Frameworks/CoreFoundation.framework/CoreFoundation|/System/Library/Frameworks/IOKit.framework/Versions/A/IOKit|/System/Library/PrivateFrameworks/ktrace.framework/ktrace|/usr/lib/libSystem.B.dylib		UNKNOWN	NO	NO	NO	NO	NO_REWRITE	YES_ORACLE_USES_RPATH_MODEL	minos 17.0	sdk 17.2
usr/bin/id	175449ee88ac0bbb2d92bb4884c42de86cfb28b9f39c62b4592ed7c1669c98a5	70A5346C-D939-34E8-8615-A7C9BB17CEDB	TBD_BATCH		/usr/lib	@rpath/libiosexec.1.dylib|/usr/lib/libintl.8.dylib|/System/Library/Frameworks/CoreFoundation.framework/CoreFoundation|/System/Library/Frameworks/CoreServices.framework/CoreServices|/usr/lib/libSystem.B.dylib	YES		/usr/lib|/var/jb/usr/lib	@rpath/libiosexec.1.dylib|@rpath/libintl.8.dylib|/System/Library/Frameworks/CoreFoundation.framework/CoreFoundation|/System/Library/Frameworks/CoreServices.framework/CoreServices|/usr/lib/libSystem.B.dylib	/System/Library/Frameworks/CoreFoundation.framework/CoreFoundation|/System/Library/Frameworks/CoreServices.framework/CoreServices|/usr/lib/libSystem.B.dylib	/usr/lib/libintl.8.dylib	UNKNOWN	YES	MAYBE	YES	YES	RPATH_ADDITION_AND_LOAD_REWRITE	YES_ORACLE_USES_RPATH_MODEL	minos 17.0	sdk 17.2
usr/bin/infocmp	af8f125a3a3dfe69bc8ff18817000649b785012582b80d1fb4575b6d78a66068	BB72959D-EFEE-3BAE-A83B-A1E1D3EFBBE2	TBD_BATCH		/usr/lib	@rpath/libiosexec.1.dylib|/usr/lib/libncursesw.6.dylib|/usr/lib/libSystem.B.dylib	YES		/usr/lib|/var/jb/usr/lib	@rpath/libiosexec.1.dylib|@rpath/libncursesw.6.dylib|/usr/lib/libSystem.B.dylib	/usr/lib/libSystem.B.dylib	/usr/lib/libncursesw.6.dylib	UNKNOWN	YES	MAYBE	YES	YES	RPATH_ADDITION_AND_LOAD_REWRITE	YES_ORACLE_USES_RPATH_MODEL	minos 17.0	sdk 17.2
usr/bin/install	033a1b44a135258d50891f0c9c2e896f19fc718704decd75d9434ef675619468	696981ED-9122-36C3-A3E1-5F3BC80BE0D8	TBD_BATCH		/usr/lib	@rpath/libiosexec.1.dylib|/usr/lib/libintl.8.dylib|/System/Library/Frameworks/CoreFoundation.framework/CoreFoundation|/System/Library/Frameworks/CoreServices.framework/CoreServices|/usr/lib/libSystem.B.dylib	YES		/usr/lib|/var/jb/usr/lib	@rpath/libiosexec.1.dylib|@rpath/libintl.8.dylib|/System/Library/Frameworks/CoreFoundation.framework/CoreFoundation|/System/Library/Frameworks/CoreServices.framework/CoreServices|/usr/lib/libSystem.B.dylib	/System/Library/Frameworks/CoreFoundation.framework/CoreFoundation|/System/Library/Frameworks/CoreServices.framework/CoreServices|/usr/lib/libSystem.B.dylib	/usr/lib/libintl.8.dylib	UNKNOWN	YES	MAYBE	YES	YES	RPATH_ADDITION_AND_LOAD_REWRITE	YES_ORACLE_USES_RPATH_MODEL	minos 17.0	sdk 17.2
usr/bin/ipcrm	fdc44fb4e86f605db8abbd8d52aec78c77e51195001c8c7122e1d68c12ed8702	2F7042B9-F222-3A6D-ABE0-01220550D2AC	TBD_BATCH		/usr/lib	@rpath/libiosexec.1.dylib|/usr/lib/libSystem.B.dylib	NO		/usr/lib	@rpath/libiosexec.1.dylib|/usr/lib/libSystem.B.dylib	/usr/lib/libSystem.B.dylib		UNKNOWN	NO	NO	NO	NO	NO_REWRITE	YES_ORACLE_USES_RPATH_MODEL	minos 17.0	sdk 17.2
usr/bin/ipcs	44d16089e668f14a9e167e5ecf058d7020ae4d9b4ac5f789fbcb793c19eb0f44	4D75FD9B-C9D5-36E4-9259-2FCCDEFB9D17	TBD_BATCH		/usr/lib	@rpath/libiosexec.1.dylib|/usr/lib/libSystem.B.dylib	NO		/usr/lib	@rpath/libiosexec.1.dylib|/usr/lib/libSystem.B.dylib	/usr/lib/libSystem.B.dylib		UNKNOWN	NO	NO	NO	NO	NO_REWRITE	YES_ORACLE_USES_RPATH_MODEL	minos 17.0	sdk 17.2
usr/bin/join	186380d2412506c508eb4a2033b27ddc86399fb85e019258dbd9b17eb7d9ed70	47176D74-ACCD-36B4-80DD-37CBB102E476	TBD_BATCH		/usr/lib	@rpath/libiosexec.1.dylib|/usr/lib/libintl.8.dylib|/System/Library/Frameworks/CoreFoundation.framework/CoreFoundation|/System/Library/Frameworks/CoreServices.framework/CoreServices|/usr/lib/libSystem.B.dylib	YES		/usr/lib|/var/jb/usr/lib	@rpath/libiosexec.1.dylib|@rpath/libintl.8.dylib|/System/Library/Frameworks/CoreFoundation.framework/CoreFoundation|/System/Library/Frameworks/CoreServices.framework/CoreServices|/usr/lib/libSystem.B.dylib	/System/Library/Frameworks/CoreFoundation.framework/CoreFoundation|/System/Library/Frameworks/CoreServices.framework/CoreServices|/usr/lib/libSystem.B.dylib	/usr/lib/libintl.8.dylib	UNKNOWN	YES	MAYBE	YES	YES	RPATH_ADDITION_AND_LOAD_REWRITE	YES_ORACLE_USES_RPATH_MODEL	minos 17.0	sdk 17.2
usr/bin/jot	0c00cb47c1253b82991bc766ad9275f2f53aeb0eb446a5c3e420904225779022	EDE37745-97CF-3087-A970-25C9AB9C42AD	TBD_BATCH		/usr/lib	@rpath/libiosexec.1.dylib|/usr/lib/libSystem.B.dylib	NO		/usr/lib	@rpath/libiosexec.1.dylib|/usr/lib/libSystem.B.dylib	/usr/lib/libSystem.B.dylib		UNKNOWN	NO	NO	NO	NO	NO_REWRITE	YES_ORACLE_USES_RPATH_MODEL	minos 17.0	sdk 17.2
usr/bin/kill	a141fa44728f8be43059ea393dde96b83193b12a013d6631cc3ef06c378eba75	1EB98B7F-48E1-3802-970F-3563DA0FDA57	TBD_BATCH		/usr/lib	@rpath/libiosexec.1.dylib|/usr/lib/libintl.8.dylib|/System/Library/Frameworks/CoreFoundation.framework/CoreFoundation|/System/Library/Frameworks/CoreServices.framework/CoreServices|/usr/lib/libSystem.B.dylib	YES		/usr/lib|/var/jb/usr/lib	@rpath/libiosexec.1.dylib|@rpath/libintl.8.dylib|/System/Library/Frameworks/CoreFoundation.framework/CoreFoundation|/System/Library/Frameworks/CoreServices.framework/CoreServices|/usr/lib/libSystem.B.dylib	/System/Library/Frameworks/CoreFoundation.framework/CoreFoundation|/System/Library/Frameworks/CoreServices.framework/CoreServices|/usr/lib/libSystem.B.dylib	/usr/lib/libintl.8.dylib	UNKNOWN	YES	MAYBE	YES	YES	RPATH_ADDITION_AND_LOAD_REWRITE	YES_ORACLE_USES_RPATH_MODEL	minos 17.0	sdk 17.2
usr/bin/killall	17c26b39522a3f28a7d9c633a96ba0dc925b005b95d7b84e7501abde2f3d9376	A36BCEFE-3D3C-3AD0-B9CF-21E26699B768	TBD_BATCH		/usr/lib	@rpath/libiosexec.1.dylib|/usr/lib/libSystem.B.dylib	NO		/usr/lib	@rpath/libiosexec.1.dylib|/usr/lib/libSystem.B.dylib	/usr/lib/libSystem.B.dylib		UNKNOWN	NO	NO	NO	NO	NO_REWRITE	YES_ORACLE_USES_RPATH_MODEL	minos 17.0	sdk 17.2
usr/bin/lastcomm	5f4706c4408b8a29f40e1b1062064c1eda693604467389286c263b8d2b8d7b0e	3D859659-659B-3A1C-BD92-6D4F4808A506	TBD_BATCH		/usr/lib	@rpath/libiosexec.1.dylib|/usr/lib/libSystem.B.dylib	NO		/usr/lib	@rpath/libiosexec.1.dylib|/usr/lib/libSystem.B.dylib	/usr/lib/libSystem.B.dylib		UNKNOWN	NO	NO	NO	NO	NO_REWRITE	YES_ORACLE_USES_RPATH_MODEL	minos 17.0	sdk 17.2
usr/bin/latency	f4534ac7806b435b8d5969dfa5ada1381e0a81ea836337c8744dbb9902e60a18	1A7B99C3-65BE-39FE-A7E9-5FC2F41F9DC0	TBD_BATCH		/usr/lib	@rpath/libiosexec.1.dylib|/System/Library/Frameworks/CoreFoundation.framework/CoreFoundation|/System/Library/Frameworks/IOKit.framework/Versions/A/IOKit|/usr/lib/libncursesw.6.dylib|/usr/lib/libutil.dylib|/usr/lib/libSystem.B.dylib	YES		/usr/lib|/var/jb/usr/lib	@rpath/libiosexec.1.dylib|/System/Library/Frameworks/CoreFoundation.framework/CoreFoundation|/System/Library/Frameworks/IOKit.framework/Versions/A/IOKit|@rpath/libncursesw.6.dylib|/usr/lib/libutil.dylib|/usr/lib/libSystem.B.dylib	/System/Library/Frameworks/CoreFoundation.framework/CoreFoundation|/System/Library/Frameworks/IOKit.framework/Versions/A/IOKit|/usr/lib/libutil.dylib|/usr/lib/libSystem.B.dylib	/usr/lib/libncursesw.6.dylib	UNKNOWN	YES	MAYBE	YES	YES	RPATH_ADDITION_AND_LOAD_REWRITE	YES_ORACLE_USES_RPATH_MODEL	minos 17.0	sdk 17.2
usr/bin/launchctl	725148260030cb2253c512bd90aa56cd711f4242a592a10214f51b8107946364	4D2274CF-A52B-3438-94A7-B72F40CAA2A9	TBD_BATCH		/usr/lib	@rpath/libiosexec.1.dylib|/usr/lib/libSystem.B.dylib	NO		/usr/lib	@rpath/libiosexec.1.dylib|/usr/lib/libSystem.B.dylib	/usr/lib/libSystem.B.dylib		UNKNOWN	NO	NO	NO	NO	NO_REWRITE	YES_ORACLE_USES_RPATH_MODEL	minos 17.0	sdk 17.2
usr/bin/ldrestart	e76b2f42874fde5868c8a4c7ea1abdaf37a59d7b0668e5e3e34817aa88097b26	FB92281F-18E6-3502-9E9A-CEC6FAF7D0FB	TBD_BATCH		/usr/lib	@rpath/libiosexec.1.dylib|/usr/lib/libintl.8.dylib|/System/Library/Frameworks/Foundation.framework/Foundation|/usr/lib/libobjc.A.dylib|/usr/lib/libSystem.B.dylib	YES		/usr/lib|/var/jb/usr/lib	@rpath/libiosexec.1.dylib|@rpath/libintl.8.dylib|/System/Library/Frameworks/Foundation.framework/Foundation|/usr/lib/libobjc.A.dylib|/usr/lib/libSystem.B.dylib	/System/Library/Frameworks/Foundation.framework/Foundation|/usr/lib/libobjc.A.dylib|/usr/lib/libSystem.B.dylib	/usr/lib/libintl.8.dylib	UNKNOWN	YES	MAYBE	YES	YES	RPATH_ADDITION_AND_LOAD_REWRITE	YES_ORACLE_USES_RPATH_MODEL	minos 17.0	sdk 17.2
usr/bin/link	78b20959441d426d5c8a164423f4c8d92fce94443aede2bed805b8c2d5f746b7	9D5890D4-253A-3D9F-8004-C43099C20201	TBD_BATCH		/usr/lib	@rpath/libiosexec.1.dylib|/usr/lib/libintl.8.dylib|/System/Library/Frameworks/CoreFoundation.framework/CoreFoundation|/System/Library/Frameworks/CoreServices.framework/CoreServices|/usr/lib/libSystem.B.dylib	YES		/usr/lib|/var/jb/usr/lib	@rpath/libiosexec.1.dylib|@rpath/libintl.8.dylib|/System/Library/Frameworks/CoreFoundation.framework/CoreFoundation|/System/Library/Frameworks/CoreServices.framework/CoreServices|/usr/lib/libSystem.B.dylib	/System/Library/Frameworks/CoreFoundation.framework/CoreFoundation|/System/Library/Frameworks/CoreServices.framework/CoreServices|/usr/lib/libSystem.B.dylib	/usr/lib/libintl.8.dylib	UNKNOWN	YES	MAYBE	YES	YES	RPATH_ADDITION_AND_LOAD_REWRITE	YES_ORACLE_USES_RPATH_MODEL	minos 17.0	sdk 17.2
usr/bin/ln	11d76b3c9e2c8d443ee9e3e453961952efe4c17dec9a2ab00bd95d0ad0a0746e	CD348DBB-2035-340B-92A9-2CDC47D8040C	TBD_BATCH		/usr/lib	@rpath/libiosexec.1.dylib|/usr/lib/libintl.8.dylib|/System/Library/Frameworks/CoreFoundation.framework/CoreFoundation|/System/Library/Frameworks/CoreServices.framework/CoreServices|/usr/lib/libSystem.B.dylib	YES		/usr/lib|/var/jb/usr/lib	@rpath/libiosexec.1.dylib|@rpath/libintl.8.dylib|/System/Library/Frameworks/CoreFoundation.framework/CoreFoundation|/System/Library/Frameworks/CoreServices.framework/CoreServices|/usr/lib/libSystem.B.dylib	/System/Library/Frameworks/CoreFoundation.framework/CoreFoundation|/System/Library/Frameworks/CoreServices.framework/CoreServices|/usr/lib/libSystem.B.dylib	/usr/lib/libintl.8.dylib	UNKNOWN	YES	MAYBE	YES	YES	RPATH_ADDITION_AND_LOAD_REWRITE	YES_ORACLE_USES_RPATH_MODEL	minos 17.0	sdk 17.2
usr/bin/locate	84e37323f648e6f78dafbc2ce8096826b72677d8aa7917b5a52c58f5135827a3	196E83E4-5145-313F-A155-3974025A3FB8	TBD_BATCH		/usr/lib	@rpath/libiosexec.1.dylib|/usr/lib/libintl.8.dylib|/System/Library/Frameworks/CoreFoundation.framework/CoreFoundation|/usr/lib/libSystem.B.dylib	YES		/usr/lib|/var/jb/usr/lib	@rpath/libiosexec.1.dylib|@rpath/libintl.8.dylib|/System/Library/Frameworks/CoreFoundation.framework/CoreFoundation|/usr/lib/libSystem.B.dylib	/System/Library/Frameworks/CoreFoundation.framework/CoreFoundation|/usr/lib/libSystem.B.dylib	/usr/lib/libintl.8.dylib	UNKNOWN	YES	MAYBE	YES	YES	RPATH_ADDITION_AND_LOAD_REWRITE	YES_ORACLE_USES_RPATH_MODEL	minos 17.0	sdk 17.2
usr/bin/login	892566abdbe0b3caa588b894938703bdc3bc534b71c272ea38c7ccc28979dd50	68CB6976-2351-3B73-ACE1-FA022870A699	TBD_BATCH		/usr/lib	@rpath/libiosexec.1.dylib|/System/Library/Frameworks/CoreFoundation.framework/CoreFoundation|/System/Library/Frameworks/IOKit.framework/Versions/A/IOKit|/usr/lib/libpam.2.dylib|/usr/lib/libSystem.B.dylib	YES		/usr/lib|/var/jb/usr/lib	@rpath/libiosexec.1.dylib|/System/Library/Frameworks/CoreFoundation.framework/CoreFoundation|/System/Library/Frameworks/IOKit.framework/Versions/A/IOKit|@rpath/libpam.2.dylib|/usr/lib/libSystem.B.dylib	/System/Library/Frameworks/CoreFoundation.framework/CoreFoundation|/System/Library/Frameworks/IOKit.framework/Versions/A/IOKit|/usr/lib/libSystem.B.dylib	/usr/lib/libpam.2.dylib	UNKNOWN	YES	MAYBE	YES	YES	RPATH_ADDITION_AND_LOAD_REWRITE	YES_ORACLE_USES_RPATH_MODEL	minos 17.0	sdk 17.2
usr/bin/logname	e00a82af295e6ce49ba21d9c272f77febc06605375b7c062da13825f5bd74a40	EF7AE621-092C-3312-99C6-28F438F3BE40	TBD_BATCH		/usr/lib	@rpath/libiosexec.1.dylib|/usr/lib/libintl.8.dylib|/System/Library/Frameworks/CoreFoundation.framework/CoreFoundation|/System/Library/Frameworks/CoreServices.framework/CoreServices|/usr/lib/libSystem.B.dylib	YES		/usr/lib|/var/jb/usr/lib	@rpath/libiosexec.1.dylib|@rpath/libintl.8.dylib|/System/Library/Frameworks/CoreFoundation.framework/CoreFoundation|/System/Library/Frameworks/CoreServices.framework/CoreServices|/usr/lib/libSystem.B.dylib	/System/Library/Frameworks/CoreFoundation.framework/CoreFoundation|/System/Library/Frameworks/CoreServices.framework/CoreServices|/usr/lib/libSystem.B.dylib	/usr/lib/libintl.8.dylib	UNKNOWN	YES	MAYBE	YES	YES	RPATH_ADDITION_AND_LOAD_REWRITE	YES_ORACLE_USES_RPATH_MODEL	minos 17.0	sdk 17.2
usr/bin/ls	6224d028030bacd747fa35a5db5a82698050826e08dd02f19162f0163fed4fa8	93C875DC-F895-3E67-B19C-8C5D50C3F4A8	TBD_BATCH		/usr/lib	@rpath/libiosexec.1.dylib|/usr/lib/libintl.8.dylib|/System/Library/Frameworks/CoreFoundation.framework/CoreFoundation|/System/Library/Frameworks/CoreServices.framework/CoreServices|/usr/lib/libSystem.B.dylib	YES		/usr/lib|/var/jb/usr/lib	@rpath/libiosexec.1.dylib|@rpath/libintl.8.dylib|/System/Library/Frameworks/CoreFoundation.framework/CoreFoundation|/System/Library/Frameworks/CoreServices.framework/CoreServices|/usr/lib/libSystem.B.dylib	/System/Library/Frameworks/CoreFoundation.framework/CoreFoundation|/System/Library/Frameworks/CoreServices.framework/CoreServices|/usr/lib/libSystem.B.dylib	/usr/lib/libintl.8.dylib	UNKNOWN	YES	MAYBE	YES	YES	RPATH_ADDITION_AND_LOAD_REWRITE	YES_ORACLE_USES_RPATH_MODEL	minos 17.0	sdk 17.2
usr/bin/lskq	375368086fbcf9262ffeded4db4f63ee772ca7cf6b0610e0412f5a92beeeba93	C37AFDE6-3ACE-369B-9C90-6AA525E3E5D9	TBD_BATCH		/usr/lib	@rpath/libiosexec.1.dylib|/System/Library/Frameworks/CoreFoundation.framework/CoreFoundation|/System/Library/Frameworks/IOKit.framework/Versions/A/IOKit|/usr/lib/libSystem.B.dylib	NO		/usr/lib	@rpath/libiosexec.1.dylib|/System/Library/Frameworks/CoreFoundation.framework/CoreFoundation|/System/Library/Frameworks/IOKit.framework/Versions/A/IOKit|/usr/lib/libSystem.B.dylib	/System/Library/Frameworks/CoreFoundation.framework/CoreFoundation|/System/Library/Frameworks/IOKit.framework/Versions/A/IOKit|/usr/lib/libSystem.B.dylib		UNKNOWN	NO	NO	NO	NO	NO_REWRITE	YES_ORACLE_USES_RPATH_MODEL	minos 17.0	sdk 17.2
usr/bin/lsmp	f19511ea3181a1f07505260147f2c74d280e0b75d36743832a3bfbb8ebd8f20c	939FB7BA-AB82-3721-B3B2-50F758D1A37B	TBD_BATCH		/usr/lib	@rpath/libiosexec.1.dylib|/System/Library/Frameworks/CoreFoundation.framework/CoreFoundation|/System/Library/Frameworks/IOKit.framework/Versions/A/IOKit|/usr/lib/libcrypt.2.dylib|/usr/lib/libpam.2.dylib|/usr/lib/libSystem.B.dylib	YES		/usr/lib|/var/jb/usr/lib	@rpath/libiosexec.1.dylib|/System/Library/Frameworks/CoreFoundation.framework/CoreFoundation|/System/Library/Frameworks/IOKit.framework/Versions/A/IOKit|@rpath/libcrypt.2.dylib|@rpath/libpam.2.dylib|/usr/lib/libSystem.B.dylib	/System/Library/Frameworks/CoreFoundation.framework/CoreFoundation|/System/Library/Frameworks/IOKit.framework/Versions/A/IOKit|/usr/lib/libSystem.B.dylib	/usr/lib/libcrypt.2.dylib|/usr/lib/libpam.2.dylib	UNKNOWN	YES	MAYBE	YES	YES	RPATH_ADDITION_AND_LOAD_REWRITE	YES_ORACLE_USES_RPATH_MODEL	minos 17.0	sdk 17.2
usr/bin/md5sum	9fbeaf398cc552eeb9cc041eb93875ff2325dd6c684cf782892288c16638272a	F367F54D-C8C5-3563-8F4E-20AED7ACB783	TBD_BATCH		/usr/lib	@rpath/libiosexec.1.dylib|/usr/lib/libintl.8.dylib|/System/Library/Frameworks/CoreFoundation.framework/CoreFoundation|/System/Library/Frameworks/CoreServices.framework/CoreServices|/usr/lib/libcrypto.3.dylib|/usr/lib/libSystem.B.dylib	YES		/usr/lib|/var/jb/usr/lib	@rpath/libiosexec.1.dylib|@rpath/libintl.8.dylib|/System/Library/Frameworks/CoreFoundation.framework/CoreFoundation|/System/Library/Frameworks/CoreServices.framework/CoreServices|@rpath/libcrypto.3.dylib|/usr/lib/libSystem.B.dylib	/System/Library/Frameworks/CoreFoundation.framework/CoreFoundation|/System/Library/Frameworks/CoreServices.framework/CoreServices|/usr/lib/libSystem.B.dylib	/usr/lib/libintl.8.dylib|/usr/lib/libcrypto.3.dylib	UNKNOWN	YES	MAYBE	YES	YES	RPATH_ADDITION_AND_LOAD_REWRITE	YES_ORACLE_USES_RPATH_MODEL	minos 17.0	sdk 17.2
usr/bin/memory_pressure	56cf283f92a2fce0874489a6c6da35db778bbd28d00dc1725bc41cf2137636aa	65E858C3-E863-38B6-A25A-09E9EBB785D3	TBD_BATCH		/usr/lib	@rpath/libiosexec.1.dylib|/System/Library/Frameworks/CoreFoundation.framework/CoreFoundation|/System/Library/Frameworks/IOKit.framework/Versions/A/IOKit|/usr/lib/libSystem.B.dylib	NO		/usr/lib	@rpath/libiosexec.1.dylib|/System/Library/Frameworks/CoreFoundation.framework/CoreFoundation|/System/Library/Frameworks/IOKit.framework/Versions/A/IOKit|/usr/lib/libSystem.B.dylib	/System/Library/Frameworks/CoreFoundation.framework/CoreFoundation|/System/Library/Frameworks/IOKit.framework/Versions/A/IOKit|/usr/lib/libSystem.B.dylib		UNKNOWN	NO	NO	NO	NO	NO_REWRITE	YES_ORACLE_USES_RPATH_MODEL	minos 17.0	sdk 17.2
usr/bin/mgask	b67856371dda21199ac0127e664cb87865c9992d5cd44688b1bf32058f355203	A25585D5-2393-370E-9E30-911ADB2DE4DB	TBD_BATCH		/usr/lib	@rpath/libiosexec.1.dylib|/usr/lib/libintl.8.dylib|/System/Library/Frameworks/CoreFoundation.framework/CoreFoundation|/System/Library/Frameworks/Foundation.framework/Foundation|/usr/lib/libMobileGestalt.dylib|/usr/lib/libobjc.A.dylib|/usr/lib/libSystem.B.dylib	YES		/usr/lib|/var/jb/usr/lib	@rpath/libiosexec.1.dylib|@rpath/libintl.8.dylib|/System/Library/Frameworks/CoreFoundation.framework/CoreFoundation|/System/Library/Frameworks/Foundation.framework/Foundation|/usr/lib/libMobileGestalt.dylib|/usr/lib/libobjc.A.dylib|/usr/lib/libSystem.B.dylib	/System/Library/Frameworks/CoreFoundation.framework/CoreFoundation|/System/Library/Frameworks/Foundation.framework/Foundation|/usr/lib/libMobileGestalt.dylib|/usr/lib/libobjc.A.dylib|/usr/lib/libSystem.B.dylib	/usr/lib/libintl.8.dylib	UNKNOWN	YES	MAYBE	YES	YES	RPATH_ADDITION_AND_LOAD_REWRITE	YES_ORACLE_USES_RPATH_MODEL	minos 17.0	sdk 17.2
usr/bin/mkdir	f6c03c2073c33477389a532a676bc3b4b4dcb0c41a135b647d4988a97ed34561	ACA9AEFC-CC31-35B5-9B2D-C9159FCE1D27	TBD_BATCH		/usr/lib	@rpath/libiosexec.1.dylib|/usr/lib/libintl.8.dylib|/System/Library/Frameworks/CoreFoundation.framework/CoreFoundation|/System/Library/Frameworks/CoreServices.framework/CoreServices|/usr/lib/libSystem.B.dylib	YES		/usr/lib|/var/jb/usr/lib	@rpath/libiosexec.1.dylib|@rpath/libintl.8.dylib|/System/Library/Frameworks/CoreFoundation.framework/CoreFoundation|/System/Library/Frameworks/CoreServices.framework/CoreServices|/usr/lib/libSystem.B.dylib	/System/Library/Frameworks/CoreFoundation.framework/CoreFoundation|/System/Library/Frameworks/CoreServices.framework/CoreServices|/usr/lib/libSystem.B.dylib	/usr/lib/libintl.8.dylib	UNKNOWN	YES	MAYBE	YES	YES	RPATH_ADDITION_AND_LOAD_REWRITE	YES_ORACLE_USES_RPATH_MODEL	minos 17.0	sdk 17.2
usr/bin/mkfifo	511fe65fa9245c09e98b872d158ea9b625993ff4f3d130b9e9f6c858f41f3ef4	4372865E-B693-37AB-A492-F68B7387AFEC	TBD_BATCH		/usr/lib	@rpath/libiosexec.1.dylib|/usr/lib/libintl.8.dylib|/System/Library/Frameworks/CoreFoundation.framework/CoreFoundation|/System/Library/Frameworks/CoreServices.framework/CoreServices|/usr/lib/libSystem.B.dylib	YES		/usr/lib|/var/jb/usr/lib	@rpath/libiosexec.1.dylib|@rpath/libintl.8.dylib|/System/Library/Frameworks/CoreFoundation.framework/CoreFoundation|/System/Library/Frameworks/CoreServices.framework/CoreServices|/usr/lib/libSystem.B.dylib	/System/Library/Frameworks/CoreFoundation.framework/CoreFoundation|/System/Library/Frameworks/CoreServices.framework/CoreServices|/usr/lib/libSystem.B.dylib	/usr/lib/libintl.8.dylib	UNKNOWN	YES	MAYBE	YES	YES	RPATH_ADDITION_AND_LOAD_REWRITE	YES_ORACLE_USES_RPATH_MODEL	minos 17.0	sdk 17.2
usr/bin/mknod	0e1fc3cf6f057dd2ab92b3d45e201d5a5745f30235a405287caf17352cd42c72	4502E0DD-5796-380C-B622-A187EA78F1FA	TBD_BATCH		/usr/lib	@rpath/libiosexec.1.dylib|/usr/lib/libintl.8.dylib|/System/Library/Frameworks/CoreFoundation.framework/CoreFoundation|/System/Library/Frameworks/CoreServices.framework/CoreServices|/usr/lib/libSystem.B.dylib	YES		/usr/lib|/var/jb/usr/lib	@rpath/libiosexec.1.dylib|@rpath/libintl.8.dylib|/System/Library/Frameworks/CoreFoundation.framework/CoreFoundation|/System/Library/Frameworks/CoreServices.framework/CoreServices|/usr/lib/libSystem.B.dylib	/System/Library/Frameworks/CoreFoundation.framework/CoreFoundation|/System/Library/Frameworks/CoreServices.framework/CoreServices|/usr/lib/libSystem.B.dylib	/usr/lib/libintl.8.dylib	UNKNOWN	YES	MAYBE	YES	YES	RPATH_ADDITION_AND_LOAD_REWRITE	YES_ORACLE_USES_RPATH_MODEL	minos 17.0	sdk 17.2
usr/bin/mktemp	2f26e5154a7c076fd1ae95754a80a52308f10146b5ab5a6552a4bdd1e855f6ec	E6347DF6-2A1B-3F8C-84C7-AE6F4DF2E9D0	TBD_BATCH		/usr/lib	@rpath/libiosexec.1.dylib|/usr/lib/libintl.8.dylib|/System/Library/Frameworks/CoreFoundation.framework/CoreFoundation|/System/Library/Frameworks/CoreServices.framework/CoreServices|/usr/lib/libSystem.B.dylib	YES		/usr/lib|/var/jb/usr/lib	@rpath/libiosexec.1.dylib|@rpath/libintl.8.dylib|/System/Library/Frameworks/CoreFoundation.framework/CoreFoundation|/System/Library/Frameworks/CoreServices.framework/CoreServices|/usr/lib/libSystem.B.dylib	/System/Library/Frameworks/CoreFoundation.framework/CoreFoundation|/System/Library/Frameworks/CoreServices.framework/CoreServices|/usr/lib/libSystem.B.dylib	/usr/lib/libintl.8.dylib	UNKNOWN	YES	MAYBE	YES	YES	RPATH_ADDITION_AND_LOAD_REWRITE	YES_ORACLE_USES_RPATH_MODEL	minos 17.0	sdk 17.2
usr/bin/mv	500bcaf4f28fd10016228d760bc3609e56c65b32dadce2d769ce46ac02882635	332153A5-7DF1-3279-B7B9-589393CD5BE8	TBD_BATCH		/usr/lib	@rpath/libiosexec.1.dylib|/usr/lib/libintl.8.dylib|/System/Library/Frameworks/CoreFoundation.framework/CoreFoundation|/System/Library/Frameworks/CoreServices.framework/CoreServices|/usr/lib/libSystem.B.dylib	YES		/usr/lib|/var/jb/usr/lib	@rpath/libiosexec.1.dylib|@rpath/libintl.8.dylib|/System/Library/Frameworks/CoreFoundation.framework/CoreFoundation|/System/Library/Frameworks/CoreServices.framework/CoreServices|/usr/lib/libSystem.B.dylib	/System/Library/Frameworks/CoreFoundation.framework/CoreFoundation|/System/Library/Frameworks/CoreServices.framework/CoreServices|/usr/lib/libSystem.B.dylib	/usr/lib/libintl.8.dylib	UNKNOWN	YES	MAYBE	YES	YES	RPATH_ADDITION_AND_LOAD_REWRITE	YES_ORACLE_USES_RPATH_MODEL	minos 17.0	sdk 17.2
usr/bin/newgrp	d0df353151fc3974df029d9018a4b8deef5fad67f15e3ec1a46899d2a44ace43	8B406F6A-1B2F-37A7-A99F-FAE5A88498F7	TBD_BATCH		/usr/lib	@rpath/libiosexec.1.dylib|/System/Library/Frameworks/CoreFoundation.framework/CoreFoundation|/System/Library/Frameworks/IOKit.framework/Versions/A/IOKit|/usr/lib/libSystem.B.dylib	NO		/usr/lib	@rpath/libiosexec.1.dylib|/System/Library/Frameworks/CoreFoundation.framework/CoreFoundation|/System/Library/Frameworks/IOKit.framework/Versions/A/IOKit|/usr/lib/libSystem.B.dylib	/System/Library/Frameworks/CoreFoundation.framework/CoreFoundation|/System/Library/Frameworks/IOKit.framework/Versions/A/IOKit|/usr/lib/libSystem.B.dylib		UNKNOWN	NO	NO	NO	NO	NO_REWRITE	YES_ORACLE_USES_RPATH_MODEL	minos 17.0	sdk 17.2
usr/bin/nice	fec607055daf7782db7fae73be335432c6c179a1821774564eb0dddcb527364e	8787D1A0-A8B1-3816-84C0-C1D7D4085823	TBD_BATCH		/usr/lib	@rpath/libiosexec.1.dylib|/usr/lib/libintl.8.dylib|/System/Library/Frameworks/CoreFoundation.framework/CoreFoundation|/System/Library/Frameworks/CoreServices.framework/CoreServices|/usr/lib/libSystem.B.dylib	YES		/usr/lib|/var/jb/usr/lib	@rpath/libiosexec.1.dylib|@rpath/libintl.8.dylib|/System/Library/Frameworks/CoreFoundation.framework/CoreFoundation|/System/Library/Frameworks/CoreServices.framework/CoreServices|/usr/lib/libSystem.B.dylib	/System/Library/Frameworks/CoreFoundation.framework/CoreFoundation|/System/Library/Frameworks/CoreServices.framework/CoreServices|/usr/lib/libSystem.B.dylib	/usr/lib/libintl.8.dylib	UNKNOWN	YES	MAYBE	YES	YES	RPATH_ADDITION_AND_LOAD_REWRITE	YES_ORACLE_USES_RPATH_MODEL	minos 17.0	sdk 17.2
usr/bin/nl	163e68ef30b7694dd1367fe5d17a7e332ec5608009d2a52a182b01dabd2751ec	5E6AEC57-FCD1-3D19-A8F9-18A8F6C12C36	TBD_BATCH		/usr/lib	@rpath/libiosexec.1.dylib|/usr/lib/libintl.8.dylib|/System/Library/Frameworks/CoreFoundation.framework/CoreFoundation|/System/Library/Frameworks/CoreServices.framework/CoreServices|/usr/lib/libSystem.B.dylib	YES		/usr/lib|/var/jb/usr/lib	@rpath/libiosexec.1.dylib|@rpath/libintl.8.dylib|/System/Library/Frameworks/CoreFoundation.framework/CoreFoundation|/System/Library/Frameworks/CoreServices.framework/CoreServices|/usr/lib/libSystem.B.dylib	/System/Library/Frameworks/CoreFoundation.framework/CoreFoundation|/System/Library/Frameworks/CoreServices.framework/CoreServices|/usr/lib/libSystem.B.dylib	/usr/lib/libintl.8.dylib	UNKNOWN	YES	MAYBE	YES	YES	RPATH_ADDITION_AND_LOAD_REWRITE	YES_ORACLE_USES_RPATH_MODEL	minos 17.0	sdk 17.2
usr/bin/nohup	cf1f3af844915cbfb2ddb3338ceea0a5e88b4a7f684493de5b886ca0ef21343a	6C720FA0-23C1-3D61-B880-05789DC0EC45	TBD_BATCH		/usr/lib	@rpath/libiosexec.1.dylib|/usr/lib/libintl.8.dylib|/System/Library/Frameworks/CoreFoundation.framework/CoreFoundation|/System/Library/Frameworks/CoreServices.framework/CoreServices|/usr/lib/libSystem.B.dylib	YES		/usr/lib|/var/jb/usr/lib	@rpath/libiosexec.1.dylib|@rpath/libintl.8.dylib|/System/Library/Frameworks/CoreFoundation.framework/CoreFoundation|/System/Library/Frameworks/CoreServices.framework/CoreServices|/usr/lib/libSystem.B.dylib	/System/Library/Frameworks/CoreFoundation.framework/CoreFoundation|/System/Library/Frameworks/CoreServices.framework/CoreServices|/usr/lib/libSystem.B.dylib	/usr/lib/libintl.8.dylib	UNKNOWN	YES	MAYBE	YES	YES	RPATH_ADDITION_AND_LOAD_REWRITE	YES_ORACLE_USES_RPATH_MODEL	minos 17.0	sdk 17.2
usr/bin/nproc	fd4cb53b957a41f75fa1d6b5dbc15a1848f1a0b11ac6438763275fcfddd6325e	7A8512F8-0CF7-3228-A122-00ADADDFE80C	TBD_BATCH		/usr/lib	@rpath/libiosexec.1.dylib|/usr/lib/libintl.8.dylib|/System/Library/Frameworks/CoreFoundation.framework/CoreFoundation|/System/Library/Frameworks/CoreServices.framework/CoreServices|/usr/lib/libSystem.B.dylib	YES		/usr/lib|/var/jb/usr/lib	@rpath/libiosexec.1.dylib|@rpath/libintl.8.dylib|/System/Library/Frameworks/CoreFoundation.framework/CoreFoundation|/System/Library/Frameworks/CoreServices.framework/CoreServices|/usr/lib/libSystem.B.dylib	/System/Library/Frameworks/CoreFoundation.framework/CoreFoundation|/System/Library/Frameworks/CoreServices.framework/CoreServices|/usr/lib/libSystem.B.dylib	/usr/lib/libintl.8.dylib	UNKNOWN	YES	MAYBE	YES	YES	RPATH_ADDITION_AND_LOAD_REWRITE	YES_ORACLE_USES_RPATH_MODEL	minos 17.0	sdk 17.2
usr/bin/numfmt	162a3190e27b9dc9afcae4e06bb31e62a9219a8451360174b66cf608efa5aa84	74CB1EB8-401E-3968-B75D-D773DB5FF46D	TBD_BATCH		/usr/lib	@rpath/libiosexec.1.dylib|/usr/lib/libintl.8.dylib|/System/Library/Frameworks/CoreFoundation.framework/CoreFoundation|/System/Library/Frameworks/CoreServices.framework/CoreServices|/usr/lib/libSystem.B.dylib	YES		/usr/lib|/var/jb/usr/lib	@rpath/libiosexec.1.dylib|@rpath/libintl.8.dylib|/System/Library/Frameworks/CoreFoundation.framework/CoreFoundation|/System/Library/Frameworks/CoreServices.framework/CoreServices|/usr/lib/libSystem.B.dylib	/System/Library/Frameworks/CoreFoundation.framework/CoreFoundation|/System/Library/Frameworks/CoreServices.framework/CoreServices|/usr/lib/libSystem.B.dylib	/usr/lib/libintl.8.dylib	UNKNOWN	YES	MAYBE	YES	YES	RPATH_ADDITION_AND_LOAD_REWRITE	YES_ORACLE_USES_RPATH_MODEL	minos 17.0	sdk 17.2
usr/bin/od	892005eefd19238b316b94b3abf3349fc3377195349c57c25691db9f3c77c1aa	3FB6CE86-F8F7-3F3D-B149-9BC044F0168B	TBD_BATCH		/usr/lib	@rpath/libiosexec.1.dylib|/usr/lib/libintl.8.dylib|/System/Library/Frameworks/CoreFoundation.framework/CoreFoundation|/System/Library/Frameworks/CoreServices.framework/CoreServices|/usr/lib/libSystem.B.dylib	YES		/usr/lib|/var/jb/usr/lib	@rpath/libiosexec.1.dylib|@rpath/libintl.8.dylib|/System/Library/Frameworks/CoreFoundation.framework/CoreFoundation|/System/Library/Frameworks/CoreServices.framework/CoreServices|/usr/lib/libSystem.B.dylib	/System/Library/Frameworks/CoreFoundation.framework/CoreFoundation|/System/Library/Frameworks/CoreServices.framework/CoreServices|/usr/lib/libSystem.B.dylib	/usr/lib/libintl.8.dylib	UNKNOWN	YES	MAYBE	YES	YES	RPATH_ADDITION_AND_LOAD_REWRITE	YES_ORACLE_USES_RPATH_MODEL	minos 17.0	sdk 17.2
usr/bin/passwd	46e093197448267b222464f2649847709ea59b973314306b6fac9bb0bdc18a2a	5D816095-0491-3046-8CFA-19ACE156C251	TBD_BATCH		/usr/lib	@rpath/libiosexec.1.dylib|/System/Library/Frameworks/CoreFoundation.framework/CoreFoundation|/System/Library/Frameworks/IOKit.framework/Versions/A/IOKit|/usr/lib/libcrypt.2.dylib|/usr/lib/libpam.2.dylib|/usr/lib/libSystem.B.dylib	YES		/usr/lib|/var/jb/usr/lib	@rpath/libiosexec.1.dylib|/System/Library/Frameworks/CoreFoundation.framework/CoreFoundation|/System/Library/Frameworks/IOKit.framework/Versions/A/IOKit|@rpath/libcrypt.2.dylib|@rpath/libpam.2.dylib|/usr/lib/libSystem.B.dylib	/System/Library/Frameworks/CoreFoundation.framework/CoreFoundation|/System/Library/Frameworks/IOKit.framework/Versions/A/IOKit|/usr/lib/libSystem.B.dylib	/usr/lib/libcrypt.2.dylib|/usr/lib/libpam.2.dylib	UNKNOWN	YES	MAYBE	YES	YES	RPATH_ADDITION_AND_LOAD_REWRITE	YES_ORACLE_USES_RPATH_MODEL	minos 17.0	sdk 17.2
usr/bin/paste	ba948714aa2a22487ed99ca2ff1ff88737f1fe8bd08442165a71e3524d76bb18	7FA5D071-ECBE-396D-9272-12B5927E2529	TBD_BATCH		/usr/lib	@rpath/libiosexec.1.dylib|/usr/lib/libintl.8.dylib|/System/Library/Frameworks/CoreFoundation.framework/CoreFoundation|/System/Library/Frameworks/CoreServices.framework/CoreServices|/usr/lib/libSystem.B.dylib	YES		/usr/lib|/var/jb/usr/lib	@rpath/libiosexec.1.dylib|@rpath/libintl.8.dylib|/System/Library/Frameworks/CoreFoundation.framework/CoreFoundation|/System/Library/Frameworks/CoreServices.framework/CoreServices|/usr/lib/libSystem.B.dylib	/System/Library/Frameworks/CoreFoundation.framework/CoreFoundation|/System/Library/Frameworks/CoreServices.framework/CoreServices|/usr/lib/libSystem.B.dylib	/usr/lib/libintl.8.dylib	UNKNOWN	YES	MAYBE	YES	YES	RPATH_ADDITION_AND_LOAD_REWRITE	YES_ORACLE_USES_RPATH_MODEL	minos 17.0	sdk 17.2
usr/bin/pathchk	a8b398cb7b8a873b7b963d3c53f8b5658fb2b4cfbdf73aa3749acd7384b72e02	ABCDEB9E-D8C0-32D4-A4C6-F4890CFBB8DE	TBD_BATCH		/usr/lib	@rpath/libiosexec.1.dylib|/usr/lib/libintl.8.dylib|/System/Library/Frameworks/CoreFoundation.framework/CoreFoundation|/System/Library/Frameworks/CoreServices.framework/CoreServices|/usr/lib/libSystem.B.dylib	YES		/usr/lib|/var/jb/usr/lib	@rpath/libiosexec.1.dylib|@rpath/libintl.8.dylib|/System/Library/Frameworks/CoreFoundation.framework/CoreFoundation|/System/Library/Frameworks/CoreServices.framework/CoreServices|/usr/lib/libSystem.B.dylib	/System/Library/Frameworks/CoreFoundation.framework/CoreFoundation|/System/Library/Frameworks/CoreServices.framework/CoreServices|/usr/lib/libSystem.B.dylib	/usr/lib/libintl.8.dylib	UNKNOWN	YES	MAYBE	YES	YES	RPATH_ADDITION_AND_LOAD_REWRITE	YES_ORACLE_USES_RPATH_MODEL	minos 17.0	sdk 17.2
usr/bin/pax	2b1ae50c7a1e59b3b1db0f8c9fc399b4d433ae406da43b76b8169c17d70c3fc3	2B185586-0D55-3200-AA42-1E9150C1BF93	TBD_BATCH		/usr/lib	@rpath/libiosexec.1.dylib|/usr/lib/libSystem.B.dylib	NO		/usr/lib	@rpath/libiosexec.1.dylib|/usr/lib/libSystem.B.dylib	/usr/lib/libSystem.B.dylib		UNKNOWN	NO	NO	NO	NO	NO_REWRITE	YES_ORACLE_USES_RPATH_MODEL	minos 17.0	sdk 17.2
usr/bin/pinky	5b6a71fb58bf5e89fb070f4844dca1449f98ccfd3a8c717d659d5762dc177ad6	617C3274-07B3-30F2-9A58-8DCEEEDEC3C4	TBD_BATCH		/usr/lib	@rpath/libiosexec.1.dylib|/usr/lib/libintl.8.dylib|/System/Library/Frameworks/CoreFoundation.framework/CoreFoundation|/System/Library/Frameworks/CoreServices.framework/CoreServices|/usr/lib/libSystem.B.dylib	YES		/usr/lib|/var/jb/usr/lib	@rpath/libiosexec.1.dylib|@rpath/libintl.8.dylib|/System/Library/Frameworks/CoreFoundation.framework/CoreFoundation|/System/Library/Frameworks/CoreServices.framework/CoreServices|/usr/lib/libSystem.B.dylib	/System/Library/Frameworks/CoreFoundation.framework/CoreFoundation|/System/Library/Frameworks/CoreServices.framework/CoreServices|/usr/lib/libSystem.B.dylib	/usr/lib/libintl.8.dylib	UNKNOWN	YES	MAYBE	YES	YES	RPATH_ADDITION_AND_LOAD_REWRITE	YES_ORACLE_USES_RPATH_MODEL	minos 17.0	sdk 17.2
usr/bin/pr	5f40cf6935062ace991477fbfd6f256b0a35d254f04bdc64de5a0a4f770a3bb5	6939B93D-9E1D-34F5-81EA-8755552CFF68	TBD_BATCH		/usr/lib	@rpath/libiosexec.1.dylib|/usr/lib/libintl.8.dylib|/System/Library/Frameworks/CoreFoundation.framework/CoreFoundation|/System/Library/Frameworks/CoreServices.framework/CoreServices|/usr/lib/libSystem.B.dylib	YES		/usr/lib|/var/jb/usr/lib	@rpath/libiosexec.1.dylib|@rpath/libintl.8.dylib|/System/Library/Frameworks/CoreFoundation.framework/CoreFoundation|/System/Library/Frameworks/CoreServices.framework/CoreServices|/usr/lib/libSystem.B.dylib	/System/Library/Frameworks/CoreFoundation.framework/CoreFoundation|/System/Library/Frameworks/CoreServices.framework/CoreServices|/usr/lib/libSystem.B.dylib	/usr/lib/libintl.8.dylib	UNKNOWN	YES	MAYBE	YES	YES	RPATH_ADDITION_AND_LOAD_REWRITE	YES_ORACLE_USES_RPATH_MODEL	minos 17.0	sdk 17.2
usr/bin/printenv	3b8d43d830a21ed94d1b728ca783ccffdb7b80e6d3a49a09165c2ea8eaee84c2	CDDBF192-AD0E-35B4-B508-08E9729A185D	TBD_BATCH		/usr/lib	@rpath/libiosexec.1.dylib|/usr/lib/libintl.8.dylib|/System/Library/Frameworks/CoreFoundation.framework/CoreFoundation|/System/Library/Frameworks/CoreServices.framework/CoreServices|/usr/lib/libSystem.B.dylib	YES		/usr/lib|/var/jb/usr/lib	@rpath/libiosexec.1.dylib|@rpath/libintl.8.dylib|/System/Library/Frameworks/CoreFoundation.framework/CoreFoundation|/System/Library/Frameworks/CoreServices.framework/CoreServices|/usr/lib/libSystem.B.dylib	/System/Library/Frameworks/CoreFoundation.framework/CoreFoundation|/System/Library/Frameworks/CoreServices.framework/CoreServices|/usr/lib/libSystem.B.dylib	/usr/lib/libintl.8.dylib	UNKNOWN	YES	MAYBE	YES	YES	RPATH_ADDITION_AND_LOAD_REWRITE	YES_ORACLE_USES_RPATH_MODEL	minos 17.0	sdk 17.2
usr/bin/printf	d7090193033b4790691abef4df84dcf6737e99f908e8658eac0f079b2ec2f155	5DE22935-1403-3709-9B6D-4630B2C60F95	TBD_BATCH		/usr/lib	@rpath/libiosexec.1.dylib|/usr/lib/libintl.8.dylib|/System/Library/Frameworks/CoreFoundation.framework/CoreFoundation|/System/Library/Frameworks/CoreServices.framework/CoreServices|/usr/lib/libiconv.2.dylib|/usr/lib/libSystem.B.dylib	YES		/usr/lib|/var/jb/usr/lib	@rpath/libiosexec.1.dylib|@rpath/libintl.8.dylib|/System/Library/Frameworks/CoreFoundation.framework/CoreFoundation|/System/Library/Frameworks/CoreServices.framework/CoreServices|/usr/lib/libiconv.2.dylib|/usr/lib/libSystem.B.dylib	/System/Library/Frameworks/CoreFoundation.framework/CoreFoundation|/System/Library/Frameworks/CoreServices.framework/CoreServices|/usr/lib/libiconv.2.dylib|/usr/lib/libSystem.B.dylib	/usr/lib/libintl.8.dylib	UNKNOWN	YES	MAYBE	YES	YES	RPATH_ADDITION_AND_LOAD_REWRITE	YES_ORACLE_USES_RPATH_MODEL	minos 17.0	sdk 17.2
usr/bin/ptx	412493efb1e239e318e39f8526f72275b1eb801dbd4bc3e1f312732f8d2461c8	C66119A9-17AF-3372-97B2-48B53974CB39	TBD_BATCH		/usr/lib	@rpath/libiosexec.1.dylib|/usr/lib/libintl.8.dylib|/System/Library/Frameworks/CoreFoundation.framework/CoreFoundation|/System/Library/Frameworks/CoreServices.framework/CoreServices|/usr/lib/libSystem.B.dylib	YES		/usr/lib|/var/jb/usr/lib	@rpath/libiosexec.1.dylib|@rpath/libintl.8.dylib|/System/Library/Frameworks/CoreFoundation.framework/CoreFoundation|/System/Library/Frameworks/CoreServices.framework/CoreServices|/usr/lib/libSystem.B.dylib	/System/Library/Frameworks/CoreFoundation.framework/CoreFoundation|/System/Library/Frameworks/CoreServices.framework/CoreServices|/usr/lib/libSystem.B.dylib	/usr/lib/libintl.8.dylib	UNKNOWN	YES	MAYBE	YES	YES	RPATH_ADDITION_AND_LOAD_REWRITE	YES_ORACLE_USES_RPATH_MODEL	minos 17.0	sdk 17.2
usr/bin/purge	053332e17110afc43cb9ae8f7188400944f44c511f8e99fadb1558a10ee4b8ae	C282E345-3FD4-3DE7-AACB-BA641C7DACFE	TBD_BATCH		/usr/lib	@rpath/libiosexec.1.dylib|/System/Library/Frameworks/CoreFoundation.framework/CoreFoundation|/System/Library/Frameworks/IOKit.framework/Versions/A/IOKit|/usr/lib/libSystem.B.dylib	NO		/usr/lib	@rpath/libiosexec.1.dylib|/System/Library/Frameworks/CoreFoundation.framework/CoreFoundation|/System/Library/Frameworks/IOKit.framework/Versions/A/IOKit|/usr/lib/libSystem.B.dylib	/System/Library/Frameworks/CoreFoundation.framework/CoreFoundation|/System/Library/Frameworks/IOKit.framework/Versions/A/IOKit|/usr/lib/libSystem.B.dylib		UNKNOWN	NO	NO	NO	NO	NO_REWRITE	YES_ORACLE_USES_RPATH_MODEL	minos 17.0	sdk 17.2
usr/bin/pwd	56b1da3fe5d132c4a9274d7cc87b39778341d5cdaf9f4f67a6e381bf21637348	BEC77FEC-5301-30B7-A46D-4206E4EFC6AD	TBD_BATCH		/usr/lib	@rpath/libiosexec.1.dylib|/usr/lib/libintl.8.dylib|/System/Library/Frameworks/CoreFoundation.framework/CoreFoundation|/System/Library/Frameworks/CoreServices.framework/CoreServices|/usr/lib/libSystem.B.dylib	YES		/usr/lib|/var/jb/usr/lib	@rpath/libiosexec.1.dylib|@rpath/libintl.8.dylib|/System/Library/Frameworks/CoreFoundation.framework/CoreFoundation|/System/Library/Frameworks/CoreServices.framework/CoreServices|/usr/lib/libSystem.B.dylib	/System/Library/Frameworks/CoreFoundation.framework/CoreFoundation|/System/Library/Frameworks/CoreServices.framework/CoreServices|/usr/lib/libSystem.B.dylib	/usr/lib/libintl.8.dylib	UNKNOWN	YES	MAYBE	YES	YES	RPATH_ADDITION_AND_LOAD_REWRITE	YES_ORACLE_USES_RPATH_MODEL	minos 17.0	sdk 17.2
usr/bin/quota	d0ec1bf38f51eab842cafc8e2894c25ce72442d0b2405e366d8852c0eaff45e2	9C37F139-E7F5-3446-81C6-15EDC2EBAC24	TBD_BATCH		/usr/lib	@rpath/libiosexec.1.dylib|/usr/lib/libutil.dylib|/usr/lib/libSystem.B.dylib	NO		/usr/lib	@rpath/libiosexec.1.dylib|/usr/lib/libutil.dylib|/usr/lib/libSystem.B.dylib	/usr/lib/libutil.dylib|/usr/lib/libSystem.B.dylib		UNKNOWN	NO	NO	NO	NO	NO_REWRITE	YES_ORACLE_USES_RPATH_MODEL	minos 17.0	sdk 17.2
usr/bin/readlink	3ed41c7ab327e98eb8c95ab4ada1e20b85f1e09d3782572ee661fdec4fdccb5f	B9C74984-C58D-323C-8B2E-760E7956B5F5	TBD_BATCH		/usr/lib	@rpath/libiosexec.1.dylib|/usr/lib/libintl.8.dylib|/System/Library/Frameworks/CoreFoundation.framework/CoreFoundation|/System/Library/Frameworks/CoreServices.framework/CoreServices|/usr/lib/libSystem.B.dylib	YES		/usr/lib|/var/jb/usr/lib	@rpath/libiosexec.1.dylib|@rpath/libintl.8.dylib|/System/Library/Frameworks/CoreFoundation.framework/CoreFoundation|/System/Library/Frameworks/CoreServices.framework/CoreServices|/usr/lib/libSystem.B.dylib	/System/Library/Frameworks/CoreFoundation.framework/CoreFoundation|/System/Library/Frameworks/CoreServices.framework/CoreServices|/usr/lib/libSystem.B.dylib	/usr/lib/libintl.8.dylib	UNKNOWN	YES	MAYBE	YES	YES	RPATH_ADDITION_AND_LOAD_REWRITE	YES_ORACLE_USES_RPATH_MODEL	minos 17.0	sdk 17.2
usr/bin/realpath	0ec2de4c5d06add6fc28e0f024933f67c548270744cd75f1ee8770105d275117	832A7536-C88D-33A5-A7C6-568B887E1831	TBD_BATCH		/usr/lib	@rpath/libiosexec.1.dylib|/usr/lib/libintl.8.dylib|/System/Library/Frameworks/CoreFoundation.framework/CoreFoundation|/System/Library/Frameworks/CoreServices.framework/CoreServices|/usr/lib/libSystem.B.dylib	YES		/usr/lib|/var/jb/usr/lib	@rpath/libiosexec.1.dylib|@rpath/libintl.8.dylib|/System/Library/Frameworks/CoreFoundation.framework/CoreFoundation|/System/Library/Frameworks/CoreServices.framework/CoreServices|/usr/lib/libSystem.B.dylib	/System/Library/Frameworks/CoreFoundation.framework/CoreFoundation|/System/Library/Frameworks/CoreServices.framework/CoreServices|/usr/lib/libSystem.B.dylib	/usr/lib/libintl.8.dylib	UNKNOWN	YES	MAYBE	YES	YES	RPATH_ADDITION_AND_LOAD_REWRITE	YES_ORACLE_USES_RPATH_MODEL	minos 17.0	sdk 17.2
usr/bin/renice	9802faa5e53750491f286bdf8dccb7dcb9e8be5982c15e1e1cd3ea7f1368f115	9CE8C9E4-9FD7-3BE0-AF26-316300348E98	TBD_BATCH		/usr/lib	@rpath/libiosexec.1.dylib|/usr/lib/libSystem.B.dylib	NO		/usr/lib	@rpath/libiosexec.1.dylib|/usr/lib/libSystem.B.dylib	/usr/lib/libSystem.B.dylib		UNKNOWN	NO	NO	NO	NO	NO_REWRITE	YES_ORACLE_USES_RPATH_MODEL	minos 17.0	sdk 17.2
usr/bin/rm	2e7d6d86d29cdd757ead84929f2f114ce0368842e9ece159c5ab2f37987e2553	3C51DBB6-92B5-36D5-BBD8-CCFEF743A1B1	TBD_BATCH		/usr/lib	@rpath/libiosexec.1.dylib|/usr/lib/libintl.8.dylib|/System/Library/Frameworks/CoreFoundation.framework/CoreFoundation|/System/Library/Frameworks/CoreServices.framework/CoreServices|/usr/lib/libSystem.B.dylib	YES		/usr/lib|/var/jb/usr/lib	@rpath/libiosexec.1.dylib|@rpath/libintl.8.dylib|/System/Library/Frameworks/CoreFoundation.framework/CoreFoundation|/System/Library/Frameworks/CoreServices.framework/CoreServices|/usr/lib/libSystem.B.dylib	/System/Library/Frameworks/CoreFoundation.framework/CoreFoundation|/System/Library/Frameworks/CoreServices.framework/CoreServices|/usr/lib/libSystem.B.dylib	/usr/lib/libintl.8.dylib	UNKNOWN	YES	MAYBE	YES	YES	RPATH_ADDITION_AND_LOAD_REWRITE	YES_ORACLE_USES_RPATH_MODEL	minos 17.0	sdk 17.2
usr/bin/rmdir	08cdce407d0a9c5a920d41d7cc2a36e3e211219868f00ade9f4cb12288b7c4b4	55F7AF5B-D606-3E5E-BEAC-82CBB041D19F	TBD_BATCH		/usr/lib	@rpath/libiosexec.1.dylib|/usr/lib/libintl.8.dylib|/System/Library/Frameworks/CoreFoundation.framework/CoreFoundation|/System/Library/Frameworks/CoreServices.framework/CoreServices|/usr/lib/libSystem.B.dylib	YES		/usr/lib|/var/jb/usr/lib	@rpath/libiosexec.1.dylib|@rpath/libintl.8.dylib|/System/Library/Frameworks/CoreFoundation.framework/CoreFoundation|/System/Library/Frameworks/CoreServices.framework/CoreServices|/usr/lib/libSystem.B.dylib	/System/Library/Frameworks/CoreFoundation.framework/CoreFoundation|/System/Library/Frameworks/CoreServices.framework/CoreServices|/usr/lib/libSystem.B.dylib	/usr/lib/libintl.8.dylib	UNKNOWN	YES	MAYBE	YES	YES	RPATH_ADDITION_AND_LOAD_REWRITE	YES_ORACLE_USES_RPATH_MODEL	minos 17.0	sdk 17.2
usr/bin/run-parts	000dfe1fbc364613b9a3a262a38aaa29721ea315383353a34a6030ff46d374ea	D823C59A-BCF7-3B0E-AD07-C7737950DD7C	TBD_BATCH		/usr/lib	@rpath/libiosexec.1.dylib|/usr/lib/libSystem.B.dylib	NO		/usr/lib	@rpath/libiosexec.1.dylib|/usr/lib/libSystem.B.dylib	/usr/lib/libSystem.B.dylib		UNKNOWN	NO	NO	NO	NO	NO_REWRITE	YES_ORACLE_USES_RPATH_MODEL	minos 17.0	sdk 17.2
usr/bin/runcon	cb4c2080401e3db1fa0cb2f744406ed43fb5002eae09fbe62811159cc8bc6306	A4F19486-F646-3D5C-986D-581D58820017	TBD_BATCH		/usr/lib	@rpath/libiosexec.1.dylib|/usr/lib/libintl.8.dylib|/System/Library/Frameworks/CoreFoundation.framework/CoreFoundation|/System/Library/Frameworks/CoreServices.framework/CoreServices|/usr/lib/libSystem.B.dylib	YES		/usr/lib|/var/jb/usr/lib	@rpath/libiosexec.1.dylib|@rpath/libintl.8.dylib|/System/Library/Frameworks/CoreFoundation.framework/CoreFoundation|/System/Library/Frameworks/CoreServices.framework/CoreServices|/usr/lib/libSystem.B.dylib	/System/Library/Frameworks/CoreFoundation.framework/CoreFoundation|/System/Library/Frameworks/CoreServices.framework/CoreServices|/usr/lib/libSystem.B.dylib	/usr/lib/libintl.8.dylib	UNKNOWN	YES	MAYBE	YES	YES	RPATH_ADDITION_AND_LOAD_REWRITE	YES_ORACLE_USES_RPATH_MODEL	minos 17.0	sdk 17.2
usr/bin/sbreload	da609f4d5257a8f0b3d7a059d0f40fb75c7c7721f90750d3e810c1964dd50609	99A2174D-9734-31C4-8543-39801FC74119	TBD_BATCH		/usr/lib	@rpath/libiosexec.1.dylib|/usr/lib/libintl.8.dylib|/System/Library/Frameworks/Foundation.framework/Foundation|/usr/lib/libobjc.A.dylib|/usr/lib/libSystem.B.dylib	YES		/usr/lib|/var/jb/usr/lib	@rpath/libiosexec.1.dylib|@rpath/libintl.8.dylib|/System/Library/Frameworks/Foundation.framework/Foundation|/usr/lib/libobjc.A.dylib|/usr/lib/libSystem.B.dylib	/System/Library/Frameworks/Foundation.framework/Foundation|/usr/lib/libobjc.A.dylib|/usr/lib/libSystem.B.dylib	/usr/lib/libintl.8.dylib	UNKNOWN	YES	MAYBE	YES	YES	RPATH_ADDITION_AND_LOAD_REWRITE	YES_ORACLE_USES_RPATH_MODEL	minos 17.0	sdk 17.2
usr/bin/sc_usage	1fb1fd0c3e7427045c4343195de3019136b68a5f1bf1fe65bfc0e2449f11a1da	CF3AC16D-AA06-3495-9D4F-D295A3C039CE	TBD_BATCH		/usr/lib	@rpath/libiosexec.1.dylib|/System/Library/Frameworks/CoreFoundation.framework/CoreFoundation|/System/Library/Frameworks/IOKit.framework/Versions/A/IOKit|/usr/lib/libncursesw.6.dylib|/usr/lib/libSystem.B.dylib	YES		/usr/lib|/var/jb/usr/lib	@rpath/libiosexec.1.dylib|/System/Library/Frameworks/CoreFoundation.framework/CoreFoundation|/System/Library/Frameworks/IOKit.framework/Versions/A/IOKit|@rpath/libncursesw.6.dylib|/usr/lib/libSystem.B.dylib	/System/Library/Frameworks/CoreFoundation.framework/CoreFoundation|/System/Library/Frameworks/IOKit.framework/Versions/A/IOKit|/usr/lib/libSystem.B.dylib	/usr/lib/libncursesw.6.dylib	UNKNOWN	YES	MAYBE	YES	YES	RPATH_ADDITION_AND_LOAD_REWRITE	YES_ORACLE_USES_RPATH_MODEL	minos 17.0	sdk 17.2
usr/bin/script	990214d5fd3f077540ec6947a02da7102be7c8847acccd78cf163e87d6f97f63	C7CFFB68-1129-3905-9D02-BEDC8024FE08	TBD_BATCH		/usr/lib	@rpath/libiosexec.1.dylib|/usr/lib/libSystem.B.dylib	NO		/usr/lib	@rpath/libiosexec.1.dylib|/usr/lib/libSystem.B.dylib	/usr/lib/libSystem.B.dylib		UNKNOWN	NO	NO	NO	NO	NO_REWRITE	YES_ORACLE_USES_RPATH_MODEL	minos 17.0	sdk 17.2
usr/bin/sdiff	60ef5987beed660bcad0d38d85978ad430a0f9f20cfa389376907a8e51eb6d55	8DB426F3-B254-345C-A434-96035A5B2DCE	TBD_BATCH		/usr/lib	@rpath/libiosexec.1.dylib|/usr/lib/libintl.8.dylib|/System/Library/Frameworks/CoreFoundation.framework/CoreFoundation|/usr/lib/libiconv.2.dylib|/usr/lib/libSystem.B.dylib	YES		/usr/lib|/var/jb/usr/lib	@rpath/libiosexec.1.dylib|@rpath/libintl.8.dylib|/System/Library/Frameworks/CoreFoundation.framework/CoreFoundation|/usr/lib/libiconv.2.dylib|/usr/lib/libSystem.B.dylib	/System/Library/Frameworks/CoreFoundation.framework/CoreFoundation|/usr/lib/libiconv.2.dylib|/usr/lib/libSystem.B.dylib	/usr/lib/libintl.8.dylib	UNKNOWN	YES	MAYBE	YES	YES	RPATH_ADDITION_AND_LOAD_REWRITE	YES_ORACLE_USES_RPATH_MODEL	minos 17.0	sdk 17.2
usr/bin/sed	be0453e46bb13226aaa9ad1a93a2d94269ebfbcaaaaae8d5a42081db6adf3a6f	C29FAD41-DC6E-3787-8B21-C3968A6B26C7	TBD_BATCH		/usr/lib	@rpath/libiosexec.1.dylib|/usr/lib/libintl.8.dylib|/System/Library/Frameworks/CoreFoundation.framework/CoreFoundation|/usr/lib/libSystem.B.dylib	YES		/usr/lib|/var/jb/usr/lib	@rpath/libiosexec.1.dylib|@rpath/libintl.8.dylib|/System/Library/Frameworks/CoreFoundation.framework/CoreFoundation|/usr/lib/libSystem.B.dylib	/System/Library/Frameworks/CoreFoundation.framework/CoreFoundation|/usr/lib/libSystem.B.dylib	/usr/lib/libintl.8.dylib	UNKNOWN	YES	MAYBE	YES	YES	RPATH_ADDITION_AND_LOAD_REWRITE	YES_ORACLE_USES_RPATH_MODEL	minos 17.0	sdk 17.2
usr/bin/seq	20e3c792b8134515bedf0c67371bd344ef59dc7514c30b5ffc08981d14355644	1DCFB034-E590-374C-A6D7-38195BF14A81	TBD_BATCH		/usr/lib	@rpath/libiosexec.1.dylib|/usr/lib/libintl.8.dylib|/System/Library/Frameworks/CoreFoundation.framework/CoreFoundation|/System/Library/Frameworks/CoreServices.framework/CoreServices|/usr/lib/libSystem.B.dylib	YES		/usr/lib|/var/jb/usr/lib	@rpath/libiosexec.1.dylib|@rpath/libintl.8.dylib|/System/Library/Frameworks/CoreFoundation.framework/CoreFoundation|/System/Library/Frameworks/CoreServices.framework/CoreServices|/usr/lib/libSystem.B.dylib	/System/Library/Frameworks/CoreFoundation.framework/CoreFoundation|/System/Library/Frameworks/CoreServices.framework/CoreServices|/usr/lib/libSystem.B.dylib	/usr/lib/libintl.8.dylib	UNKNOWN	YES	MAYBE	YES	YES	RPATH_ADDITION_AND_LOAD_REWRITE	YES_ORACLE_USES_RPATH_MODEL	minos 17.0	sdk 17.2
usr/bin/sha1sum	6798fcd541de88c29859ec4ef73707d0e406e4948bc11c7ff85041c7169616c0	2C40C8EA-BDF8-3D93-B454-3DCFDC48F320	TBD_BATCH		/usr/lib	@rpath/libiosexec.1.dylib|/usr/lib/libintl.8.dylib|/System/Library/Frameworks/CoreFoundation.framework/CoreFoundation|/System/Library/Frameworks/CoreServices.framework/CoreServices|/usr/lib/libcrypto.3.dylib|/usr/lib/libSystem.B.dylib	YES		/usr/lib|/var/jb/usr/lib	@rpath/libiosexec.1.dylib|@rpath/libintl.8.dylib|/System/Library/Frameworks/CoreFoundation.framework/CoreFoundation|/System/Library/Frameworks/CoreServices.framework/CoreServices|@rpath/libcrypto.3.dylib|/usr/lib/libSystem.B.dylib	/System/Library/Frameworks/CoreFoundation.framework/CoreFoundation|/System/Library/Frameworks/CoreServices.framework/CoreServices|/usr/lib/libSystem.B.dylib	/usr/lib/libintl.8.dylib|/usr/lib/libcrypto.3.dylib	UNKNOWN	YES	MAYBE	YES	YES	RPATH_ADDITION_AND_LOAD_REWRITE	YES_ORACLE_USES_RPATH_MODEL	minos 17.0	sdk 17.2
usr/bin/sha224sum	8a16e62093d69fecf5ccb3edef32e551f7d598a3ca5d2b9708f4139ca6b325ac	01EDA101-E403-33EE-BBDF-B1EBE4FB936A	TBD_BATCH		/usr/lib	@rpath/libiosexec.1.dylib|/usr/lib/libintl.8.dylib|/System/Library/Frameworks/CoreFoundation.framework/CoreFoundation|/System/Library/Frameworks/CoreServices.framework/CoreServices|/usr/lib/libcrypto.3.dylib|/usr/lib/libSystem.B.dylib	YES		/usr/lib|/var/jb/usr/lib	@rpath/libiosexec.1.dylib|@rpath/libintl.8.dylib|/System/Library/Frameworks/CoreFoundation.framework/CoreFoundation|/System/Library/Frameworks/CoreServices.framework/CoreServices|@rpath/libcrypto.3.dylib|/usr/lib/libSystem.B.dylib	/System/Library/Frameworks/CoreFoundation.framework/CoreFoundation|/System/Library/Frameworks/CoreServices.framework/CoreServices|/usr/lib/libSystem.B.dylib	/usr/lib/libintl.8.dylib|/usr/lib/libcrypto.3.dylib	UNKNOWN	YES	MAYBE	YES	YES	RPATH_ADDITION_AND_LOAD_REWRITE	YES_ORACLE_USES_RPATH_MODEL	minos 17.0	sdk 17.2
usr/bin/sha256sum	93dcbe69aa3570b7b13c38d9ce69c2616c0f9e5e8b0bf0c3806c184c2d67175c	53BE219B-A6D5-38F5-97DC-BC05396892B1	TBD_BATCH		/usr/lib	@rpath/libiosexec.1.dylib|/usr/lib/libintl.8.dylib|/System/Library/Frameworks/CoreFoundation.framework/CoreFoundation|/System/Library/Frameworks/CoreServices.framework/CoreServices|/usr/lib/libcrypto.3.dylib|/usr/lib/libSystem.B.dylib	YES		/usr/lib|/var/jb/usr/lib	@rpath/libiosexec.1.dylib|@rpath/libintl.8.dylib|/System/Library/Frameworks/CoreFoundation.framework/CoreFoundation|/System/Library/Frameworks/CoreServices.framework/CoreServices|@rpath/libcrypto.3.dylib|/usr/lib/libSystem.B.dylib	/System/Library/Frameworks/CoreFoundation.framework/CoreFoundation|/System/Library/Frameworks/CoreServices.framework/CoreServices|/usr/lib/libSystem.B.dylib	/usr/lib/libintl.8.dylib|/usr/lib/libcrypto.3.dylib	UNKNOWN	YES	MAYBE	YES	YES	RPATH_ADDITION_AND_LOAD_REWRITE	YES_ORACLE_USES_RPATH_MODEL	minos 17.0	sdk 17.2
usr/bin/sha384sum	b6e203e28dea515cd5320c06d1bd429d038f46d40a5ae1d992356fa67573edfd	D0C3B6E5-6F38-3913-BAFC-3B0733171AF1	TBD_BATCH		/usr/lib	@rpath/libiosexec.1.dylib|/usr/lib/libintl.8.dylib|/System/Library/Frameworks/CoreFoundation.framework/CoreFoundation|/System/Library/Frameworks/CoreServices.framework/CoreServices|/usr/lib/libcrypto.3.dylib|/usr/lib/libSystem.B.dylib	YES		/usr/lib|/var/jb/usr/lib	@rpath/libiosexec.1.dylib|@rpath/libintl.8.dylib|/System/Library/Frameworks/CoreFoundation.framework/CoreFoundation|/System/Library/Frameworks/CoreServices.framework/CoreServices|@rpath/libcrypto.3.dylib|/usr/lib/libSystem.B.dylib	/System/Library/Frameworks/CoreFoundation.framework/CoreFoundation|/System/Library/Frameworks/CoreServices.framework/CoreServices|/usr/lib/libSystem.B.dylib	/usr/lib/libintl.8.dylib|/usr/lib/libcrypto.3.dylib	UNKNOWN	YES	MAYBE	YES	YES	RPATH_ADDITION_AND_LOAD_REWRITE	YES_ORACLE_USES_RPATH_MODEL	minos 17.0	sdk 17.2
usr/bin/sha512sum	6421f180135a8a823f75cc5cf8d48304c82a418d03d5e837ca540f996c198982	752F2360-C908-37E4-8423-1B38ED696F43	TBD_BATCH		/usr/lib	@rpath/libiosexec.1.dylib|/usr/lib/libintl.8.dylib|/System/Library/Frameworks/CoreFoundation.framework/CoreFoundation|/System/Library/Frameworks/CoreServices.framework/CoreServices|/usr/lib/libcrypto.3.dylib|/usr/lib/libSystem.B.dylib	YES		/usr/lib|/var/jb/usr/lib	@rpath/libiosexec.1.dylib|@rpath/libintl.8.dylib|/System/Library/Frameworks/CoreFoundation.framework/CoreFoundation|/System/Library/Frameworks/CoreServices.framework/CoreServices|@rpath/libcrypto.3.dylib|/usr/lib/libSystem.B.dylib	/System/Library/Frameworks/CoreFoundation.framework/CoreFoundation|/System/Library/Frameworks/CoreServices.framework/CoreServices|/usr/lib/libSystem.B.dylib	/usr/lib/libintl.8.dylib|/usr/lib/libcrypto.3.dylib	UNKNOWN	YES	MAYBE	YES	YES	RPATH_ADDITION_AND_LOAD_REWRITE	YES_ORACLE_USES_RPATH_MODEL	minos 17.0	sdk 17.2
usr/bin/shlock	571b73ba6a8d332eecbda772f7667d6a80a62bb0caff7054374e30eb9bbb388c	EC7FDD16-0F2D-38D7-A304-72544D2662CC	TBD_BATCH		/usr/lib	@rpath/libiosexec.1.dylib|/usr/lib/libSystem.B.dylib	NO		/usr/lib	@rpath/libiosexec.1.dylib|/usr/lib/libSystem.B.dylib	/usr/lib/libSystem.B.dylib		UNKNOWN	NO	NO	NO	NO	NO_REWRITE	YES_ORACLE_USES_RPATH_MODEL	minos 17.0	sdk 17.2
usr/bin/shred	f47026e754c7606f68fd64d0fd53efd1201503d3901f5ac85615c628741c38e0	A015B710-39E6-3693-9A83-112B7189F813	TBD_BATCH		/usr/lib	@rpath/libiosexec.1.dylib|/usr/lib/libintl.8.dylib|/System/Library/Frameworks/CoreFoundation.framework/CoreFoundation|/System/Library/Frameworks/CoreServices.framework/CoreServices|/usr/lib/libSystem.B.dylib	YES		/usr/lib|/var/jb/usr/lib	@rpath/libiosexec.1.dylib|@rpath/libintl.8.dylib|/System/Library/Frameworks/CoreFoundation.framework/CoreFoundation|/System/Library/Frameworks/CoreServices.framework/CoreServices|/usr/lib/libSystem.B.dylib	/System/Library/Frameworks/CoreFoundation.framework/CoreFoundation|/System/Library/Frameworks/CoreServices.framework/CoreServices|/usr/lib/libSystem.B.dylib	/usr/lib/libintl.8.dylib	UNKNOWN	YES	MAYBE	YES	YES	RPATH_ADDITION_AND_LOAD_REWRITE	YES_ORACLE_USES_RPATH_MODEL	minos 17.0	sdk 17.2
usr/bin/shuf	db425f127db01fd12f3be290e892d937ad1af43eda7df39eefb081115c8235b8	0C9FF2FD-CF6F-3B2B-9093-BC84733D6033	TBD_BATCH		/usr/lib	@rpath/libiosexec.1.dylib|/usr/lib/libintl.8.dylib|/System/Library/Frameworks/CoreFoundation.framework/CoreFoundation|/System/Library/Frameworks/CoreServices.framework/CoreServices|/usr/lib/libSystem.B.dylib	YES		/usr/lib|/var/jb/usr/lib	@rpath/libiosexec.1.dylib|@rpath/libintl.8.dylib|/System/Library/Frameworks/CoreFoundation.framework/CoreFoundation|/System/Library/Frameworks/CoreServices.framework/CoreServices|/usr/lib/libSystem.B.dylib	/System/Library/Frameworks/CoreFoundation.framework/CoreFoundation|/System/Library/Frameworks/CoreServices.framework/CoreServices|/usr/lib/libSystem.B.dylib	/usr/lib/libintl.8.dylib	UNKNOWN	YES	MAYBE	YES	YES	RPATH_ADDITION_AND_LOAD_REWRITE	YES_ORACLE_USES_RPATH_MODEL	minos 17.0	sdk 17.2
usr/bin/sleep	4407f40da1bfb4f41c0f40c608c709770f6ff593a1f3f8ab195fe5d8f3d31b71	AAECD9A6-E28A-35E0-920E-C9F3D8A95A71	TBD_BATCH		/usr/lib	@rpath/libiosexec.1.dylib|/usr/lib/libintl.8.dylib|/System/Library/Frameworks/CoreFoundation.framework/CoreFoundation|/System/Library/Frameworks/CoreServices.framework/CoreServices|/usr/lib/libSystem.B.dylib	YES		/usr/lib|/var/jb/usr/lib	@rpath/libiosexec.1.dylib|@rpath/libintl.8.dylib|/System/Library/Frameworks/CoreFoundation.framework/CoreFoundation|/System/Library/Frameworks/CoreServices.framework/CoreServices|/usr/lib/libSystem.B.dylib	/System/Library/Frameworks/CoreFoundation.framework/CoreFoundation|/System/Library/Frameworks/CoreServices.framework/CoreServices|/usr/lib/libSystem.B.dylib	/usr/lib/libintl.8.dylib	UNKNOWN	YES	MAYBE	YES	YES	RPATH_ADDITION_AND_LOAD_REWRITE	YES_ORACLE_USES_RPATH_MODEL	minos 17.0	sdk 17.2
usr/bin/snaputil	4f13199f1607b2fd04e5b0a59547fbc1f1d694b9edc765caf14be4a50c7844af	2548FE38-E29E-373D-9BCC-3935D6F3F07C	TBD_BATCH		/usr/lib	@rpath/libiosexec.1.dylib|/System/Library/Frameworks/CoreFoundation.framework/CoreFoundation|/System/Library/Frameworks/IOKit.framework/Versions/A/IOKit|/usr/lib/libSystem.B.dylib	NO		/usr/lib	@rpath/libiosexec.1.dylib|/System/Library/Frameworks/CoreFoundation.framework/CoreFoundation|/System/Library/Frameworks/IOKit.framework/Versions/A/IOKit|/usr/lib/libSystem.B.dylib	/System/Library/Frameworks/CoreFoundation.framework/CoreFoundation|/System/Library/Frameworks/IOKit.framework/Versions/A/IOKit|/usr/lib/libSystem.B.dylib		UNKNOWN	NO	NO	NO	NO	NO_REWRITE	YES_ORACLE_USES_RPATH_MODEL	minos 17.0	sdk 17.2
usr/bin/sort	f9cd16405c609cd8108eb82abf6f9ab6931900ae3837f3dfaab69d45ee10d067	252C7CF5-EEAF-3C50-8871-C6471582EF60	TBD_BATCH		/usr/lib	@rpath/libiosexec.1.dylib|/usr/lib/libintl.8.dylib|/System/Library/Frameworks/CoreFoundation.framework/CoreFoundation|/System/Library/Frameworks/CoreServices.framework/CoreServices|/usr/lib/libcrypto.3.dylib|/usr/lib/libSystem.B.dylib	YES		/usr/lib|/var/jb/usr/lib	@rpath/libiosexec.1.dylib|@rpath/libintl.8.dylib|/System/Library/Frameworks/CoreFoundation.framework/CoreFoundation|/System/Library/Frameworks/CoreServices.framework/CoreServices|@rpath/libcrypto.3.dylib|/usr/lib/libSystem.B.dylib	/System/Library/Frameworks/CoreFoundation.framework/CoreFoundation|/System/Library/Frameworks/CoreServices.framework/CoreServices|/usr/lib/libSystem.B.dylib	/usr/lib/libintl.8.dylib|/usr/lib/libcrypto.3.dylib	UNKNOWN	YES	MAYBE	YES	YES	RPATH_ADDITION_AND_LOAD_REWRITE	YES_ORACLE_USES_RPATH_MODEL	minos 17.0	sdk 17.2
usr/bin/split	c391aabf33609fa6e045d320bab5978dd47145a2b58bef5c014ff8ca42cb78df	7AB46618-4A8F-3318-A981-6C00C919611B	TBD_BATCH		/usr/lib	@rpath/libiosexec.1.dylib|/usr/lib/libintl.8.dylib|/System/Library/Frameworks/CoreFoundation.framework/CoreFoundation|/System/Library/Frameworks/CoreServices.framework/CoreServices|/usr/lib/libSystem.B.dylib	YES		/usr/lib|/var/jb/usr/lib	@rpath/libiosexec.1.dylib|@rpath/libintl.8.dylib|/System/Library/Frameworks/CoreFoundation.framework/CoreFoundation|/System/Library/Frameworks/CoreServices.framework/CoreServices|/usr/lib/libSystem.B.dylib	/System/Library/Frameworks/CoreFoundation.framework/CoreFoundation|/System/Library/Frameworks/CoreServices.framework/CoreServices|/usr/lib/libSystem.B.dylib	/usr/lib/libintl.8.dylib	UNKNOWN	YES	MAYBE	YES	YES	RPATH_ADDITION_AND_LOAD_REWRITE	YES_ORACLE_USES_RPATH_MODEL	minos 17.0	sdk 17.2
usr/bin/stackshot	176c0d537d208ce311e506d805f1aaead1ce59ea58d4d014d1d66c912a15c941	F81B1A2E-B44B-31A7-929A-6392C684D5B1	TBD_BATCH		/usr/lib	@rpath/libiosexec.1.dylib|/System/Library/Frameworks/CoreFoundation.framework/CoreFoundation|/System/Library/Frameworks/IOKit.framework/Versions/A/IOKit|/usr/lib/libbsm.0.dylib|/usr/lib/libSystem.B.dylib	NO		/usr/lib	@rpath/libiosexec.1.dylib|/System/Library/Frameworks/CoreFoundation.framework/CoreFoundation|/System/Library/Frameworks/IOKit.framework/Versions/A/IOKit|/usr/lib/libbsm.0.dylib|/usr/lib/libSystem.B.dylib	/System/Library/Frameworks/CoreFoundation.framework/CoreFoundation|/System/Library/Frameworks/IOKit.framework/Versions/A/IOKit|/usr/lib/libbsm.0.dylib|/usr/lib/libSystem.B.dylib		UNKNOWN	NO	NO	NO	NO	NO_REWRITE	YES_ORACLE_USES_RPATH_MODEL	minos 17.0	sdk 17.2
usr/bin/stat	e808d1d0635c4877775eafac6179d5e28f07e0a9366019fc7bf8fd350979b670	C19662EB-BFBD-3648-BE9D-EAB82C27ACA5	TBD_BATCH		/usr/lib	@rpath/libiosexec.1.dylib|/usr/lib/libintl.8.dylib|/System/Library/Frameworks/CoreFoundation.framework/CoreFoundation|/System/Library/Frameworks/CoreServices.framework/CoreServices|/usr/lib/libSystem.B.dylib	YES		/usr/lib|/var/jb/usr/lib	@rpath/libiosexec.1.dylib|@rpath/libintl.8.dylib|/System/Library/Frameworks/CoreFoundation.framework/CoreFoundation|/System/Library/Frameworks/CoreServices.framework/CoreServices|/usr/lib/libSystem.B.dylib	/System/Library/Frameworks/CoreFoundation.framework/CoreFoundation|/System/Library/Frameworks/CoreServices.framework/CoreServices|/usr/lib/libSystem.B.dylib	/usr/lib/libintl.8.dylib	UNKNOWN	YES	MAYBE	YES	YES	RPATH_ADDITION_AND_LOAD_REWRITE	YES_ORACLE_USES_RPATH_MODEL	minos 17.0	sdk 17.2
usr/bin/stdbuf	a4701a7d79c51203be00810832c1473ef3a352fa3447cff524fb681a9fe97c28	801644F9-AE6C-376A-BCFB-EC0D577E1D99	TBD_BATCH		/usr/lib	@rpath/libiosexec.1.dylib|/usr/lib/libintl.8.dylib|/System/Library/Frameworks/CoreFoundation.framework/CoreFoundation|/System/Library/Frameworks/CoreServices.framework/CoreServices|/usr/lib/libSystem.B.dylib	YES		/usr/lib|/var/jb/usr/lib	@rpath/libiosexec.1.dylib|@rpath/libintl.8.dylib|/System/Library/Frameworks/CoreFoundation.framework/CoreFoundation|/System/Library/Frameworks/CoreServices.framework/CoreServices|/usr/lib/libSystem.B.dylib	/System/Library/Frameworks/CoreFoundation.framework/CoreFoundation|/System/Library/Frameworks/CoreServices.framework/CoreServices|/usr/lib/libSystem.B.dylib	/usr/lib/libintl.8.dylib	UNKNOWN	YES	MAYBE	YES	YES	RPATH_ADDITION_AND_LOAD_REWRITE	YES_ORACLE_USES_RPATH_MODEL	minos 17.0	sdk 17.2
usr/bin/stty	0037125581098eae8466de04deca09fd602a1441db875a142724aad28bdfd5ae	1FCDC4FF-A2AA-3460-BC1E-A1490CEF205E	TBD_BATCH		/usr/lib	@rpath/libiosexec.1.dylib|/usr/lib/libintl.8.dylib|/System/Library/Frameworks/CoreFoundation.framework/CoreFoundation|/System/Library/Frameworks/CoreServices.framework/CoreServices|/usr/lib/libSystem.B.dylib	YES		/usr/lib|/var/jb/usr/lib	@rpath/libiosexec.1.dylib|@rpath/libintl.8.dylib|/System/Library/Frameworks/CoreFoundation.framework/CoreFoundation|/System/Library/Frameworks/CoreServices.framework/CoreServices|/usr/lib/libSystem.B.dylib	/System/Library/Frameworks/CoreFoundation.framework/CoreFoundation|/System/Library/Frameworks/CoreServices.framework/CoreServices|/usr/lib/libSystem.B.dylib	/usr/lib/libintl.8.dylib	UNKNOWN	YES	MAYBE	YES	YES	RPATH_ADDITION_AND_LOAD_REWRITE	YES_ORACLE_USES_RPATH_MODEL	minos 17.0	sdk 17.2
usr/bin/su	8065cf5416f5772938d1bf6863e7fadb3975e04848a91589c089247893e9388a	416EED7F-5C44-3F5A-90C3-7979121DD4B5	TBD_BATCH		/usr/lib	@rpath/libiosexec.1.dylib|/usr/lib/libpam.2.dylib|/usr/lib/libSystem.B.dylib	YES		/usr/lib|/var/jb/usr/lib	@rpath/libiosexec.1.dylib|@rpath/libpam.2.dylib|/usr/lib/libSystem.B.dylib	/usr/lib/libSystem.B.dylib	/usr/lib/libpam.2.dylib	UNKNOWN	YES	MAYBE	YES	YES	RPATH_ADDITION_AND_LOAD_REWRITE	YES_ORACLE_USES_RPATH_MODEL	minos 17.0	sdk 17.2
usr/bin/sudo	e0cfa6af546826e1c5c06e54791664a9d8fbb218ade8f9a7b62412eedaeb3fc8	97427A4A-B338-35E6-B30C-5CA351BB2DBE	TBD_BATCH		/usr/libexec/sudo|/usr/lib	/usr/libexec/sudo/libsudo_util.0.dylib|/usr/lib/libutil.dylib|/usr/lib/libpam.2.dylib|/usr/lib/libssl.3.dylib|/usr/lib/libz.1.dylib|@rpath/libiosexec.1.dylib|/usr/lib/libintl.8.dylib|/usr/lib/libcrypto.3.dylib|/usr/lib/libSystem.B.dylib	YES		/usr/libexec/sudo|/usr/lib|/var/jb/usr/lib	/usr/libexec/sudo/libsudo_util.0.dylib|/usr/lib/libutil.dylib|@rpath/libpam.2.dylib|@rpath/libssl.3.dylib|/usr/lib/libz.1.dylib|@rpath/libiosexec.1.dylib|@rpath/libintl.8.dylib|@rpath/libcrypto.3.dylib|/usr/lib/libSystem.B.dylib	/usr/lib/libutil.dylib|/usr/lib/libz.1.dylib|/usr/lib/libSystem.B.dylib	/usr/lib/libpam.2.dylib|/usr/lib/libssl.3.dylib|/usr/lib/libintl.8.dylib|/usr/lib/libcrypto.3.dylib	UNKNOWN	YES	MAYBE	YES	YES	RPATH_ADDITION_AND_LOAD_REWRITE	YES_ORACLE_USES_RPATH_MODEL	minos 17.0	sdk 17.2
usr/bin/sudoreplay	25bb6885d7de085d6e767612e0e205f55355ad8dfe9a9c8e9e66dbcbd542b5a8	5B7165ED-51A3-3612-8C28-E13D8605445A	TBD_BATCH		/usr/lib	/usr/lib/libz.1.dylib|/usr/libexec/sudo/libsudo_util.0.dylib|@rpath/libiosexec.1.dylib|/usr/lib/libintl.8.dylib|/usr/lib/libcrypto.3.dylib|/usr/lib/libSystem.B.dylib	YES		/usr/lib|/var/jb/usr/lib	/usr/lib/libz.1.dylib|/usr/libexec/sudo/libsudo_util.0.dylib|@rpath/libiosexec.1.dylib|@rpath/libintl.8.dylib|@rpath/libcrypto.3.dylib|/usr/lib/libSystem.B.dylib	/usr/lib/libz.1.dylib|/usr/lib/libSystem.B.dylib	/usr/lib/libintl.8.dylib|/usr/lib/libcrypto.3.dylib	UNKNOWN	YES	MAYBE	YES	YES	RPATH_ADDITION_AND_LOAD_REWRITE	YES_ORACLE_USES_RPATH_MODEL	minos 17.0	sdk 17.2
usr/bin/sum	dffdebf9c0c4a8e60334f1671f2643728338512bf5ba856f43ee3ceaaf4eac40	10932FFF-AC8F-34F1-B914-4ECE70ED4314	TBD_BATCH		/usr/lib	@rpath/libiosexec.1.dylib|/usr/lib/libintl.8.dylib|/System/Library/Frameworks/CoreFoundation.framework/CoreFoundation|/System/Library/Frameworks/CoreServices.framework/CoreServices|/usr/lib/libSystem.B.dylib	YES		/usr/lib|/var/jb/usr/lib	@rpath/libiosexec.1.dylib|@rpath/libintl.8.dylib|/System/Library/Frameworks/CoreFoundation.framework/CoreFoundation|/System/Library/Frameworks/CoreServices.framework/CoreServices|/usr/lib/libSystem.B.dylib	/System/Library/Frameworks/CoreFoundation.framework/CoreFoundation|/System/Library/Frameworks/CoreServices.framework/CoreServices|/usr/lib/libSystem.B.dylib	/usr/lib/libintl.8.dylib	UNKNOWN	YES	MAYBE	YES	YES	RPATH_ADDITION_AND_LOAD_REWRITE	YES_ORACLE_USES_RPATH_MODEL	minos 17.0	sdk 17.2
usr/bin/sw_vers	a50f4700fa24ede45cb561c9cd0c27e8042050cdb9e13dba5197c6afa8362b2d	C424AD9E-B1F5-35A7-9674-72A59798791C	TBD_BATCH		/usr/lib	/System/Library/Frameworks/CoreFoundation.framework/CoreFoundation|/usr/lib/libSystem.B.dylib	NO		/usr/lib	/System/Library/Frameworks/CoreFoundation.framework/CoreFoundation|/usr/lib/libSystem.B.dylib	/System/Library/Frameworks/CoreFoundation.framework/CoreFoundation|/usr/lib/libSystem.B.dylib		UNKNOWN	NO	NO	NO	NO	NO_REWRITE	YES_ORACLE_USES_RPATH_MODEL	minos 17.0	sdk 17.2
usr/bin/sync	eb3f7ffcdbb05ef8c466a04c2c7a4eed921ca95eb445002d876ea84f0c52c318	5745D9A1-7F4A-32FD-BDFA-A1CCD859764B	TBD_BATCH		/usr/lib	@rpath/libiosexec.1.dylib|/usr/lib/libintl.8.dylib|/System/Library/Frameworks/CoreFoundation.framework/CoreFoundation|/System/Library/Frameworks/CoreServices.framework/CoreServices|/usr/lib/libSystem.B.dylib	YES		/usr/lib|/var/jb/usr/lib	@rpath/libiosexec.1.dylib|@rpath/libintl.8.dylib|/System/Library/Frameworks/CoreFoundation.framework/CoreFoundation|/System/Library/Frameworks/CoreServices.framework/CoreServices|/usr/lib/libSystem.B.dylib	/System/Library/Frameworks/CoreFoundation.framework/CoreFoundation|/System/Library/Frameworks/CoreServices.framework/CoreServices|/usr/lib/libSystem.B.dylib	/usr/lib/libintl.8.dylib	UNKNOWN	YES	MAYBE	YES	YES	RPATH_ADDITION_AND_LOAD_REWRITE	YES_ORACLE_USES_RPATH_MODEL	minos 17.0	sdk 17.2
usr/bin/systime	bee7fa59c4767f7e84ed0f9c2fa15a28beb31e0265e9fa10681bdd9cdbd029b1	4A6B60AE-59C0-3019-B7D4-4830D9AD16F6	TBD_BATCH		/usr/lib	@rpath/libiosexec.1.dylib|/usr/lib/libSystem.B.dylib	NO		/usr/lib	@rpath/libiosexec.1.dylib|/usr/lib/libSystem.B.dylib	/usr/lib/libSystem.B.dylib		UNKNOWN	NO	NO	NO	NO	NO_REWRITE	YES_ORACLE_USES_RPATH_MODEL	minos 17.0	sdk 17.2
usr/bin/tac	d4779fc5a5b6032c971ec2c1a7a74b0ef6f8dbb192b889c2b282501f59141764	306CBE56-83BD-3FD6-9AB8-3D71A65AFD75	TBD_BATCH		/usr/lib	@rpath/libiosexec.1.dylib|/usr/lib/libintl.8.dylib|/System/Library/Frameworks/CoreFoundation.framework/CoreFoundation|/System/Library/Frameworks/CoreServices.framework/CoreServices|/usr/lib/libSystem.B.dylib	YES		/usr/lib|/var/jb/usr/lib	@rpath/libiosexec.1.dylib|@rpath/libintl.8.dylib|/System/Library/Frameworks/CoreFoundation.framework/CoreFoundation|/System/Library/Frameworks/CoreServices.framework/CoreServices|/usr/lib/libSystem.B.dylib	/System/Library/Frameworks/CoreFoundation.framework/CoreFoundation|/System/Library/Frameworks/CoreServices.framework/CoreServices|/usr/lib/libSystem.B.dylib	/usr/lib/libintl.8.dylib	UNKNOWN	YES	MAYBE	YES	YES	RPATH_ADDITION_AND_LOAD_REWRITE	YES_ORACLE_USES_RPATH_MODEL	minos 17.0	sdk 17.2
usr/bin/tail	9b1230cfc86f4305496818933389d0ce444ae68c2614637b2a338118a3290350	1B1F102B-74FA-30A9-AD31-7844C4A2F505	TBD_BATCH		/usr/lib	@rpath/libiosexec.1.dylib|/usr/lib/libintl.8.dylib|/System/Library/Frameworks/CoreFoundation.framework/CoreFoundation|/System/Library/Frameworks/CoreServices.framework/CoreServices|/usr/lib/libSystem.B.dylib	YES		/usr/lib|/var/jb/usr/lib	@rpath/libiosexec.1.dylib|@rpath/libintl.8.dylib|/System/Library/Frameworks/CoreFoundation.framework/CoreFoundation|/System/Library/Frameworks/CoreServices.framework/CoreServices|/usr/lib/libSystem.B.dylib	/System/Library/Frameworks/CoreFoundation.framework/CoreFoundation|/System/Library/Frameworks/CoreServices.framework/CoreServices|/usr/lib/libSystem.B.dylib	/usr/lib/libintl.8.dylib	UNKNOWN	YES	MAYBE	YES	YES	RPATH_ADDITION_AND_LOAD_REWRITE	YES_ORACLE_USES_RPATH_MODEL	minos 17.0	sdk 17.2
usr/bin/tar	6faa41dacbcf33714adb4a64e465d1bba3db6f5818549082baa6388f5a636079	A3729920-6473-3521-9D9A-9D11D6BEF8A1	TBD_BATCH		/usr/lib	@rpath/libiosexec.1.dylib|/usr/lib/libintl.8.dylib|/System/Library/Frameworks/CoreFoundation.framework/CoreFoundation|/usr/lib/libiconv.2.dylib|/usr/lib/libSystem.B.dylib	YES		/usr/lib|/var/jb/usr/lib	@rpath/libiosexec.1.dylib|@rpath/libintl.8.dylib|/System/Library/Frameworks/CoreFoundation.framework/CoreFoundation|/usr/lib/libiconv.2.dylib|/usr/lib/libSystem.B.dylib	/System/Library/Frameworks/CoreFoundation.framework/CoreFoundation|/usr/lib/libiconv.2.dylib|/usr/lib/libSystem.B.dylib	/usr/lib/libintl.8.dylib	UNKNOWN	YES	MAYBE	YES	YES	RPATH_ADDITION_AND_LOAD_REWRITE	YES_ORACLE_USES_RPATH_MODEL	minos 17.0	sdk 17.2
usr/bin/tee	a2340808296dcd7f4fc7d79e2db3ad50b4649a8f2c7340a1c24b5fefc2b7503c	F090B3AB-0CC5-3D07-BB11-BEF616A8A35B	TBD_BATCH		/usr/lib	@rpath/libiosexec.1.dylib|/usr/lib/libintl.8.dylib|/System/Library/Frameworks/CoreFoundation.framework/CoreFoundation|/System/Library/Frameworks/CoreServices.framework/CoreServices|/usr/lib/libSystem.B.dylib	YES		/usr/lib|/var/jb/usr/lib	@rpath/libiosexec.1.dylib|@rpath/libintl.8.dylib|/System/Library/Frameworks/CoreFoundation.framework/CoreFoundation|/System/Library/Frameworks/CoreServices.framework/CoreServices|/usr/lib/libSystem.B.dylib	/System/Library/Frameworks/CoreFoundation.framework/CoreFoundation|/System/Library/Frameworks/CoreServices.framework/CoreServices|/usr/lib/libSystem.B.dylib	/usr/lib/libintl.8.dylib	UNKNOWN	YES	MAYBE	YES	YES	RPATH_ADDITION_AND_LOAD_REWRITE	YES_ORACLE_USES_RPATH_MODEL	minos 17.0	sdk 17.2
usr/bin/tempfile	08d1ff824574efffe3b00d88533be188042ee0be0e0ff8dce082df8c03a58b61	F8846F2F-35B6-3B11-933D-B5EDF5630E15	TBD_BATCH		/usr/lib	@rpath/libiosexec.1.dylib|/usr/lib/libSystem.B.dylib	NO		/usr/lib	@rpath/libiosexec.1.dylib|/usr/lib/libSystem.B.dylib	/usr/lib/libSystem.B.dylib		UNKNOWN	NO	NO	NO	NO	NO_REWRITE	YES_ORACLE_USES_RPATH_MODEL	minos 17.0	sdk 17.2
usr/bin/test	b5ba81e35b54913ac0c7a82729bc0de28bdd3376f72ebc47fb5e12f046a98a7e	91E7563C-3C33-339E-AEEF-195E90B491B8	TBD_BATCH		/usr/lib	@rpath/libiosexec.1.dylib|/usr/lib/libintl.8.dylib|/System/Library/Frameworks/CoreFoundation.framework/CoreFoundation|/System/Library/Frameworks/CoreServices.framework/CoreServices|/usr/lib/libSystem.B.dylib	YES		/usr/lib|/var/jb/usr/lib	@rpath/libiosexec.1.dylib|@rpath/libintl.8.dylib|/System/Library/Frameworks/CoreFoundation.framework/CoreFoundation|/System/Library/Frameworks/CoreServices.framework/CoreServices|/usr/lib/libSystem.B.dylib	/System/Library/Frameworks/CoreFoundation.framework/CoreFoundation|/System/Library/Frameworks/CoreServices.framework/CoreServices|/usr/lib/libSystem.B.dylib	/usr/lib/libintl.8.dylib	UNKNOWN	YES	MAYBE	YES	YES	RPATH_ADDITION_AND_LOAD_REWRITE	YES_ORACLE_USES_RPATH_MODEL	minos 17.0	sdk 17.2
usr/bin/tic	b938fcf2d181557ee7b3f01ea72de3fa12b844070222e5482740dc51eef09306	535CE2CA-44A7-3BE2-990E-7FC832106CFF	TBD_BATCH		/usr/lib	@rpath/libiosexec.1.dylib|/usr/lib/libncursesw.6.dylib|/usr/lib/libSystem.B.dylib	YES		/usr/lib|/var/jb/usr/lib	@rpath/libiosexec.1.dylib|@rpath/libncursesw.6.dylib|/usr/lib/libSystem.B.dylib	/usr/lib/libSystem.B.dylib	/usr/lib/libncursesw.6.dylib	UNKNOWN	YES	MAYBE	YES	YES	RPATH_ADDITION_AND_LOAD_REWRITE	YES_ORACLE_USES_RPATH_MODEL	minos 17.0	sdk 17.2
usr/bin/time	42a68a9857657c9b498ea79b3c2372c02eb716c9e33639810c581490e34e07f4	986C1701-09D8-3873-B329-06741434D494	TBD_BATCH		/usr/lib	@rpath/libiosexec.1.dylib|/usr/lib/libSystem.B.dylib	NO		/usr/lib	@rpath/libiosexec.1.dylib|/usr/lib/libSystem.B.dylib	/usr/lib/libSystem.B.dylib		UNKNOWN	NO	NO	NO	NO	NO_REWRITE	YES_ORACLE_USES_RPATH_MODEL	minos 17.0	sdk 17.2
usr/bin/timeout	556ccca3a938c2a0a4ebb258e818992eb73fca2996244e873c2aeb6b0f15da8c	F5FB1A77-1607-34B8-937A-CE01D5694692	TBD_BATCH		/usr/lib	@rpath/libiosexec.1.dylib|/usr/lib/libintl.8.dylib|/System/Library/Frameworks/CoreFoundation.framework/CoreFoundation|/System/Library/Frameworks/CoreServices.framework/CoreServices|/usr/lib/libSystem.B.dylib	YES		/usr/lib|/var/jb/usr/lib	@rpath/libiosexec.1.dylib|@rpath/libintl.8.dylib|/System/Library/Frameworks/CoreFoundation.framework/CoreFoundation|/System/Library/Frameworks/CoreServices.framework/CoreServices|/usr/lib/libSystem.B.dylib	/System/Library/Frameworks/CoreFoundation.framework/CoreFoundation|/System/Library/Frameworks/CoreServices.framework/CoreServices|/usr/lib/libSystem.B.dylib	/usr/lib/libintl.8.dylib	UNKNOWN	YES	MAYBE	YES	YES	RPATH_ADDITION_AND_LOAD_REWRITE	YES_ORACLE_USES_RPATH_MODEL	minos 17.0	sdk 17.2
usr/bin/toe	8b29e0e718535afad9098a109aebd126033354a9dcb4b1c742d2f91285594c58	6CF01AFC-2204-34FC-BE7C-8B40CBA5FA08	TBD_BATCH		/usr/lib	@rpath/libiosexec.1.dylib|/usr/lib/libncursesw.6.dylib|/usr/lib/libSystem.B.dylib	YES		/usr/lib|/var/jb/usr/lib	@rpath/libiosexec.1.dylib|@rpath/libncursesw.6.dylib|/usr/lib/libSystem.B.dylib	/usr/lib/libSystem.B.dylib	/usr/lib/libncursesw.6.dylib	UNKNOWN	YES	MAYBE	YES	YES	RPATH_ADDITION_AND_LOAD_REWRITE	YES_ORACLE_USES_RPATH_MODEL	minos 17.0	sdk 17.2
usr/bin/touch	ad1838405dafb7c11f7e2e6100cfd0aecdd2957ff3e63803005ae38601a102da	F3FA66DE-A76E-335A-96ED-4A7F8DDEA980	TBD_BATCH		/usr/lib	@rpath/libiosexec.1.dylib|/usr/lib/libintl.8.dylib|/System/Library/Frameworks/CoreFoundation.framework/CoreFoundation|/System/Library/Frameworks/CoreServices.framework/CoreServices|/usr/lib/libSystem.B.dylib	YES		/usr/lib|/var/jb/usr/lib	@rpath/libiosexec.1.dylib|@rpath/libintl.8.dylib|/System/Library/Frameworks/CoreFoundation.framework/CoreFoundation|/System/Library/Frameworks/CoreServices.framework/CoreServices|/usr/lib/libSystem.B.dylib	/System/Library/Frameworks/CoreFoundation.framework/CoreFoundation|/System/Library/Frameworks/CoreServices.framework/CoreServices|/usr/lib/libSystem.B.dylib	/usr/lib/libintl.8.dylib	UNKNOWN	YES	MAYBE	YES	YES	RPATH_ADDITION_AND_LOAD_REWRITE	YES_ORACLE_USES_RPATH_MODEL	minos 17.0	sdk 17.2
usr/bin/tput	8eb014aa3357e0e8a12cb629e559cd24ada9330322af0a2b32d759fdad966fdf	8655F3FD-B60E-3E43-AE5B-871DD337EB62	TBD_BATCH		/usr/lib	@rpath/libiosexec.1.dylib|/usr/lib/libncursesw.6.dylib|/usr/lib/libSystem.B.dylib	YES		/usr/lib|/var/jb/usr/lib	@rpath/libiosexec.1.dylib|@rpath/libncursesw.6.dylib|/usr/lib/libSystem.B.dylib	/usr/lib/libSystem.B.dylib	/usr/lib/libncursesw.6.dylib	UNKNOWN	YES	MAYBE	YES	YES	RPATH_ADDITION_AND_LOAD_REWRITE	YES_ORACLE_USES_RPATH_MODEL	minos 17.0	sdk 17.2
usr/bin/tr	03eb99c523b1d1562b30c9f307ff001b2686ecfae925ada3ff76ea6b4afdb0eb	82FB352F-9474-3B75-BAF6-FB7871DD9931	TBD_BATCH		/usr/lib	@rpath/libiosexec.1.dylib|/usr/lib/libintl.8.dylib|/System/Library/Frameworks/CoreFoundation.framework/CoreFoundation|/System/Library/Frameworks/CoreServices.framework/CoreServices|/usr/lib/libSystem.B.dylib	YES		/usr/lib|/var/jb/usr/lib	@rpath/libiosexec.1.dylib|@rpath/libintl.8.dylib|/System/Library/Frameworks/CoreFoundation.framework/CoreFoundation|/System/Library/Frameworks/CoreServices.framework/CoreServices|/usr/lib/libSystem.B.dylib	/System/Library/Frameworks/CoreFoundation.framework/CoreFoundation|/System/Library/Frameworks/CoreServices.framework/CoreServices|/usr/lib/libSystem.B.dylib	/usr/lib/libintl.8.dylib	UNKNOWN	YES	MAYBE	YES	YES	RPATH_ADDITION_AND_LOAD_REWRITE	YES_ORACLE_USES_RPATH_MODEL	minos 17.0	sdk 17.2
usr/bin/true	b39a6b5eed710a57e2a5d3f77b6ef4376104491d7e9acf01fbb94c588c144c23	63C41C84-4D57-3DFD-B848-38B88ACFE976	TBD_BATCH		/usr/lib	@rpath/libiosexec.1.dylib|/usr/lib/libintl.8.dylib|/System/Library/Frameworks/CoreFoundation.framework/CoreFoundation|/System/Library/Frameworks/CoreServices.framework/CoreServices|/usr/lib/libSystem.B.dylib	YES		/usr/lib|/var/jb/usr/lib	@rpath/libiosexec.1.dylib|@rpath/libintl.8.dylib|/System/Library/Frameworks/CoreFoundation.framework/CoreFoundation|/System/Library/Frameworks/CoreServices.framework/CoreServices|/usr/lib/libSystem.B.dylib	/System/Library/Frameworks/CoreFoundation.framework/CoreFoundation|/System/Library/Frameworks/CoreServices.framework/CoreServices|/usr/lib/libSystem.B.dylib	/usr/lib/libintl.8.dylib	UNKNOWN	YES	MAYBE	YES	YES	RPATH_ADDITION_AND_LOAD_REWRITE	YES_ORACLE_USES_RPATH_MODEL	minos 17.0	sdk 17.2
usr/bin/truncate	12a3ff26e8f287fa190c46d74ed1970f4bc30a7c372c551b681b50e9257a103d	29363F3F-1963-3CA5-9818-10BE9EF0FD14	TBD_BATCH		/usr/lib	@rpath/libiosexec.1.dylib|/usr/lib/libintl.8.dylib|/System/Library/Frameworks/CoreFoundation.framework/CoreFoundation|/System/Library/Frameworks/CoreServices.framework/CoreServices|/usr/lib/libSystem.B.dylib	YES		/usr/lib|/var/jb/usr/lib	@rpath/libiosexec.1.dylib|@rpath/libintl.8.dylib|/System/Library/Frameworks/CoreFoundation.framework/CoreFoundation|/System/Library/Frameworks/CoreServices.framework/CoreServices|/usr/lib/libSystem.B.dylib	/System/Library/Frameworks/CoreFoundation.framework/CoreFoundation|/System/Library/Frameworks/CoreServices.framework/CoreServices|/usr/lib/libSystem.B.dylib	/usr/lib/libintl.8.dylib	UNKNOWN	YES	MAYBE	YES	YES	RPATH_ADDITION_AND_LOAD_REWRITE	YES_ORACLE_USES_RPATH_MODEL	minos 17.0	sdk 17.2
usr/bin/tset	085f848aa533da585c9b4e8b7a10ae0b7d45c8e8dafbacd1570dd1381189f273	223FD9F6-799A-30D9-83B5-5B331AACB088	TBD_BATCH		/usr/lib	@rpath/libiosexec.1.dylib|/usr/lib/libncursesw.6.dylib|/usr/lib/libSystem.B.dylib	YES		/usr/lib|/var/jb/usr/lib	@rpath/libiosexec.1.dylib|@rpath/libncursesw.6.dylib|/usr/lib/libSystem.B.dylib	/usr/lib/libSystem.B.dylib	/usr/lib/libncursesw.6.dylib	UNKNOWN	YES	MAYBE	YES	YES	RPATH_ADDITION_AND_LOAD_REWRITE	YES_ORACLE_USES_RPATH_MODEL	minos 17.0	sdk 17.2
usr/bin/tsort	ca985b12743d8c39605a16fc69134fc15bd323f905cb9dd44a4be5a361f7d8c1	B4E3F49B-AADB-31FB-8C08-115D250FDCFF	TBD_BATCH		/usr/lib	@rpath/libiosexec.1.dylib|/usr/lib/libintl.8.dylib|/System/Library/Frameworks/CoreFoundation.framework/CoreFoundation|/System/Library/Frameworks/CoreServices.framework/CoreServices|/usr/lib/libSystem.B.dylib	YES		/usr/lib|/var/jb/usr/lib	@rpath/libiosexec.1.dylib|@rpath/libintl.8.dylib|/System/Library/Frameworks/CoreFoundation.framework/CoreFoundation|/System/Library/Frameworks/CoreServices.framework/CoreServices|/usr/lib/libSystem.B.dylib	/System/Library/Frameworks/CoreFoundation.framework/CoreFoundation|/System/Library/Frameworks/CoreServices.framework/CoreServices|/usr/lib/libSystem.B.dylib	/usr/lib/libintl.8.dylib	UNKNOWN	YES	MAYBE	YES	YES	RPATH_ADDITION_AND_LOAD_REWRITE	YES_ORACLE_USES_RPATH_MODEL	minos 17.0	sdk 17.2
usr/bin/tty	b5eb14989db2ba239215b914bf822a1aafbd00af73e66c2de800b3725a38b160	BA07C70A-1097-3D35-9C27-02254926C7B8	TBD_BATCH		/usr/lib	@rpath/libiosexec.1.dylib|/usr/lib/libintl.8.dylib|/System/Library/Frameworks/CoreFoundation.framework/CoreFoundation|/System/Library/Frameworks/CoreServices.framework/CoreServices|/usr/lib/libSystem.B.dylib	YES		/usr/lib|/var/jb/usr/lib	@rpath/libiosexec.1.dylib|@rpath/libintl.8.dylib|/System/Library/Frameworks/CoreFoundation.framework/CoreFoundation|/System/Library/Frameworks/CoreServices.framework/CoreServices|/usr/lib/libSystem.B.dylib	/System/Library/Frameworks/CoreFoundation.framework/CoreFoundation|/System/Library/Frameworks/CoreServices.framework/CoreServices|/usr/lib/libSystem.B.dylib	/usr/lib/libintl.8.dylib	UNKNOWN	YES	MAYBE	YES	YES	RPATH_ADDITION_AND_LOAD_REWRITE	YES_ORACLE_USES_RPATH_MODEL	minos 17.0	sdk 17.2
usr/bin/uialert	667402c1455fbe4c6811ec8542bdb2f854652aa32ad50eee4452d15776790a5b	38EEB0E4-76E1-3066-9CD5-4BA8125FEEF9	TBD_BATCH		/usr/lib	@rpath/libiosexec.1.dylib|/usr/lib/libintl.8.dylib|/System/Library/Frameworks/CoreFoundation.framework/CoreFoundation|/System/Library/Frameworks/Foundation.framework/Foundation|/usr/lib/libobjc.A.dylib|/usr/lib/libSystem.B.dylib	YES		/usr/lib|/var/jb/usr/lib	@rpath/libiosexec.1.dylib|@rpath/libintl.8.dylib|/System/Library/Frameworks/CoreFoundation.framework/CoreFoundation|/System/Library/Frameworks/Foundation.framework/Foundation|/usr/lib/libobjc.A.dylib|/usr/lib/libSystem.B.dylib	/System/Library/Frameworks/CoreFoundation.framework/CoreFoundation|/System/Library/Frameworks/Foundation.framework/Foundation|/usr/lib/libobjc.A.dylib|/usr/lib/libSystem.B.dylib	/usr/lib/libintl.8.dylib	UNKNOWN	YES	MAYBE	YES	YES	RPATH_ADDITION_AND_LOAD_REWRITE	YES_ORACLE_USES_RPATH_MODEL	minos 17.0	sdk 17.2
usr/bin/uicache	7461a6e87e960227be3b87f20db723ca706773e58a33ae3932b3313b5dc0d53d	B8930CCC-7C67-30DC-B6E8-7B69298A95A8	TBD_BATCH		/usr/lib	/System/Library/Frameworks/Foundation.framework/Foundation|@rpath/libiosexec.1.dylib|/usr/lib/libintl.8.dylib|/System/Library/Frameworks/MobileCoreServices.framework/MobileCoreServices|/System/Library/Frameworks/Security.framework/Security|/System/Library/PrivateFrameworks/MobileContainerManager.framework/MobileContainerManager|/usr/lib/libobjc.A.dylib|/usr/lib/libSystem.B.dylib|/System/Library/Frameworks/CoreFoundation.framework/CoreFoundation|/System/Library/Frameworks/CoreServices.framework/CoreServices	YES		/usr/lib|/var/jb/usr/lib	/System/Library/Frameworks/Foundation.framework/Foundation|@rpath/libiosexec.1.dylib|@rpath/libintl.8.dylib|/System/Library/Frameworks/MobileCoreServices.framework/MobileCoreServices|/System/Library/Frameworks/Security.framework/Security|/System/Library/PrivateFrameworks/MobileContainerManager.framework/MobileContainerManager|/usr/lib/libobjc.A.dylib|/usr/lib/libSystem.B.dylib|/System/Library/Frameworks/CoreFoundation.framework/CoreFoundation|/System/Library/Frameworks/CoreServices.framework/CoreServices	/System/Library/Frameworks/Foundation.framework/Foundation|/System/Library/Frameworks/MobileCoreServices.framework/MobileCoreServices|/System/Library/Frameworks/Security.framework/Security|/System/Library/PrivateFrameworks/MobileContainerManager.framework/MobileContainerManager|/usr/lib/libobjc.A.dylib|/usr/lib/libSystem.B.dylib|/System/Library/Frameworks/CoreFoundation.framework/CoreFoundation|/System/Library/Frameworks/CoreServices.framework/CoreServices	/usr/lib/libintl.8.dylib	UNKNOWN	YES	MAYBE	YES	YES	RPATH_ADDITION_AND_LOAD_REWRITE	YES_ORACLE_USES_RPATH_MODEL	minos 17.0	sdk 17.2
usr/bin/uiopen	5831c437c47c9c92d8afbdb618e6332c1736ae0c3b8fa525382f53f832638bbe	CDB31C70-D234-3BD4-931C-E2361FA2CA03	TBD_BATCH		/usr/lib	@rpath/libiosexec.1.dylib|/usr/lib/libintl.8.dylib|/System/Library/Frameworks/Foundation.framework/Foundation|/System/Library/Frameworks/MobileCoreServices.framework/MobileCoreServices|/usr/lib/libobjc.A.dylib|/usr/lib/libSystem.B.dylib|/System/Library/Frameworks/CoreFoundation.framework/CoreFoundation|/System/Library/Frameworks/CoreServices.framework/CoreServices	YES		/usr/lib|/var/jb/usr/lib	@rpath/libiosexec.1.dylib|@rpath/libintl.8.dylib|/System/Library/Frameworks/Foundation.framework/Foundation|/System/Library/Frameworks/MobileCoreServices.framework/MobileCoreServices|/usr/lib/libobjc.A.dylib|/usr/lib/libSystem.B.dylib|/System/Library/Frameworks/CoreFoundation.framework/CoreFoundation|/System/Library/Frameworks/CoreServices.framework/CoreServices	/System/Library/Frameworks/Foundation.framework/Foundation|/System/Library/Frameworks/MobileCoreServices.framework/MobileCoreServices|/usr/lib/libobjc.A.dylib|/usr/lib/libSystem.B.dylib|/System/Library/Frameworks/CoreFoundation.framework/CoreFoundation|/System/Library/Frameworks/CoreServices.framework/CoreServices	/usr/lib/libintl.8.dylib	UNKNOWN	YES	MAYBE	YES	YES	RPATH_ADDITION_AND_LOAD_REWRITE	YES_ORACLE_USES_RPATH_MODEL	minos 17.0	sdk 17.2
usr/bin/uname	6adfae5d100f8f3dbf378cb91476c2906894104c62cc550d5ed502a3f2624eb4	3E1F511E-64F4-375F-9BFD-69DB068D42C6	TBD_BATCH		/usr/lib	@rpath/libiosexec.1.dylib|/usr/lib/libintl.8.dylib|/System/Library/Frameworks/CoreFoundation.framework/CoreFoundation|/System/Library/Frameworks/CoreServices.framework/CoreServices|/usr/lib/libSystem.B.dylib	YES		/usr/lib|/var/jb/usr/lib	@rpath/libiosexec.1.dylib|@rpath/libintl.8.dylib|/System/Library/Frameworks/CoreFoundation.framework/CoreFoundation|/System/Library/Frameworks/CoreServices.framework/CoreServices|/usr/lib/libSystem.B.dylib	/System/Library/Frameworks/CoreFoundation.framework/CoreFoundation|/System/Library/Frameworks/CoreServices.framework/CoreServices|/usr/lib/libSystem.B.dylib	/usr/lib/libintl.8.dylib	UNKNOWN	YES	MAYBE	YES	YES	RPATH_ADDITION_AND_LOAD_REWRITE	YES_ORACLE_USES_RPATH_MODEL	minos 17.0	sdk 17.2
usr/bin/unexpand	63707076b1be94439679e1d94406ff4be6b412cfdbb285dfb79671bb3179ec55	FF764E66-BCC1-35FE-9DEA-614FE9738ADD	TBD_BATCH		/usr/lib	@rpath/libiosexec.1.dylib|/usr/lib/libintl.8.dylib|/System/Library/Frameworks/CoreFoundation.framework/CoreFoundation|/System/Library/Frameworks/CoreServices.framework/CoreServices|/usr/lib/libSystem.B.dylib	YES		/usr/lib|/var/jb/usr/lib	@rpath/libiosexec.1.dylib|@rpath/libintl.8.dylib|/System/Library/Frameworks/CoreFoundation.framework/CoreFoundation|/System/Library/Frameworks/CoreServices.framework/CoreServices|/usr/lib/libSystem.B.dylib	/System/Library/Frameworks/CoreFoundation.framework/CoreFoundation|/System/Library/Frameworks/CoreServices.framework/CoreServices|/usr/lib/libSystem.B.dylib	/usr/lib/libintl.8.dylib	UNKNOWN	YES	MAYBE	YES	YES	RPATH_ADDITION_AND_LOAD_REWRITE	YES_ORACLE_USES_RPATH_MODEL	minos 17.0	sdk 17.2
usr/bin/uniq	14ffc29edf9a95f7b637c8c8c0a46d8c40fcf925ee66792b0266f680ab406d07	D43F9E9D-041B-3AE6-9B95-7AB96FF8C075	TBD_BATCH		/usr/lib	@rpath/libiosexec.1.dylib|/usr/lib/libintl.8.dylib|/System/Library/Frameworks/CoreFoundation.framework/CoreFoundation|/System/Library/Frameworks/CoreServices.framework/CoreServices|/usr/lib/libSystem.B.dylib	YES		/usr/lib|/var/jb/usr/lib	@rpath/libiosexec.1.dylib|@rpath/libintl.8.dylib|/System/Library/Frameworks/CoreFoundation.framework/CoreFoundation|/System/Library/Frameworks/CoreServices.framework/CoreServices|/usr/lib/libSystem.B.dylib	/System/Library/Frameworks/CoreFoundation.framework/CoreFoundation|/System/Library/Frameworks/CoreServices.framework/CoreServices|/usr/lib/libSystem.B.dylib	/usr/lib/libintl.8.dylib	UNKNOWN	YES	MAYBE	YES	YES	RPATH_ADDITION_AND_LOAD_REWRITE	YES_ORACLE_USES_RPATH_MODEL	minos 17.0	sdk 17.2
usr/bin/unlink	e1932db78ab59e451207fc835e3d0c3418377e52ea8eadb11cc2c819aa0af67f	1980026F-8AA5-37B8-BB22-8F4D718EDB24	TBD_BATCH		/usr/lib	@rpath/libiosexec.1.dylib|/usr/lib/libintl.8.dylib|/System/Library/Frameworks/CoreFoundation.framework/CoreFoundation|/System/Library/Frameworks/CoreServices.framework/CoreServices|/usr/lib/libSystem.B.dylib	YES		/usr/lib|/var/jb/usr/lib	@rpath/libiosexec.1.dylib|@rpath/libintl.8.dylib|/System/Library/Frameworks/CoreFoundation.framework/CoreFoundation|/System/Library/Frameworks/CoreServices.framework/CoreServices|/usr/lib/libSystem.B.dylib	/System/Library/Frameworks/CoreFoundation.framework/CoreFoundation|/System/Library/Frameworks/CoreServices.framework/CoreServices|/usr/lib/libSystem.B.dylib	/usr/lib/libintl.8.dylib	UNKNOWN	YES	MAYBE	YES	YES	RPATH_ADDITION_AND_LOAD_REWRITE	YES_ORACLE_USES_RPATH_MODEL	minos 17.0	sdk 17.2
usr/bin/update-alternatives	b5abb382ba8356d6ae3f28b6dad191b9499d728d7c4e42ed561f16b99f549e74	A75B7E0F-3887-3196-BE73-F65117008F65	TBD_BATCH		/usr/lib	/System/Library/Frameworks/CoreFoundation.framework/CoreFoundation|@rpath/libiosexec.1.dylib|/usr/lib/libintl.8.dylib|/usr/lib/libSystem.B.dylib	YES		/usr/lib|/var/jb/usr/lib	/System/Library/Frameworks/CoreFoundation.framework/CoreFoundation|@rpath/libiosexec.1.dylib|@rpath/libintl.8.dylib|/usr/lib/libSystem.B.dylib	/System/Library/Frameworks/CoreFoundation.framework/CoreFoundation|/usr/lib/libSystem.B.dylib	/usr/lib/libintl.8.dylib	UNKNOWN	YES	MAYBE	YES	YES	RPATH_ADDITION_AND_LOAD_REWRITE	YES_ORACLE_USES_RPATH_MODEL	minos 17.0	sdk 17.2
usr/bin/uptime	62b1a046731656320435cb1186578d9840903508bb5ddcec5747b7004cbe2ca4	7826E166-0D12-3FC1-A79D-93C29E5C1FB6	TBD_BATCH		/usr/lib	@rpath/libiosexec.1.dylib|/usr/lib/libintl.8.dylib|/System/Library/Frameworks/CoreFoundation.framework/CoreFoundation|/System/Library/Frameworks/CoreServices.framework/CoreServices|/usr/lib/libSystem.B.dylib	YES		/usr/lib|/var/jb/usr/lib	@rpath/libiosexec.1.dylib|@rpath/libintl.8.dylib|/System/Library/Frameworks/CoreFoundation.framework/CoreFoundation|/System/Library/Frameworks/CoreServices.framework/CoreServices|/usr/lib/libSystem.B.dylib	/System/Library/Frameworks/CoreFoundation.framework/CoreFoundation|/System/Library/Frameworks/CoreServices.framework/CoreServices|/usr/lib/libSystem.B.dylib	/usr/lib/libintl.8.dylib	UNKNOWN	YES	MAYBE	YES	YES	RPATH_ADDITION_AND_LOAD_REWRITE	YES_ORACLE_USES_RPATH_MODEL	minos 17.0	sdk 17.2
usr/bin/users	2589a5ea8e6e28d2ec9d35d4095684caef8a66659a2dd22adeb70e71aacbd354	8BC2FF00-9ADE-327A-B638-006424AC5EF0	TBD_BATCH		/usr/lib	@rpath/libiosexec.1.dylib|/usr/lib/libintl.8.dylib|/System/Library/Frameworks/CoreFoundation.framework/CoreFoundation|/System/Library/Frameworks/CoreServices.framework/CoreServices|/usr/lib/libSystem.B.dylib	YES		/usr/lib|/var/jb/usr/lib	@rpath/libiosexec.1.dylib|@rpath/libintl.8.dylib|/System/Library/Frameworks/CoreFoundation.framework/CoreFoundation|/System/Library/Frameworks/CoreServices.framework/CoreServices|/usr/lib/libSystem.B.dylib	/System/Library/Frameworks/CoreFoundation.framework/CoreFoundation|/System/Library/Frameworks/CoreServices.framework/CoreServices|/usr/lib/libSystem.B.dylib	/usr/lib/libintl.8.dylib	UNKNOWN	YES	MAYBE	YES	YES	RPATH_ADDITION_AND_LOAD_REWRITE	YES_ORACLE_USES_RPATH_MODEL	minos 17.0	sdk 17.2
usr/bin/vdir	8cefd98ba3d99cf258cc2d186c4d4da41c4ed3b6b637bf739a57409b24f21e41	DD254F71-FBD0-39D6-BBB9-F8350274C641	TBD_BATCH		/usr/lib	@rpath/libiosexec.1.dylib|/usr/lib/libintl.8.dylib|/System/Library/Frameworks/CoreFoundation.framework/CoreFoundation|/System/Library/Frameworks/CoreServices.framework/CoreServices|/usr/lib/libSystem.B.dylib	YES		/usr/lib|/var/jb/usr/lib	@rpath/libiosexec.1.dylib|@rpath/libintl.8.dylib|/System/Library/Frameworks/CoreFoundation.framework/CoreFoundation|/System/Library/Frameworks/CoreServices.framework/CoreServices|/usr/lib/libSystem.B.dylib	/System/Library/Frameworks/CoreFoundation.framework/CoreFoundation|/System/Library/Frameworks/CoreServices.framework/CoreServices|/usr/lib/libSystem.B.dylib	/usr/lib/libintl.8.dylib	UNKNOWN	YES	MAYBE	YES	YES	RPATH_ADDITION_AND_LOAD_REWRITE	YES_ORACLE_USES_RPATH_MODEL	minos 17.0	sdk 17.2
usr/bin/w	af6546c33449ae7ec9c1aa11a3e228ba718b91ed6249bf4a15d65b66c2ad3f9f	B66E6ED5-A5D2-304B-A1A5-A92F5481A634	TBD_BATCH		/usr/lib	@rpath/libiosexec.1.dylib|/usr/lib/libsbuf.dylib|/usr/lib/libxo.dylib|/usr/lib/libutil.dylib|/usr/lib/libSystem.B.dylib	YES		/usr/lib|/var/jb/usr/lib	@rpath/libiosexec.1.dylib|@rpath/libsbuf.dylib|@rpath/libxo.dylib|/usr/lib/libutil.dylib|/usr/lib/libSystem.B.dylib	/usr/lib/libutil.dylib|/usr/lib/libSystem.B.dylib	/usr/lib/libsbuf.dylib|/usr/lib/libxo.dylib	UNKNOWN	YES	MAYBE	YES	YES	RPATH_ADDITION_AND_LOAD_REWRITE	YES_ORACLE_USES_RPATH_MODEL	minos 17.0	sdk 17.2
usr/bin/wait4path	06ef3fe146c1753d90a4c41fc05c8300d32b8a35e2d1acd9f0482dd06ae037e0	872775D2-5EB5-3FAF-B948-37AA680573F9	TBD_BATCH		/usr/lib	@rpath/libiosexec.1.dylib|/System/Library/Frameworks/CoreFoundation.framework/CoreFoundation|/System/Library/Frameworks/IOKit.framework/Versions/A/IOKit|/usr/lib/libcrypt.2.dylib|/usr/lib/libpam.2.dylib|/usr/lib/libSystem.B.dylib	YES		/usr/lib|/var/jb/usr/lib	@rpath/libiosexec.1.dylib|/System/Library/Frameworks/CoreFoundation.framework/CoreFoundation|/System/Library/Frameworks/IOKit.framework/Versions/A/IOKit|@rpath/libcrypt.2.dylib|@rpath/libpam.2.dylib|/usr/lib/libSystem.B.dylib	/System/Library/Frameworks/CoreFoundation.framework/CoreFoundation|/System/Library/Frameworks/IOKit.framework/Versions/A/IOKit|/usr/lib/libSystem.B.dylib	/usr/lib/libcrypt.2.dylib|/usr/lib/libpam.2.dylib	UNKNOWN	YES	MAYBE	YES	YES	RPATH_ADDITION_AND_LOAD_REWRITE	YES_ORACLE_USES_RPATH_MODEL	minos 17.0	sdk 17.2
usr/bin/wc	66ad83448a380a5dba9314ae3bb9636c25fa92352c2b35c6e8dcc9e0b0693a0d	DD74302B-14D7-32E7-905B-6DF8C66B1EC6	TBD_BATCH		/usr/lib	@rpath/libiosexec.1.dylib|/usr/lib/libintl.8.dylib|/System/Library/Frameworks/CoreFoundation.framework/CoreFoundation|/System/Library/Frameworks/CoreServices.framework/CoreServices|/usr/lib/libSystem.B.dylib	YES		/usr/lib|/var/jb/usr/lib	@rpath/libiosexec.1.dylib|@rpath/libintl.8.dylib|/System/Library/Frameworks/CoreFoundation.framework/CoreFoundation|/System/Library/Frameworks/CoreServices.framework/CoreServices|/usr/lib/libSystem.B.dylib	/System/Library/Frameworks/CoreFoundation.framework/CoreFoundation|/System/Library/Frameworks/CoreServices.framework/CoreServices|/usr/lib/libSystem.B.dylib	/usr/lib/libintl.8.dylib	UNKNOWN	YES	MAYBE	YES	YES	RPATH_ADDITION_AND_LOAD_REWRITE	YES_ORACLE_USES_RPATH_MODEL	minos 17.0	sdk 17.2
usr/bin/what	c2da9f3a896bab6fe84103c0da558a6daa0648cfebc367e3f38a2c480fb52c15	8095F7CE-C37B-39BC-8F1E-71BB65EAFC83	TBD_BATCH		/usr/lib	@rpath/libiosexec.1.dylib|/usr/lib/libSystem.B.dylib	NO		/usr/lib	@rpath/libiosexec.1.dylib|/usr/lib/libSystem.B.dylib	/usr/lib/libSystem.B.dylib		UNKNOWN	NO	NO	NO	NO	NO_REWRITE	YES_ORACLE_USES_RPATH_MODEL	minos 17.0	sdk 17.2
usr/bin/whereis	10127c0f736763b0293cb59fd54a4565a817917c79c04648182f97c647863393	B64FA984-DCF2-343D-8634-D0F0D98AF6D7	TBD_BATCH		/usr/lib	@rpath/libiosexec.1.dylib|/usr/lib/libSystem.B.dylib	NO		/usr/lib	@rpath/libiosexec.1.dylib|/usr/lib/libSystem.B.dylib	/usr/lib/libSystem.B.dylib		UNKNOWN	NO	NO	NO	NO	NO_REWRITE	YES_ORACLE_USES_RPATH_MODEL	minos 17.0	sdk 17.2
usr/bin/which	217af42e873a68c47376985f300299c707bb01cd0cacf65c73635a9575a6b7c5	42CCF6C3-A98C-3B25-B3E9-17ACB16A3DD9	TBD_BATCH		/usr/lib	@rpath/libiosexec.1.dylib|/usr/lib/libSystem.B.dylib	NO		/usr/lib	@rpath/libiosexec.1.dylib|/usr/lib/libSystem.B.dylib	/usr/lib/libSystem.B.dylib		UNKNOWN	NO	NO	NO	NO	NO_REWRITE	YES_ORACLE_USES_RPATH_MODEL	minos 17.0	sdk 17.2
usr/bin/who	bbc81408e8ecc232fedfceb753fd3783902a0db11c0ea5dd7ed22d9292080310	455F3F5D-CB7B-3776-8493-A3EEFF773FC0	TBD_BATCH		/usr/lib	@rpath/libiosexec.1.dylib|/usr/lib/libintl.8.dylib|/System/Library/Frameworks/CoreFoundation.framework/CoreFoundation|/System/Library/Frameworks/CoreServices.framework/CoreServices|/usr/lib/libSystem.B.dylib	YES		/usr/lib|/var/jb/usr/lib	@rpath/libiosexec.1.dylib|@rpath/libintl.8.dylib|/System/Library/Frameworks/CoreFoundation.framework/CoreFoundation|/System/Library/Frameworks/CoreServices.framework/CoreServices|/usr/lib/libSystem.B.dylib	/System/Library/Frameworks/CoreFoundation.framework/CoreFoundation|/System/Library/Frameworks/CoreServices.framework/CoreServices|/usr/lib/libSystem.B.dylib	/usr/lib/libintl.8.dylib	UNKNOWN	YES	MAYBE	YES	YES	RPATH_ADDITION_AND_LOAD_REWRITE	YES_ORACLE_USES_RPATH_MODEL	minos 17.0	sdk 17.2
usr/bin/whoami	c851b678afc257bfb0485d4aa473542070a207ee55e9addef4666f488f01506b	8C0D5EFF-3201-3B2D-A8E2-4254C83090A1	TBD_BATCH		/usr/lib	@rpath/libiosexec.1.dylib|/usr/lib/libintl.8.dylib|/System/Library/Frameworks/CoreFoundation.framework/CoreFoundation|/System/Library/Frameworks/CoreServices.framework/CoreServices|/usr/lib/libSystem.B.dylib	YES		/usr/lib|/var/jb/usr/lib	@rpath/libiosexec.1.dylib|@rpath/libintl.8.dylib|/System/Library/Frameworks/CoreFoundation.framework/CoreFoundation|/System/Library/Frameworks/CoreServices.framework/CoreServices|/usr/lib/libSystem.B.dylib	/System/Library/Frameworks/CoreFoundation.framework/CoreFoundation|/System/Library/Frameworks/CoreServices.framework/CoreServices|/usr/lib/libSystem.B.dylib	/usr/lib/libintl.8.dylib	UNKNOWN	YES	MAYBE	YES	YES	RPATH_ADDITION_AND_LOAD_REWRITE	YES_ORACLE_USES_RPATH_MODEL	minos 17.0	sdk 17.2
usr/bin/xargs	0e1e96516b6fc1e0da7340504aded41f6487e8593ad3be9030ed8b7d60e54bba	D93F8F3B-B75C-3EB1-B1C4-9E6AE012365E	TBD_BATCH		/usr/lib	@rpath/libiosexec.1.dylib|/usr/lib/libintl.8.dylib|/System/Library/Frameworks/CoreFoundation.framework/CoreFoundation|/usr/lib/libSystem.B.dylib	YES		/usr/lib|/var/jb/usr/lib	@rpath/libiosexec.1.dylib|@rpath/libintl.8.dylib|/System/Library/Frameworks/CoreFoundation.framework/CoreFoundation|/usr/lib/libSystem.B.dylib	/System/Library/Frameworks/CoreFoundation.framework/CoreFoundation|/usr/lib/libSystem.B.dylib	/usr/lib/libintl.8.dylib	UNKNOWN	YES	MAYBE	YES	YES	RPATH_ADDITION_AND_LOAD_REWRITE	YES_ORACLE_USES_RPATH_MODEL	minos 17.0	sdk 17.2
usr/bin/xattr	85f4b5b7dd39516dd621659c0cb9c618bcbdef53b2310481ee08da9017a5daa1	700FC76E-F671-3F36-B9ED-3C1B40D11C21	TBD_BATCH		/usr/lib	@rpath/libiosexec.1.dylib|/usr/lib/libSystem.B.dylib	NO		/usr/lib	@rpath/libiosexec.1.dylib|/usr/lib/libSystem.B.dylib	/usr/lib/libSystem.B.dylib		UNKNOWN	NO	NO	NO	NO	NO_REWRITE	YES_ORACLE_USES_RPATH_MODEL	minos 17.0	sdk 17.2
usr/bin/yes	aa1c29a87168d4cf501dfab0389c5238962cb2324a22e7895456d7a66d511744	316F6435-42C0-39F7-A8ED-F438B4BEA7AE	TBD_BATCH		/usr/lib	@rpath/libiosexec.1.dylib|/usr/lib/libintl.8.dylib|/System/Library/Frameworks/CoreFoundation.framework/CoreFoundation|/System/Library/Frameworks/CoreServices.framework/CoreServices|/usr/lib/libSystem.B.dylib	YES		/usr/lib|/var/jb/usr/lib	@rpath/libiosexec.1.dylib|@rpath/libintl.8.dylib|/System/Library/Frameworks/CoreFoundation.framework/CoreFoundation|/System/Library/Frameworks/CoreServices.framework/CoreServices|/usr/lib/libSystem.B.dylib	/System/Library/Frameworks/CoreFoundation.framework/CoreFoundation|/System/Library/Frameworks/CoreServices.framework/CoreServices|/usr/lib/libSystem.B.dylib	/usr/lib/libintl.8.dylib	UNKNOWN	YES	MAYBE	YES	YES	RPATH_ADDITION_AND_LOAD_REWRITE	YES_ORACLE_USES_RPATH_MODEL	minos 17.0	sdk 17.2
usr/bin/zsh	86e35d35638d93c8fe41dcf85fe811d8cadf9c3fa6ddbc3a0daab9cc17a3a880	69ABAA39-A7EA-3577-84FA-73A38F73FA9F	TBD_BATCH		/usr/lib	@rpath/libiosexec.1.dylib|/usr/lib/libpcre.1.dylib|/usr/lib/libiconv.2.dylib|/usr/lib/libSystem.B.dylib|/usr/lib/libncursesw.6.dylib	YES		/usr/lib|/var/jb/usr/lib	@rpath/libiosexec.1.dylib|@rpath/libpcre.1.dylib|/usr/lib/libiconv.2.dylib|/usr/lib/libSystem.B.dylib|@rpath/libncursesw.6.dylib	/usr/lib/libiconv.2.dylib|/usr/lib/libSystem.B.dylib	/usr/lib/libpcre.1.dylib|/usr/lib/libncursesw.6.dylib	UNKNOWN	YES	MAYBE	YES	YES	RPATH_ADDITION_AND_LOAD_REWRITE	YES_ORACLE_USES_RPATH_MODEL	minos 17.0	sdk 17.2
usr/lib/bash/accept	0586094d1486d5a8a31e19a314cc4c0eace66c26a6c447b5050204b068c8f4d2	17FE8941-2775-3882-8A1E-4EA3DF3E263F	TBD_BATCH	accept	/usr/lib	accept|@rpath/libiosexec.1.dylib|/usr/lib/libSystem.B.dylib	NO	accept	/usr/lib	accept|@rpath/libiosexec.1.dylib|/usr/lib/libSystem.B.dylib	/usr/lib/libSystem.B.dylib		UNKNOWN	NO	NO	NO	NO	NO_REWRITE	YES_ORACLE_USES_RPATH_MODEL	minos 17.0	sdk 17.2
usr/lib/bash/basename	c3dbf843cf3de4ed1c11d3ad508a3480c90dce110bf27be24f01655ebe066eb9	3951EC38-1B72-3E40-AB1C-08917A771DD3	TBD_BATCH	basename	/usr/lib	basename|@rpath/libiosexec.1.dylib|/usr/lib/libSystem.B.dylib	NO	basename	/usr/lib	basename|@rpath/libiosexec.1.dylib|/usr/lib/libSystem.B.dylib	/usr/lib/libSystem.B.dylib		UNKNOWN	NO	NO	NO	NO	NO_REWRITE	YES_ORACLE_USES_RPATH_MODEL	minos 17.0	sdk 17.2
usr/lib/bash/csv	98df904b2d3d6fa5c415a910c0b8903f2bc1441ce44108751f865db32e26032f	E5894C98-1BAB-3231-A298-94C673CB88D7	TBD_BATCH	csv	/usr/lib	csv|@rpath/libiosexec.1.dylib|/usr/lib/libSystem.B.dylib	NO	csv	/usr/lib	csv|@rpath/libiosexec.1.dylib|/usr/lib/libSystem.B.dylib	/usr/lib/libSystem.B.dylib		UNKNOWN	NO	NO	NO	NO	NO_REWRITE	YES_ORACLE_USES_RPATH_MODEL	minos 17.0	sdk 17.2
usr/lib/bash/cut	801fc04462e0366925114e4b19d163709c10e3842dbdeaf7991bea2bc2ea40e9	D7EE6F07-6FF3-3B4E-AA7F-6CD25D7831CE	TBD_BATCH	cut	/usr/lib	cut|@rpath/libiosexec.1.dylib|/usr/lib/libSystem.B.dylib	NO	cut	/usr/lib	cut|@rpath/libiosexec.1.dylib|/usr/lib/libSystem.B.dylib	/usr/lib/libSystem.B.dylib		UNKNOWN	NO	NO	NO	NO	NO_REWRITE	YES_ORACLE_USES_RPATH_MODEL	minos 17.0	sdk 17.2
usr/lib/bash/dirname	7ad334d70bcca265b1a8a0127ab62327c3f5409c24cb7ade47371547899fe33b	8D3B6AD6-E260-3743-ACDB-B854D3003AAE	TBD_BATCH	dirname	/usr/lib	dirname|@rpath/libiosexec.1.dylib|/usr/lib/libSystem.B.dylib	NO	dirname	/usr/lib	dirname|@rpath/libiosexec.1.dylib|/usr/lib/libSystem.B.dylib	/usr/lib/libSystem.B.dylib		UNKNOWN	NO	NO	NO	NO	NO_REWRITE	YES_ORACLE_USES_RPATH_MODEL	minos 17.0	sdk 17.2
usr/lib/bash/dsv	35a4335767ed62db602001f52debe14a3862f153168f80893dd9fa8182f97cb8	61D4D370-9F6D-34B8-A288-7D95D08F750B	TBD_BATCH	dsv	/usr/lib	dsv|@rpath/libiosexec.1.dylib|/usr/lib/libSystem.B.dylib	NO	dsv	/usr/lib	dsv|@rpath/libiosexec.1.dylib|/usr/lib/libSystem.B.dylib	/usr/lib/libSystem.B.dylib		UNKNOWN	NO	NO	NO	NO	NO_REWRITE	YES_ORACLE_USES_RPATH_MODEL	minos 17.0	sdk 17.2
usr/lib/bash/fdflags	688b4c30bc8ea1ad0298560abba7a1a6607e79cc72675a1f416b611ec321149b	78781EF7-AAF3-3ED1-BA89-7F02B28EE514	TBD_BATCH	fdflags	/usr/lib	fdflags|@rpath/libiosexec.1.dylib|/usr/lib/libSystem.B.dylib	NO	fdflags	/usr/lib	fdflags|@rpath/libiosexec.1.dylib|/usr/lib/libSystem.B.dylib	/usr/lib/libSystem.B.dylib		UNKNOWN	NO	NO	NO	NO	NO_REWRITE	YES_ORACLE_USES_RPATH_MODEL	minos 17.0	sdk 17.2
usr/lib/bash/finfo	8443dfd27576c176acb0907b8fc177fe41619c8aee5fab34436672b6d491f59d	5E17DFD6-0564-3DC6-A5D9-95C689403861	TBD_BATCH	finfo	/usr/lib	finfo|@rpath/libiosexec.1.dylib|/usr/lib/libSystem.B.dylib	NO	finfo	/usr/lib	finfo|@rpath/libiosexec.1.dylib|/usr/lib/libSystem.B.dylib	/usr/lib/libSystem.B.dylib		UNKNOWN	NO	NO	NO	NO	NO_REWRITE	YES_ORACLE_USES_RPATH_MODEL	minos 17.0	sdk 17.2
usr/lib/bash/getconf	be7acea415c00cffd16c236e10075ec4d53526433f0d3bbdb81b2d0bcf17d49c	D2A2D766-A310-30D5-8D8C-352CD6FA6590	TBD_BATCH	getconf	/usr/lib	getconf|@rpath/libiosexec.1.dylib|/usr/lib/libSystem.B.dylib	NO	getconf	/usr/lib	getconf|@rpath/libiosexec.1.dylib|/usr/lib/libSystem.B.dylib	/usr/lib/libSystem.B.dylib		UNKNOWN	NO	NO	NO	NO	NO_REWRITE	YES_ORACLE_USES_RPATH_MODEL	minos 17.0	sdk 17.2
usr/lib/bash/head	340e8ca104e9c15dcee2d7adcf0056e1062029326b06a40f65d014c218e319ee	ACDCDD26-ED03-367C-BA0A-39E3705835D0	TBD_BATCH	head	/usr/lib	head|@rpath/libiosexec.1.dylib|/usr/lib/libSystem.B.dylib	NO	head	/usr/lib	head|@rpath/libiosexec.1.dylib|/usr/lib/libSystem.B.dylib	/usr/lib/libSystem.B.dylib		UNKNOWN	NO	NO	NO	NO	NO_REWRITE	YES_ORACLE_USES_RPATH_MODEL	minos 17.0	sdk 17.2
usr/lib/bash/id	ca4b582c598138cf5151e2f3987ecec67a7ae00888c59902489508d5d26ccc05	C465251A-7BD8-38D0-B5FB-2100C57EE38B	TBD_BATCH	id	/usr/lib	id|@rpath/libiosexec.1.dylib|/usr/lib/libSystem.B.dylib	NO	id	/usr/lib	id|@rpath/libiosexec.1.dylib|/usr/lib/libSystem.B.dylib	/usr/lib/libSystem.B.dylib		UNKNOWN	NO	NO	NO	NO	NO_REWRITE	YES_ORACLE_USES_RPATH_MODEL	minos 17.0	sdk 17.2
usr/lib/bash/ln	5d7af82fa8a8b8cb306e4360f3937ca5cea510ce9d7f54976bc3a984a0b18f5b	D21D5618-AB4C-34BE-8DD5-74456766C15D	TBD_BATCH	ln	/usr/lib	ln|@rpath/libiosexec.1.dylib|/usr/lib/libSystem.B.dylib	NO	ln	/usr/lib	ln|@rpath/libiosexec.1.dylib|/usr/lib/libSystem.B.dylib	/usr/lib/libSystem.B.dylib		UNKNOWN	NO	NO	NO	NO	NO_REWRITE	YES_ORACLE_USES_RPATH_MODEL	minos 17.0	sdk 17.2
usr/lib/bash/logname	e346dfd50a0cf3738e806858c2d3614cfcb02b4b54167bf73839832d8d04cf35	153ECB37-B3F7-3EA1-AB30-2845135AA5D5	TBD_BATCH	logname	/usr/lib	logname|@rpath/libiosexec.1.dylib|/usr/lib/libSystem.B.dylib	NO	logname	/usr/lib	logname|@rpath/libiosexec.1.dylib|/usr/lib/libSystem.B.dylib	/usr/lib/libSystem.B.dylib		UNKNOWN	NO	NO	NO	NO	NO_REWRITE	YES_ORACLE_USES_RPATH_MODEL	minos 17.0	sdk 17.2
usr/lib/bash/mkdir	b287472dc328ca590f9d0e4dc28a32845a52a289cc6e32f429ceb9672fa72040	A5B30567-E328-3514-919B-205F6959CFCD	TBD_BATCH	mkdir	/usr/lib	mkdir|@rpath/libiosexec.1.dylib|/usr/lib/libSystem.B.dylib	NO	mkdir	/usr/lib	mkdir|@rpath/libiosexec.1.dylib|/usr/lib/libSystem.B.dylib	/usr/lib/libSystem.B.dylib		UNKNOWN	NO	NO	NO	NO	NO_REWRITE	YES_ORACLE_USES_RPATH_MODEL	minos 17.0	sdk 17.2
usr/lib/bash/mkfifo	13a38cfbba8dd3fcbb6c0b783a0c1a170e818150ddb8a45d06cc1044d207cd8d	051B13A3-7185-3734-A7D4-ADB02D4D8AAA	TBD_BATCH	mkfifo	/usr/lib	mkfifo|@rpath/libiosexec.1.dylib|/usr/lib/libSystem.B.dylib	NO	mkfifo	/usr/lib	mkfifo|@rpath/libiosexec.1.dylib|/usr/lib/libSystem.B.dylib	/usr/lib/libSystem.B.dylib		UNKNOWN	NO	NO	NO	NO	NO_REWRITE	YES_ORACLE_USES_RPATH_MODEL	minos 17.0	sdk 17.2
usr/lib/bash/mktemp	4025730afc94ce483784fa2571a9321adf95abf166cc3734ec00a61d9ed87b56	04429F55-6E13-36D8-B481-B8DC3E98412B	TBD_BATCH	mktemp	/usr/lib	mktemp|@rpath/libiosexec.1.dylib|/usr/lib/libSystem.B.dylib	NO	mktemp	/usr/lib	mktemp|@rpath/libiosexec.1.dylib|/usr/lib/libSystem.B.dylib	/usr/lib/libSystem.B.dylib		UNKNOWN	NO	NO	NO	NO	NO_REWRITE	YES_ORACLE_USES_RPATH_MODEL	minos 17.0	sdk 17.2
usr/lib/bash/mypid	92c25bbd3e788d9d71b2fc49a022a3d4be6c462907a65ee9973a0fb9f640b389	32120741-4F2B-332D-A43E-4F76EC319155	TBD_BATCH	mypid	/usr/lib	mypid|@rpath/libiosexec.1.dylib|/usr/lib/libSystem.B.dylib	NO	mypid	/usr/lib	mypid|@rpath/libiosexec.1.dylib|/usr/lib/libSystem.B.dylib	/usr/lib/libSystem.B.dylib		UNKNOWN	NO	NO	NO	NO	NO_REWRITE	YES_ORACLE_USES_RPATH_MODEL	minos 17.0	sdk 17.2
usr/lib/bash/pathchk	a57f25f745609869e51079e8a41f1f24e882e89071a8683138442183448b7390	52D5AF43-1B79-3B5A-A2E8-4EB307077FDC	TBD_BATCH	pathchk	/usr/lib	pathchk|@rpath/libiosexec.1.dylib|/usr/lib/libSystem.B.dylib	NO	pathchk	/usr/lib	pathchk|@rpath/libiosexec.1.dylib|/usr/lib/libSystem.B.dylib	/usr/lib/libSystem.B.dylib		UNKNOWN	NO	NO	NO	NO	NO_REWRITE	YES_ORACLE_USES_RPATH_MODEL	minos 17.0	sdk 17.2
usr/lib/bash/print	f3bc02959d6990737491120a329f22330033dfcadab468d22a765a5dd62f3639	8F32F715-9F4D-3ED3-8917-DAB8FD5E88CD	TBD_BATCH	print	/usr/lib	print|@rpath/libiosexec.1.dylib|/usr/lib/libSystem.B.dylib	NO	print	/usr/lib	print|@rpath/libiosexec.1.dylib|/usr/lib/libSystem.B.dylib	/usr/lib/libSystem.B.dylib		UNKNOWN	NO	NO	NO	NO	NO_REWRITE	YES_ORACLE_USES_RPATH_MODEL	minos 17.0	sdk 17.2
usr/lib/bash/printenv	25cee648d1effbe4925c9c15b16be4b6fe88db92f7c82d04a808a8ad77b7270c	443E1C31-EB6D-39F0-85D0-CC3478438196	TBD_BATCH	printenv	/usr/lib	printenv|@rpath/libiosexec.1.dylib|/usr/lib/libSystem.B.dylib	NO	printenv	/usr/lib	printenv|@rpath/libiosexec.1.dylib|/usr/lib/libSystem.B.dylib	/usr/lib/libSystem.B.dylib		UNKNOWN	NO	NO	NO	NO	NO_REWRITE	YES_ORACLE_USES_RPATH_MODEL	minos 17.0	sdk 17.2
usr/lib/bash/push	5aae7257a2f205e0a2d61cbdd69a71a48b582c996962742d8b92dee302fae495	6FA0496E-6C3D-3FCA-AE15-5F41C71D2187	TBD_BATCH	push	/usr/lib	push|@rpath/libiosexec.1.dylib|/usr/lib/libSystem.B.dylib	NO	push	/usr/lib	push|@rpath/libiosexec.1.dylib|/usr/lib/libSystem.B.dylib	/usr/lib/libSystem.B.dylib		UNKNOWN	NO	NO	NO	NO	NO_REWRITE	YES_ORACLE_USES_RPATH_MODEL	minos 17.0	sdk 17.2
usr/lib/bash/realpath	5f186b635ffa66a0bdf9b933a08debb5c807a0018d13c4084ba584fc708e0b69	5701DA4A-1E63-3BFF-A853-4C5AF8F80249	TBD_BATCH	realpath	/usr/lib	realpath|@rpath/libiosexec.1.dylib|/usr/lib/libSystem.B.dylib	NO	realpath	/usr/lib	realpath|@rpath/libiosexec.1.dylib|/usr/lib/libSystem.B.dylib	/usr/lib/libSystem.B.dylib		UNKNOWN	NO	NO	NO	NO	NO_REWRITE	YES_ORACLE_USES_RPATH_MODEL	minos 17.0	sdk 17.2
usr/lib/bash/rm	6aac553e1d126a5a53ae5717fbe8f0ad20ee10d16ae0388bcb4ec238ae528d57	0BC64E4D-7A84-378E-89BA-0863D6A75E02	TBD_BATCH	rm	/usr/lib	rm|@rpath/libiosexec.1.dylib|/usr/lib/libSystem.B.dylib	NO	rm	/usr/lib	rm|@rpath/libiosexec.1.dylib|/usr/lib/libSystem.B.dylib	/usr/lib/libSystem.B.dylib		UNKNOWN	NO	NO	NO	NO	NO_REWRITE	YES_ORACLE_USES_RPATH_MODEL	minos 17.0	sdk 17.2
usr/lib/bash/rmdir	6511ab21a3f0c64ff26095c8c4233b6ddb38096e11c221c88044740b248531fe	D37561C9-04EE-3ABD-93F0-C9E1DCF949DE	TBD_BATCH	rmdir	/usr/lib	rmdir|@rpath/libiosexec.1.dylib|/usr/lib/libSystem.B.dylib	NO	rmdir	/usr/lib	rmdir|@rpath/libiosexec.1.dylib|/usr/lib/libSystem.B.dylib	/usr/lib/libSystem.B.dylib		UNKNOWN	NO	NO	NO	NO	NO_REWRITE	YES_ORACLE_USES_RPATH_MODEL	minos 17.0	sdk 17.2
usr/lib/bash/seq	83f124cb6a8704d8cd99d40784fb31b3cf86ba8aaf82dc80399df43427701e5d	DA82F8D2-0C42-3456-BB1D-D70BA13BF34E	TBD_BATCH	seq	/usr/lib	seq|@rpath/libiosexec.1.dylib|/usr/lib/libSystem.B.dylib	NO	seq	/usr/lib	seq|@rpath/libiosexec.1.dylib|/usr/lib/libSystem.B.dylib	/usr/lib/libSystem.B.dylib		UNKNOWN	NO	NO	NO	NO	NO_REWRITE	YES_ORACLE_USES_RPATH_MODEL	minos 17.0	sdk 17.2
usr/lib/bash/setpgid	0871a609363e24ec0d7dd31e8b064c64828cfa7bc3b7d31ad70dd340b674f9ff	4443A2F6-505F-309B-9D58-333DD3665599	TBD_BATCH	setpgid	/usr/lib	setpgid|@rpath/libiosexec.1.dylib|/usr/lib/libSystem.B.dylib	NO	setpgid	/usr/lib	setpgid|@rpath/libiosexec.1.dylib|/usr/lib/libSystem.B.dylib	/usr/lib/libSystem.B.dylib		UNKNOWN	NO	NO	NO	NO	NO_REWRITE	YES_ORACLE_USES_RPATH_MODEL	minos 17.0	sdk 17.2
usr/lib/bash/sleep	155e2d1e069ea5ca22416b6d8b92f46e9c506087662d83c75e7cbb8549bc24ff	20E12D05-C3A2-3ADC-9484-B571BF4CBC5C	TBD_BATCH	sleep	/usr/lib	sleep|@rpath/libiosexec.1.dylib|/usr/lib/libSystem.B.dylib	NO	sleep	/usr/lib	sleep|@rpath/libiosexec.1.dylib|/usr/lib/libSystem.B.dylib	/usr/lib/libSystem.B.dylib		UNKNOWN	NO	NO	NO	NO	NO_REWRITE	YES_ORACLE_USES_RPATH_MODEL	minos 17.0	sdk 17.2
usr/lib/bash/stat	c3ffd7025e4a98808f57a65b238176b9d34d0ede395d7bb0853ebfe03d7d09ce	CB2C0D4D-F43A-3659-BCC8-69E61A216CFE	TBD_BATCH	stat	/usr/lib	stat|@rpath/libiosexec.1.dylib|/usr/lib/libSystem.B.dylib	NO	stat	/usr/lib	stat|@rpath/libiosexec.1.dylib|/usr/lib/libSystem.B.dylib	/usr/lib/libSystem.B.dylib		UNKNOWN	NO	NO	NO	NO	NO_REWRITE	YES_ORACLE_USES_RPATH_MODEL	minos 17.0	sdk 17.2
usr/lib/bash/strftime	1e5b5f1d0b902b42bb0157feb95dedabc92289c12697fb603d34da9e25eae78b	1FC3F11F-E525-312B-9007-971EECEB97B2	TBD_BATCH	strftime	/usr/lib	strftime|@rpath/libiosexec.1.dylib|/usr/lib/libSystem.B.dylib	NO	strftime	/usr/lib	strftime|@rpath/libiosexec.1.dylib|/usr/lib/libSystem.B.dylib	/usr/lib/libSystem.B.dylib		UNKNOWN	NO	NO	NO	NO	NO_REWRITE	YES_ORACLE_USES_RPATH_MODEL	minos 17.0	sdk 17.2
usr/lib/bash/sync	394dd4b60e9e0c0907eb458e7c1d73869a4f23706838164c5966b23aca98e3f3	0465929C-87B5-3F99-AF36-0F5CB9D17412	TBD_BATCH	sync	/usr/lib	sync|@rpath/libiosexec.1.dylib|/usr/lib/libSystem.B.dylib	NO	sync	/usr/lib	sync|@rpath/libiosexec.1.dylib|/usr/lib/libSystem.B.dylib	/usr/lib/libSystem.B.dylib		UNKNOWN	NO	NO	NO	NO	NO_REWRITE	YES_ORACLE_USES_RPATH_MODEL	minos 17.0	sdk 17.2
usr/lib/bash/tee	7aead6c185912c8a4b55ed683698fdfd8c02b11abbb7cc5b146efe033a409011	0BB83F2A-92EF-3E86-A05D-0B3AD6751F7A	TBD_BATCH	tee	/usr/lib	tee|@rpath/libiosexec.1.dylib|/usr/lib/libSystem.B.dylib	NO	tee	/usr/lib	tee|@rpath/libiosexec.1.dylib|/usr/lib/libSystem.B.dylib	/usr/lib/libSystem.B.dylib		UNKNOWN	NO	NO	NO	NO	NO_REWRITE	YES_ORACLE_USES_RPATH_MODEL	minos 17.0	sdk 17.2
usr/lib/bash/truefalse	ba0567cd2d949d8d9d25f0d6ba7360c5a4543ce9b1f396823880e9879cec0f09	C3FDAEF1-0CFD-3F81-8802-ECD42F23894B	TBD_BATCH	truefalse	/usr/lib	truefalse|@rpath/libiosexec.1.dylib|/usr/lib/libSystem.B.dylib	NO	truefalse	/usr/lib	truefalse|@rpath/libiosexec.1.dylib|/usr/lib/libSystem.B.dylib	/usr/lib/libSystem.B.dylib		UNKNOWN	NO	NO	NO	NO	NO_REWRITE	YES_ORACLE_USES_RPATH_MODEL	minos 17.0	sdk 17.2
usr/lib/bash/tty	4f50808b270dea38ab618ad7d7e49c0f6ac83edd4bbddd575b803f4f85402ecf	F28B937A-F056-386C-BCD8-30B14429E9E5	TBD_BATCH	tty	/usr/lib	tty|@rpath/libiosexec.1.dylib|/usr/lib/libSystem.B.dylib	NO	tty	/usr/lib	tty|@rpath/libiosexec.1.dylib|/usr/lib/libSystem.B.dylib	/usr/lib/libSystem.B.dylib		UNKNOWN	NO	NO	NO	NO	NO_REWRITE	YES_ORACLE_USES_RPATH_MODEL	minos 17.0	sdk 17.2
usr/lib/bash/uname	48043c7152ed0266f2312086b9dcdecca16402fd2363774d3243dc70ace5ef38	727301A4-01BD-3C6F-8DD7-DD0ACB296C54	TBD_BATCH	uname	/usr/lib	uname|@rpath/libiosexec.1.dylib|/usr/lib/libSystem.B.dylib	NO	uname	/usr/lib	uname|@rpath/libiosexec.1.dylib|/usr/lib/libSystem.B.dylib	/usr/lib/libSystem.B.dylib		UNKNOWN	NO	NO	NO	NO	NO_REWRITE	YES_ORACLE_USES_RPATH_MODEL	minos 17.0	sdk 17.2
usr/lib/bash/unlink	73cc4ba53cb47e7d36ab892357aa12b62a266bb58b0c78279d9b06bb027fa8fe	D651305D-A8B2-3DCF-964C-C1F1F44DBA75	TBD_BATCH	unlink	/usr/lib	unlink|@rpath/libiosexec.1.dylib|/usr/lib/libSystem.B.dylib	NO	unlink	/usr/lib	unlink|@rpath/libiosexec.1.dylib|/usr/lib/libSystem.B.dylib	/usr/lib/libSystem.B.dylib		UNKNOWN	NO	NO	NO	NO	NO_REWRITE	YES_ORACLE_USES_RPATH_MODEL	minos 17.0	sdk 17.2
usr/lib/bash/whoami	b3ce4ac93740c0064230a19336935f4ff4d04d0775bd42cf71df23da75b68be3	7C550FA5-CB16-3902-ABF6-82A8F06C0E6E	TBD_BATCH	whoami	/usr/lib	whoami|@rpath/libiosexec.1.dylib|/usr/lib/libSystem.B.dylib	NO	whoami	/usr/lib	whoami|@rpath/libiosexec.1.dylib|/usr/lib/libSystem.B.dylib	/usr/lib/libSystem.B.dylib		UNKNOWN	NO	NO	NO	NO	NO_REWRITE	YES_ORACLE_USES_RPATH_MODEL	minos 17.0	sdk 17.2
usr/lib/engines-3/capi.dylib	6c8930e2baf33c930b6af0d6ad14fff3b6e9289938535ab29bad0d362afd1c94	F67ED3C6-75C7-3CDD-8448-F3E65EED1BA7	TBD_BATCH		/usr/lib	@rpath/libiosexec.1.dylib|/usr/lib/libcrypto.3.dylib|/usr/lib/libSystem.B.dylib	YES		/usr/lib|/var/jb/usr/lib	@rpath/libiosexec.1.dylib|@rpath/libcrypto.3.dylib|/usr/lib/libSystem.B.dylib	/usr/lib/libSystem.B.dylib	/usr/lib/libcrypto.3.dylib	UNKNOWN	YES	MAYBE	YES	YES	RPATH_ADDITION_AND_LOAD_REWRITE	YES_ORACLE_USES_RPATH_MODEL	minos 17.0	sdk 17.2
usr/lib/engines-3/loader_attic.dylib	b3a23f13998ec2a22dcce5269e1b48d46193aadcc66237012c8b89d8e5e4ad54	53211866-D48F-3516-BA11-6881390645B1	TBD_BATCH		/usr/lib	@rpath/libiosexec.1.dylib|/usr/lib/libcrypto.3.dylib|/usr/lib/libSystem.B.dylib	YES		/usr/lib|/var/jb/usr/lib	@rpath/libiosexec.1.dylib|@rpath/libcrypto.3.dylib|/usr/lib/libSystem.B.dylib	/usr/lib/libSystem.B.dylib	/usr/lib/libcrypto.3.dylib	UNKNOWN	YES	MAYBE	YES	YES	RPATH_ADDITION_AND_LOAD_REWRITE	YES_ORACLE_USES_RPATH_MODEL	minos 17.0	sdk 17.2
usr/lib/engines-3/padlock.dylib	e5c585cf8762e63fe56f784f3ac2dc117cbe80733e6dc50dc691a7f60940b7cc	1E9D7FB1-E748-3158-9F2B-C07AE8339DA6	TBD_BATCH		/usr/lib	@rpath/libiosexec.1.dylib|/usr/lib/libcrypto.3.dylib|/usr/lib/libSystem.B.dylib	YES		/usr/lib|/var/jb/usr/lib	@rpath/libiosexec.1.dylib|@rpath/libcrypto.3.dylib|/usr/lib/libSystem.B.dylib	/usr/lib/libSystem.B.dylib	/usr/lib/libcrypto.3.dylib	UNKNOWN	YES	MAYBE	YES	YES	RPATH_ADDITION_AND_LOAD_REWRITE	YES_ORACLE_USES_RPATH_MODEL	minos 17.0	sdk 17.2
usr/lib/ex/expreserve	ff3d7d2981b98d167bd30bde898c1b50123c4733e0f8fc25af72e623117bc7e0	D122E889-B100-3034-A403-B09E80993219	TBD_BATCH		/usr/lib	@rpath/libiosexec.1.dylib|/usr/lib/libSystem.B.dylib	NO		/usr/lib	@rpath/libiosexec.1.dylib|/usr/lib/libSystem.B.dylib	/usr/lib/libSystem.B.dylib		UNKNOWN	NO	NO	NO	NO	NO_REWRITE	YES_ORACLE_USES_RPATH_MODEL	minos 17.0	sdk 17.2
usr/lib/ex/exrecover	4cf6bf3388bd8298fcd9531f3dcdfbf3c0781ddfc55ec704120f501cbd5f9b4e	EBCCFBDD-245A-319B-889E-F59197044DD7	TBD_BATCH		/usr/lib	@rpath/libiosexec.1.dylib|/usr/lib/libSystem.B.dylib	NO		/usr/lib	@rpath/libiosexec.1.dylib|/usr/lib/libSystem.B.dylib	/usr/lib/libSystem.B.dylib		UNKNOWN	NO	NO	NO	NO	NO_REWRITE	YES_ORACLE_USES_RPATH_MODEL	minos 17.0	sdk 17.2
usr/lib/libapt-pkg.6.0.0.dylib	907a64e4dad8c322d32e56b639cf6b9e2403c7d4d68ced7bdef381bb0928c449	AF2C017B-AE49-4931-AC8E-996FD4AEA0A8	TBD_BATCH	/usr/lib/libapt-pkg.6.0.dylib	/usr|/usr/lib	/usr/lib/libapt-pkg.6.0.dylib|@rpath/libiosexec.1.dylib|/usr/lib/libintl.8.dylib|/usr/lib/libutil.dylib|/usr/lib/libresolv.9.dylib|/usr/lib/libz.1.dylib|/usr/lib/libbz2.1.0.dylib|/usr/local/lib/liblzma.5.dylib|/usr/lib/liblz4.1.dylib|/usr/lib/libzstd.1.dylib|/usr/lib/libiconv.2.dylib|/usr/lib/libgcrypt.20.dylib|/usr/lib/libxxhash.0.dylib|/System/Library/Frameworks/Foundation.framework/Foundation|/usr/lib/libc++.1.dylib|/usr/lib/libSystem.B.dylib|/System/Library/Frameworks/CoreFoundation.framework/CoreFoundation|/usr/lib/libobjc.A.dylib	YES	@rpath/libapt-pkg.6.0.dylib	/usr|/usr/lib|/var/jb/usr/lib	@rpath/libapt-pkg.6.0.dylib|@rpath/libiosexec.1.dylib|@rpath/libintl.8.dylib|/usr/lib/libutil.dylib|/usr/lib/libresolv.9.dylib|/usr/lib/libz.1.dylib|/usr/lib/libbz2.1.0.dylib|@rpath/liblzma.5.dylib|@rpath/liblz4.1.dylib|@rpath/libzstd.1.dylib|/usr/lib/libiconv.2.dylib|@rpath/libgcrypt.20.dylib|@rpath/libxxhash.0.dylib|/System/Library/Frameworks/Foundation.framework/Foundation|/usr/lib/libc++.1.dylib|/usr/lib/libSystem.B.dylib|/System/Library/Frameworks/CoreFoundation.framework/CoreFoundation|/usr/lib/libobjc.A.dylib	/usr/lib/libutil.dylib|/usr/lib/libresolv.9.dylib|/usr/lib/libz.1.dylib|/usr/lib/libiconv.2.dylib|/System/Library/Frameworks/Foundation.framework/Foundation|/usr/lib/libc++.1.dylib|/usr/lib/libSystem.B.dylib|/System/Library/Frameworks/CoreFoundation.framework/CoreFoundation|/usr/lib/libobjc.A.dylib|/usr/lib/libbz2.1.0.dylib	/usr/lib/libapt-pkg.6.0.dylib|/usr/lib/libintl.8.dylib|/usr/local/lib/liblzma.5.dylib|/usr/lib/liblz4.1.dylib|/usr/lib/libzstd.1.dylib|/usr/lib/libgcrypt.20.dylib|/usr/lib/libxxhash.0.dylib	UNKNOWN	YES	MAYBE	YES	YES	RPATH_ADDITION_AND_LOAD_REWRITE	NO_ORACLE_STILL_HAS_ABS	minos 17.0	sdk 17.2
usr/lib/libapt-private.0.0.0.dylib	c719298acdfb7906b1e44df39b0e0d9cbfec773679e4281a248d28a565c0b4fa	1EFB6ED0-C0C4-43B6-B341-17AC8D043E95	TBD_BATCH	/usr/lib/libapt-private.0.0.dylib	/usr|/usr/lib	/usr/lib/libapt-private.0.0.dylib|@rpath/libiosexec.1.dylib|/usr/lib/libintl.8.dylib|/usr/lib/libapt-pkg.6.0.dylib|/System/Library/Frameworks/Foundation.framework/Foundation|/usr/lib/libc++.1.dylib|/usr/lib/libSystem.B.dylib|/System/Library/Frameworks/CoreFoundation.framework/CoreFoundation|/usr/lib/libobjc.A.dylib	YES	@rpath/libapt-private.0.0.dylib	/usr|/usr/lib|/var/jb/usr/lib	@rpath/libapt-private.0.0.dylib|@rpath/libiosexec.1.dylib|@rpath/libintl.8.dylib|@rpath/libapt-pkg.6.0.dylib|/System/Library/Frameworks/Foundation.framework/Foundation|/usr/lib/libc++.1.dylib|/usr/lib/libSystem.B.dylib|/System/Library/Frameworks/CoreFoundation.framework/CoreFoundation|/usr/lib/libobjc.A.dylib	/System/Library/Frameworks/Foundation.framework/Foundation|/usr/lib/libc++.1.dylib|/usr/lib/libSystem.B.dylib|/System/Library/Frameworks/CoreFoundation.framework/CoreFoundation|/usr/lib/libobjc.A.dylib	/usr/lib/libapt-private.0.0.dylib|/usr/lib/libintl.8.dylib|/usr/lib/libapt-pkg.6.0.dylib	UNKNOWN	YES	MAYBE	YES	YES	RPATH_ADDITION_AND_LOAD_REWRITE	YES_ORACLE_USES_RPATH_MODEL	minos 17.0	sdk 17.2
usr/lib/libassuan.0.dylib	f3ba43c2ecd5b40a0b555c49a3326ebb24e71e86ea7e2c6c5bee37f32845ab40	840B3A7E-E746-3557-AD08-B3B9DDE44D97	TBD_BATCH	/usr/lib/libassuan.0.dylib	/usr/lib	/usr/lib/libassuan.0.dylib|@rpath/libiosexec.1.dylib|/usr/lib/libgpg-error.0.dylib|/usr/lib/libSystem.B.dylib	YES	@rpath/libassuan.0.dylib	/usr/lib|/var/jb/usr/lib	@rpath/libassuan.0.dylib|@rpath/libiosexec.1.dylib|@rpath/libgpg-error.0.dylib|/usr/lib/libSystem.B.dylib	/usr/lib/libSystem.B.dylib	/usr/lib/libassuan.0.dylib|/usr/lib/libgpg-error.0.dylib	UNKNOWN	YES	MAYBE	YES	YES	RPATH_ADDITION_AND_LOAD_REWRITE	N/A	minos 17.0	sdk 17.2
usr/lib/libbrotlicommon.1.1.0.dylib	e97d17c4628eefdaf86fea1ba275c58c11d10b3fc21eec5166885fe703289441	5EAE1069-831F-3A00-91FC-74562F37619D	TBD_BATCH	/usr/lib/libbrotlicommon.1.dylib	/usr|/usr/lib	/usr/lib/libbrotlicommon.1.dylib|@rpath/libiosexec.1.dylib|/usr/lib/libSystem.B.dylib	YES	@rpath/libbrotlicommon.1.dylib	/usr|/usr/lib|/var/jb/usr/lib	@rpath/libbrotlicommon.1.dylib|@rpath/libiosexec.1.dylib|/usr/lib/libSystem.B.dylib	/usr/lib/libSystem.B.dylib	/usr/lib/libbrotlicommon.1.dylib	UNKNOWN	YES	MAYBE	YES	YES	RPATH_ADDITION_AND_LOAD_REWRITE	YES_ORACLE_USES_RPATH_MODEL	minos 17.0	sdk 17.5
usr/lib/libbrotlidec.1.1.0.dylib	f52cd025530f78daefe9b28a4e38ffe38ebeccd53407f5b91b53fb0c8687d87e	F5745CE1-C654-3DF8-B382-F182225E0984	TBD_BATCH	/usr/lib/libbrotlidec.1.dylib	/usr|/usr/lib	/usr/lib/libbrotlidec.1.dylib|@rpath/libiosexec.1.dylib|/usr/lib/libbrotlicommon.1.dylib|/usr/lib/libSystem.B.dylib	YES	@rpath/libbrotlidec.1.dylib	/usr|/usr/lib|/var/jb/usr/lib	@rpath/libbrotlidec.1.dylib|@rpath/libiosexec.1.dylib|@rpath/libbrotlicommon.1.dylib|/usr/lib/libSystem.B.dylib	/usr/lib/libSystem.B.dylib	/usr/lib/libbrotlidec.1.dylib|/usr/lib/libbrotlicommon.1.dylib	UNKNOWN	YES	MAYBE	YES	YES	RPATH_ADDITION_AND_LOAD_REWRITE	YES_ORACLE_USES_RPATH_MODEL	minos 17.0	sdk 17.5
usr/lib/libbrotlienc.1.1.0.dylib	0232f7ba94e42c300058967fe392feef18905e068d0217a638917bed5977412c	85FC7A90-B5A6-31FC-B22F-E04E5F565C98	TBD_BATCH	/usr/lib/libbrotlienc.1.dylib	/usr|/usr/lib	/usr/lib/libbrotlienc.1.dylib|@rpath/libiosexec.1.dylib|/usr/lib/libbrotlicommon.1.dylib|/usr/lib/libSystem.B.dylib	YES	@rpath/libbrotlienc.1.dylib	/usr|/usr/lib|/var/jb/usr/lib	@rpath/libbrotlienc.1.dylib|@rpath/libiosexec.1.dylib|@rpath/libbrotlicommon.1.dylib|/usr/lib/libSystem.B.dylib	/usr/lib/libSystem.B.dylib	/usr/lib/libbrotlienc.1.dylib|/usr/lib/libbrotlicommon.1.dylib	UNKNOWN	YES	MAYBE	YES	YES	RPATH_ADDITION_AND_LOAD_REWRITE	YES_ORACLE_USES_RPATH_MODEL	minos 17.0	sdk 17.5
usr/lib/libcrypt.2.dylib	f796cb7be48b5e40e112f4cd75b3f3b23a9b6c9288994939e77129a3d22198cf	93336346-2026-3F02-9494-2ED0C6FAC309	TBD_BATCH	/usr/lib/libcrypt.2.dylib	/usr/lib	/usr/lib/libcrypt.2.dylib|@rpath/libiosexec.1.dylib|/usr/lib/libSystem.B.dylib	YES	@rpath/libcrypt.2.dylib	/usr/lib|/var/jb/usr/lib	@rpath/libcrypt.2.dylib|@rpath/libiosexec.1.dylib|/usr/lib/libSystem.B.dylib	/usr/lib/libSystem.B.dylib	/usr/lib/libcrypt.2.dylib	UNKNOWN	YES	MAYBE	YES	YES	RPATH_ADDITION_AND_LOAD_REWRITE	YES_ORACLE_USES_RPATH_MODEL	minos 17.0	sdk 17.2
usr/lib/libcrypto.3.dylib	6006d798e1f9766df8c6b921b5152a21fbfe86d6840fba949b8505ad05caf754	9ED79EA8-D80A-33E0-9403-48B933B3EC9D	TBD_BATCH	/usr/lib/libcrypto.3.dylib	/usr/lib	/usr/lib/libcrypto.3.dylib|@rpath/libiosexec.1.dylib|/usr/lib/libSystem.B.dylib	YES	@rpath/libcrypto.3.dylib	/usr/lib|/var/jb/usr/lib	@rpath/libcrypto.3.dylib|@rpath/libiosexec.1.dylib|/usr/lib/libSystem.B.dylib	/usr/lib/libSystem.B.dylib	/usr/lib/libcrypto.3.dylib	UNKNOWN	YES	MAYBE	YES	YES	RPATH_ADDITION_AND_LOAD_REWRITE	YES_ORACLE_USES_RPATH_MODEL	minos 17.0	sdk 17.2
usr/lib/libdimentio.0.dylib	2990b24b62642c9d7c750781adc4d46c166d3eeadc7bc24575c31d33d6a08903	073E9EF2-70A5-3F1A-A8F7-3A71F5621B09	TBD_BATCH	/usr/lib/libdimentio.0.dylib	/usr/lib	/usr/lib/libdimentio.0.dylib|@rpath/libiosexec.1.dylib|/System/Library/Frameworks/CoreFoundation.framework/CoreFoundation|/System/Library/Frameworks/IOKit.framework/Versions/A/IOKit|/usr/lib/libcompression.dylib|/usr/lib/libSystem.B.dylib	YES	@rpath/libdimentio.0.dylib	/usr/lib|/var/jb/usr/lib	@rpath/libdimentio.0.dylib|@rpath/libiosexec.1.dylib|/System/Library/Frameworks/CoreFoundation.framework/CoreFoundation|/System/Library/Frameworks/IOKit.framework/Versions/A/IOKit|/usr/lib/libcompression.dylib|/usr/lib/libSystem.B.dylib	/System/Library/Frameworks/CoreFoundation.framework/CoreFoundation|/System/Library/Frameworks/IOKit.framework/Versions/A/IOKit|/usr/lib/libcompression.dylib|/usr/lib/libSystem.B.dylib	/usr/lib/libdimentio.0.dylib	UNKNOWN	YES	MAYBE	YES	YES	RPATH_ADDITION_AND_LOAD_REWRITE	YES_ORACLE_USES_RPATH_MODEL	minos 17.0	sdk 17.2
usr/lib/libedit.0.dylib	d790bb1c55c685a33c7ae69225b7d86938f05d42d3c8c31ea23c9f100a2d0b22	A1531FBC-62CB-3601-A175-5E4E8EDAA5D4	TBD_BATCH	/usr/lib/libedit.0.dylib	/usr/lib	/usr/lib/libedit.0.dylib|@rpath/libiosexec.1.dylib|/usr/lib/libncursesw.6.dylib|/usr/lib/libSystem.B.dylib	YES	@rpath/libedit.0.dylib	/usr/lib|/var/jb/usr/lib	@rpath/libedit.0.dylib|@rpath/libiosexec.1.dylib|@rpath/libncursesw.6.dylib|/usr/lib/libSystem.B.dylib	/usr/lib/libSystem.B.dylib	/usr/lib/libedit.0.dylib|/usr/lib/libncursesw.6.dylib	UNKNOWN	YES	MAYBE	YES	YES	RPATH_ADDITION_AND_LOAD_REWRITE	YES_ORACLE_USES_RPATH_MODEL	minos 17.0	sdk 17.2
usr/lib/libffi.8.dylib	e955dba4577cd9470dca37463dc608db64603fa63c725ab86c8b7e83505e4a69	6CEF39C5-A05C-3F4B-A9A6-3AB000654BA1	TBD_BATCH	/usr/lib/libffi.8.dylib	/usr/lib	/usr/lib/libffi.8.dylib|@rpath/libiosexec.1.dylib|/usr/lib/libSystem.B.dylib	YES	@rpath/libffi.8.dylib	/usr/lib|/var/jb/usr/lib	@rpath/libffi.8.dylib|@rpath/libiosexec.1.dylib|/usr/lib/libSystem.B.dylib	/usr/lib/libSystem.B.dylib	/usr/lib/libffi.8.dylib	UNKNOWN	YES	MAYBE	YES	YES	RPATH_ADDITION_AND_LOAD_REWRITE	YES_ORACLE_USES_RPATH_MODEL	minos 17.0	sdk 17.2
usr/lib/libformw.6.dylib	996da06b9bf6386e9048b36fee4d29a91eb0fbb32f362c2904564eb0095129f7	92F17238-F70A-398D-B46D-1F90AA015C5A	TBD_BATCH	/usr/lib/libformw.6.dylib	/usr/lib	/usr/lib/libformw.6.dylib|@rpath/libiosexec.1.dylib|/usr/lib/libncursesw.6.dylib|/usr/lib/libSystem.B.dylib	YES	@rpath/libformw.6.dylib	/usr/lib|/var/jb/usr/lib	@rpath/libformw.6.dylib|@rpath/libiosexec.1.dylib|@rpath/libncursesw.6.dylib|/usr/lib/libSystem.B.dylib	/usr/lib/libSystem.B.dylib	/usr/lib/libformw.6.dylib|/usr/lib/libncursesw.6.dylib	UNKNOWN	YES	MAYBE	YES	YES	RPATH_ADDITION_AND_LOAD_REWRITE	YES_ORACLE_USES_RPATH_MODEL	minos 17.0	sdk 17.2
usr/lib/libgcrypt.20.dylib	75bf082bb4e3213be56a973c35d15319938ca5315bdb645561b1a53774dc9645	DD4DF721-710A-3C7A-BB6C-6D88AABF95C0	TBD_BATCH	/usr/lib/libgcrypt.20.dylib	/usr/lib	/usr/lib/libgcrypt.20.dylib|@rpath/libiosexec.1.dylib|/usr/lib/libgpg-error.0.dylib|/usr/lib/libSystem.B.dylib	YES	@rpath/libgcrypt.20.dylib	/usr/lib|/var/jb/usr/lib	@rpath/libgcrypt.20.dylib|@rpath/libiosexec.1.dylib|@rpath/libgpg-error.0.dylib|/usr/lib/libSystem.B.dylib	/usr/lib/libSystem.B.dylib	/usr/lib/libgcrypt.20.dylib|/usr/lib/libgpg-error.0.dylib	UNKNOWN	YES	MAYBE	YES	YES	RPATH_ADDITION_AND_LOAD_REWRITE	YES_ORACLE_USES_RPATH_MODEL	minos 17.0	sdk 17.2
usr/lib/libgmp.10.dylib	3b2afd104b2dd0d243e4ca471927bfa9f64a921144fbb2a73c80eb862bbffad4	1FD407DD-39F1-3FA2-9EAB-0C3C813106D4	TBD_BATCH	/usr/lib/libgmp.10.dylib	/usr/lib	/usr/lib/libgmp.10.dylib|@rpath/libiosexec.1.dylib|/usr/lib/libSystem.B.dylib	YES	@rpath/libgmp.10.dylib	/usr/lib|/var/jb/usr/lib	@rpath/libgmp.10.dylib|@rpath/libiosexec.1.dylib|/usr/lib/libSystem.B.dylib	/usr/lib/libSystem.B.dylib	/usr/lib/libgmp.10.dylib	UNKNOWN	YES	MAYBE	YES	YES	RPATH_ADDITION_AND_LOAD_REWRITE	YES_ORACLE_USES_RPATH_MODEL	minos 17.0	sdk 17.2
usr/lib/libgnutls.30.dylib	f947a194437f4b056062b07e98ac53bf797ec80e0653656b4906803547d14318	822D90C0-A06A-32A8-9814-39ACE2EC8A06	TBD_BATCH	/usr/lib/libgnutls.30.dylib	/usr/lib	/usr/lib/libgnutls.30.dylib|/System/Library/Frameworks/Security.framework/Security|/System/Library/Frameworks/CoreFoundation.framework/CoreFoundation|@rpath/libiosexec.1.dylib|/usr/lib/libintl.8.dylib|/usr/lib/libp11-kit.0.dylib|/usr/lib/libidn2.0.dylib|/usr/lib/libunistring.5.dylib|/usr/lib/libSystem.B.dylib|/usr/lib/libtasn1.6.dylib|/usr/lib/libnettle.8.dylib|/usr/lib/libhogweed.6.dylib|/usr/lib/libgmp.10.dylib	YES	@rpath/libgnutls.30.dylib	/usr/lib|/var/jb/usr/lib	@rpath/libgnutls.30.dylib|/System/Library/Frameworks/Security.framework/Security|/System/Library/Frameworks/CoreFoundation.framework/CoreFoundation|@rpath/libiosexec.1.dylib|@rpath/libintl.8.dylib|@rpath/libp11-kit.0.dylib|@rpath/libidn2.0.dylib|@rpath/libunistring.5.dylib|/usr/lib/libSystem.B.dylib|@rpath/libtasn1.6.dylib|@rpath/libnettle.8.dylib|@rpath/libhogweed.6.dylib|@rpath/libgmp.10.dylib	/System/Library/Frameworks/Security.framework/Security|/System/Library/Frameworks/CoreFoundation.framework/CoreFoundation|/usr/lib/libSystem.B.dylib	/usr/lib/libgnutls.30.dylib|/usr/lib/libintl.8.dylib|/usr/lib/libp11-kit.0.dylib|/usr/lib/libidn2.0.dylib|/usr/lib/libunistring.5.dylib|/usr/lib/libtasn1.6.dylib|/usr/lib/libnettle.8.dylib|/usr/lib/libhogweed.6.dylib|/usr/lib/libgmp.10.dylib	UNKNOWN	YES	MAYBE	YES	YES	RPATH_ADDITION_AND_LOAD_REWRITE	YES_ORACLE_USES_RPATH_MODEL	minos 17.0	sdk 17.2
usr/lib/libgpg-error.0.dylib	0ff78d63dd85fcbf5e022a9f2969de807d1e5ffe1a88b13865064635a00a09ed	A10FF2B8-1C63-3D40-8414-A85BD8CBB5B0	TBD_BATCH	/usr/lib/libgpg-error.0.dylib	/usr/lib	/usr/lib/libgpg-error.0.dylib|@rpath/libiosexec.1.dylib|/usr/lib/libintl.8.dylib|/System/Library/Frameworks/CoreFoundation.framework/CoreFoundation|/usr/lib/libSystem.B.dylib	YES	@rpath/libgpg-error.0.dylib	/usr/lib|/var/jb/usr/lib	@rpath/libgpg-error.0.dylib|@rpath/libiosexec.1.dylib|@rpath/libintl.8.dylib|/System/Library/Frameworks/CoreFoundation.framework/CoreFoundation|/usr/lib/libSystem.B.dylib	/System/Library/Frameworks/CoreFoundation.framework/CoreFoundation|/usr/lib/libSystem.B.dylib	/usr/lib/libgpg-error.0.dylib|/usr/lib/libintl.8.dylib	UNKNOWN	YES	MAYBE	YES	YES	RPATH_ADDITION_AND_LOAD_REWRITE	YES_ORACLE_USES_RPATH_MODEL	minos 17.0	sdk 17.2
usr/lib/libhistory.8.2.dylib	f8c7b97f183bf0f4e71ad6cf14a81d1abee2e23f9a9f2ad10ae31ab934f86add	17345578-CF2F-371D-85EA-745C3F61E982	TBD_BATCH	/usr/lib/libhistory.8.dylib	/usr/lib	/usr/lib/libhistory.8.dylib|@rpath/libiosexec.1.dylib|/usr/lib/libncursesw.6.dylib|/usr/lib/libSystem.B.dylib	YES	@rpath/libhistory.8.dylib	/usr/lib|/var/jb/usr/lib	@rpath/libhistory.8.dylib|@rpath/libiosexec.1.dylib|@rpath/libncursesw.6.dylib|/usr/lib/libSystem.B.dylib	/usr/lib/libSystem.B.dylib	/usr/lib/libhistory.8.dylib|/usr/lib/libncursesw.6.dylib	UNKNOWN	YES	MAYBE	YES	YES	RPATH_ADDITION_AND_LOAD_REWRITE	YES_ORACLE_USES_RPATH_MODEL	minos 17.0	sdk 17.2
usr/lib/libhogweed.6.8.dylib	d8274dc19051a6b36b4db4d142549869302eada2eb6d0512d997b8961ad7be7e	AE799987-C7D8-3219-8759-5CF0D2E62F6B	TBD_BATCH	/usr/lib/libhogweed.6.dylib	/usr/lib	/usr/lib/libhogweed.6.dylib|@rpath/libiosexec.1.dylib|/usr/lib/libnettle.8.dylib|/usr/lib/libgmp.10.dylib|/usr/lib/libSystem.B.dylib	YES	@rpath/libhogweed.6.dylib	/usr/lib|/var/jb/usr/lib	@rpath/libhogweed.6.dylib|@rpath/libiosexec.1.dylib|@rpath/libnettle.8.dylib|@rpath/libgmp.10.dylib|/usr/lib/libSystem.B.dylib	/usr/lib/libSystem.B.dylib	/usr/lib/libhogweed.6.dylib|/usr/lib/libnettle.8.dylib|/usr/lib/libgmp.10.dylib	UNKNOWN	YES	MAYBE	YES	YES	RPATH_ADDITION_AND_LOAD_REWRITE	N/A	minos 17.0	sdk 17.2
usr/lib/libidn2.0.dylib	ff610ead8f2ad8d86392bdd7bb61c7e893e2af2b12b14af3e021524c6d2758b7	1B9F50B7-DFFF-3C44-BA02-0065CB69A7DD	TBD_BATCH	/usr/lib/libidn2.0.dylib	/usr/lib	/usr/lib/libidn2.0.dylib|/usr/lib/libiconv.2.dylib|/usr/lib/libunistring.5.dylib|/usr/lib/libintl.8.dylib|@rpath/libiosexec.1.dylib|/System/Library/Frameworks/CoreFoundation.framework/CoreFoundation|/usr/lib/libSystem.B.dylib	YES	@rpath/libidn2.0.dylib	/usr/lib|/var/jb/usr/lib	@rpath/libidn2.0.dylib|/usr/lib/libiconv.2.dylib|@rpath/libunistring.5.dylib|@rpath/libintl.8.dylib|@rpath/libiosexec.1.dylib|/System/Library/Frameworks/CoreFoundation.framework/CoreFoundation|/usr/lib/libSystem.B.dylib	/usr/lib/libiconv.2.dylib|/System/Library/Frameworks/CoreFoundation.framework/CoreFoundation|/usr/lib/libSystem.B.dylib	/usr/lib/libidn2.0.dylib|/usr/lib/libunistring.5.dylib|/usr/lib/libintl.8.dylib	UNKNOWN	YES	MAYBE	YES	YES	RPATH_ADDITION_AND_LOAD_REWRITE	YES_ORACLE_USES_RPATH_MODEL	minos 17.0	sdk 17.2
usr/lib/libintl.8.dylib	fdf1b4a2802ee8deda4bbe377d286a388e30f02220117a19b431b9f7da0dc3bf	CE0C8F02-364E-36F5-8632-09C4A377248D	TBD_BATCH	/usr/lib/libintl.8.dylib	/usr/lib	/usr/lib/libintl.8.dylib|/usr/lib/libiconv.2.dylib|@rpath/libiosexec.1.dylib|/System/Library/Frameworks/CoreFoundation.framework/CoreFoundation|/usr/lib/libSystem.B.dylib	YES	@rpath/libintl.8.dylib	/usr/lib|/var/jb/usr/lib	@rpath/libintl.8.dylib|/usr/lib/libiconv.2.dylib|@rpath/libiosexec.1.dylib|/System/Library/Frameworks/CoreFoundation.framework/CoreFoundation|/usr/lib/libSystem.B.dylib	/usr/lib/libiconv.2.dylib|/System/Library/Frameworks/CoreFoundation.framework/CoreFoundation|/usr/lib/libSystem.B.dylib	/usr/lib/libintl.8.dylib	UNKNOWN	YES	MAYBE	YES	YES	RPATH_ADDITION_AND_LOAD_REWRITE	YES_ORACLE_USES_RPATH_MODEL	minos 17.0	sdk 17.2
usr/lib/libiosexec.1.dylib	ee5d464018e4c0172b7006edc20f14487292ab00b4e71d0d6f891e3a88831e1d	75D9D537-8589-392E-A2CE-9619D67F6AA8	TBD_BATCH	/usr/lib/libiosexec.1.dylib	/usr/lib	/usr/lib/libiosexec.1.dylib|/usr/lib/libSystem.B.dylib	YES	@rpath/libiosexec.1.dylib	/usr/lib|/var/jb/usr/lib	@rpath/libiosexec.1.dylib|/usr/lib/libSystem.B.dylib	/usr/lib/libSystem.B.dylib	/usr/lib/libiosexec.1.dylib	UNKNOWN	YES	MAYBE	YES	YES	RPATH_ADDITION_AND_LOAD_REWRITE	YES_ORACLE_USES_RPATH_MODEL	minos 17.0	sdk 17.2
usr/lib/libkrw.0.dylib	956e323bde7907544000a959ff1b303b8ed3fe27a5a29d63e2161ea41a281ffc	5EBD7BF2-144B-3533-8300-B7DDFB90C13A	TBD_BATCH	/usr/lib/libkrw.0.dylib	/usr/lib	/usr/lib/libkrw.0.dylib|@rpath/libiosexec.1.dylib|/usr/lib/libSystem.B.dylib	YES	@rpath/libkrw.0.dylib	/usr/lib|/var/jb/usr/lib	@rpath/libkrw.0.dylib|@rpath/libiosexec.1.dylib|/usr/lib/libSystem.B.dylib	/usr/lib/libSystem.B.dylib	/usr/lib/libkrw.0.dylib	UNKNOWN	YES	MAYBE	YES	YES	RPATH_ADDITION_AND_LOAD_REWRITE	YES_ORACLE_USES_RPATH_MODEL	minos 17.0	sdk 17.5
usr/lib/liblz4.1.9.4.dylib	baf6b0b1870323962f2a97587ac7ac266172a08201634639070a3c91988b60a5	0D0977BF-5443-38FA-AF56-264580BB93B5	TBD_BATCH	/usr/lib/liblz4.1.dylib	/usr/lib	/usr/lib/liblz4.1.dylib|@rpath/libiosexec.1.dylib|/usr/lib/libSystem.B.dylib	YES	@rpath/liblz4.1.dylib	/usr/lib|/var/jb/usr/lib	@rpath/liblz4.1.dylib|@rpath/libiosexec.1.dylib|/usr/lib/libSystem.B.dylib	/usr/lib/libSystem.B.dylib	/usr/lib/liblz4.1.dylib	UNKNOWN	YES	MAYBE	YES	YES	RPATH_ADDITION_AND_LOAD_REWRITE	YES_ORACLE_USES_RPATH_MODEL	minos 17.0	sdk 17.2
usr/lib/libmd.0.dylib	6fbfc5c6af574df66ef624e22b0aa3c4a1f16ff3d22fc04039fdca47ddadc298	6C67A138-C758-3F36-AD73-D49981E04D27	TBD_BATCH	/usr/lib/libmd.0.dylib	/usr/lib	/usr/lib/libmd.0.dylib|@rpath/libiosexec.1.dylib|/usr/lib/libSystem.B.dylib	YES	@rpath/libmd.0.dylib	/usr/lib|/var/jb/usr/lib	@rpath/libmd.0.dylib|@rpath/libiosexec.1.dylib|/usr/lib/libSystem.B.dylib	/usr/lib/libSystem.B.dylib	/usr/lib/libmd.0.dylib	UNKNOWN	YES	MAYBE	YES	YES	RPATH_ADDITION_AND_LOAD_REWRITE	YES_ORACLE_USES_RPATH_MODEL	minos 17.0	sdk 17.2
usr/lib/libmenuw.6.dylib	1e18ca65aeb6c3fc4177be3905b565239aa521461f2a9dd1fef1752e48c87bc2	D4607C7F-32E0-3E5F-92DA-82F6C7F8E1F0	TBD_BATCH	/usr/lib/libmenuw.6.dylib	/usr/lib	/usr/lib/libmenuw.6.dylib|@rpath/libiosexec.1.dylib|/usr/lib/libncursesw.6.dylib|/usr/lib/libSystem.B.dylib	YES	@rpath/libmenuw.6.dylib	/usr/lib|/var/jb/usr/lib	@rpath/libmenuw.6.dylib|@rpath/libiosexec.1.dylib|@rpath/libncursesw.6.dylib|/usr/lib/libSystem.B.dylib	/usr/lib/libSystem.B.dylib	/usr/lib/libmenuw.6.dylib|/usr/lib/libncursesw.6.dylib	UNKNOWN	YES	MAYBE	YES	YES	RPATH_ADDITION_AND_LOAD_REWRITE	YES_ORACLE_USES_RPATH_MODEL	minos 17.0	sdk 17.2
usr/lib/libncursesw.6.dylib	1cefd70102894505fbe7681de8f67f170f91af64e2340dcd3cb6912ba6855065	CCF4BE35-2B2E-3B10-B36D-F714E8272298	TBD_BATCH	/usr/lib/libncursesw.6.dylib	/usr/lib	/usr/lib/libncursesw.6.dylib|@rpath/libiosexec.1.dylib|/usr/lib/libSystem.B.dylib	YES	@rpath/libncursesw.6.dylib	/usr/lib|/var/jb/usr/lib	@rpath/libncursesw.6.dylib|@rpath/libiosexec.1.dylib|/usr/lib/libSystem.B.dylib	/usr/lib/libSystem.B.dylib	/usr/lib/libncursesw.6.dylib	UNKNOWN	YES	MAYBE	YES	YES	RPATH_ADDITION_AND_LOAD_REWRITE	YES_ORACLE_USES_RPATH_MODEL	minos 17.0	sdk 17.2
usr/lib/libnettle.8.8.dylib	50f6fe81bf1503d0a3f0d30810fe88bccb15d5ad4641c4dd35ea5548188e5cc2	8944E49F-CF11-35D0-9AD1-CE5654F7EAC0	TBD_BATCH	/usr/lib/libnettle.8.dylib	/usr/lib	/usr/lib/libnettle.8.dylib|@rpath/libiosexec.1.dylib|/usr/lib/libSystem.B.dylib	YES	@rpath/libnettle.8.dylib	/usr/lib|/var/jb/usr/lib	@rpath/libnettle.8.dylib|@rpath/libiosexec.1.dylib|/usr/lib/libSystem.B.dylib	/usr/lib/libSystem.B.dylib	/usr/lib/libnettle.8.dylib	UNKNOWN	YES	MAYBE	YES	YES	RPATH_ADDITION_AND_LOAD_REWRITE	N/A	minos 17.0	sdk 17.2
usr/lib/libnpth.0.dylib	242832c13e65e8c61a937909baf86aa683712a82c90caaa296a7f44b3f9f0599	4AB1C32D-61F3-3B89-A7EC-574485168D3B	TBD_BATCH	/usr/lib/libnpth.0.dylib	/usr/lib	/usr/lib/libnpth.0.dylib|@rpath/libiosexec.1.dylib|/usr/lib/libSystem.B.dylib	YES	@rpath/libnpth.0.dylib	/usr/lib|/var/jb/usr/lib	@rpath/libnpth.0.dylib|@rpath/libiosexec.1.dylib|/usr/lib/libSystem.B.dylib	/usr/lib/libSystem.B.dylib	/usr/lib/libnpth.0.dylib	UNKNOWN	YES	MAYBE	YES	YES	RPATH_ADDITION_AND_LOAD_REWRITE	YES_ORACLE_USES_RPATH_MODEL	minos 17.0	sdk 17.2
usr/lib/libp11-kit.0.dylib	3cfae036f8497e629aeb67256cf650288bf1a93b93320f48a14a625732ca98d1	B1D4680A-5970-31DA-B5C9-3D9AF01E9380	TBD_BATCH	/usr/lib/libp11-kit.0.dylib	/usr/lib	/usr/lib/libp11-kit.0.dylib|@rpath/libiosexec.1.dylib|/usr/lib/libffi.8.dylib|/usr/lib/libintl.8.dylib|/System/Library/Frameworks/CoreFoundation.framework/CoreFoundation|/usr/lib/libSystem.B.dylib	YES	@rpath/libp11-kit.0.dylib	/usr/lib|/var/jb/usr/lib	@rpath/libp11-kit.0.dylib|@rpath/libiosexec.1.dylib|@rpath/libffi.8.dylib|@rpath/libintl.8.dylib|/System/Library/Frameworks/CoreFoundation.framework/CoreFoundation|/usr/lib/libSystem.B.dylib	/System/Library/Frameworks/CoreFoundation.framework/CoreFoundation|/usr/lib/libSystem.B.dylib	/usr/lib/libp11-kit.0.dylib|/usr/lib/libffi.8.dylib|/usr/lib/libintl.8.dylib	UNKNOWN	YES	MAYBE	YES	YES	RPATH_ADDITION_AND_LOAD_REWRITE	YES_ORACLE_USES_RPATH_MODEL	minos 17.0	sdk 17.2
usr/lib/libpam.2.dylib	fce37dab19541307b480d3fc3dac19ba43a02bfc9d7da383c0b54ca607d30abb	5D761C4B-DDD1-35BB-9281-732409A1DAC5	TBD_BATCH	/usr/lib/libpam.2.dylib	/usr/lib	/usr/lib/libpam.2.dylib|@rpath/libiosexec.1.dylib|/usr/lib/libSystem.B.dylib	YES	@rpath/libpam.2.dylib	/usr/lib|/var/jb/usr/lib	@rpath/libpam.2.dylib|@rpath/libiosexec.1.dylib|/usr/lib/libSystem.B.dylib	/usr/lib/libSystem.B.dylib	/usr/lib/libpam.2.dylib	UNKNOWN	YES	MAYBE	YES	YES	RPATH_ADDITION_AND_LOAD_REWRITE	YES_ORACLE_USES_RPATH_MODEL	minos 17.0	sdk 17.2
usr/lib/libpanelw.6.dylib	f0bc468d3d540bb30cb032ac175453b1b082adbb5a66db9f48443a8419b5cebd	9AF0CCE5-1269-3A8D-BBA3-44608529EDE1	TBD_BATCH	/usr/lib/libpanelw.6.dylib	/usr/lib	/usr/lib/libpanelw.6.dylib|@rpath/libiosexec.1.dylib|/usr/lib/libncursesw.6.dylib|/usr/lib/libSystem.B.dylib	YES	@rpath/libpanelw.6.dylib	/usr/lib|/var/jb/usr/lib	@rpath/libpanelw.6.dylib|@rpath/libiosexec.1.dylib|@rpath/libncursesw.6.dylib|/usr/lib/libSystem.B.dylib	/usr/lib/libSystem.B.dylib	/usr/lib/libpanelw.6.dylib|/usr/lib/libncursesw.6.dylib	UNKNOWN	YES	MAYBE	YES	YES	RPATH_ADDITION_AND_LOAD_REWRITE	YES_ORACLE_USES_RPATH_MODEL	minos 17.0	sdk 17.2
usr/lib/libpcre.1.dylib	ec42b329e111a7a04942311550991ab0ea9391b91e80bcec0dd60f1ef3b40090	9408F9AA-06C6-3426-8963-88D19F731A4D	TBD_BATCH	/usr/lib/libpcre.1.dylib	/usr/lib	/usr/lib/libpcre.1.dylib|@rpath/libiosexec.1.dylib|/usr/lib/libSystem.B.dylib	YES	@rpath/libpcre.1.dylib	/usr/lib|/var/jb/usr/lib	@rpath/libpcre.1.dylib|@rpath/libiosexec.1.dylib|/usr/lib/libSystem.B.dylib	/usr/lib/libSystem.B.dylib	/usr/lib/libpcre.1.dylib	UNKNOWN	YES	MAYBE	YES	YES	RPATH_ADDITION_AND_LOAD_REWRITE	YES_ORACLE_USES_RPATH_MODEL	minos 17.0	sdk 17.2
usr/lib/libpcre2-8.0.dylib	9d765906f0b4d243fa53eaa356dabf841e39e79edb366ce7d4e07a9e4b30f538	D38D3615-32BA-39A9-81BB-AFB4DD51B79A	TBD_BATCH	/usr/lib/libpcre2-8.0.dylib	/usr/lib	/usr/lib/libpcre2-8.0.dylib|@rpath/libiosexec.1.dylib|/usr/lib/libSystem.B.dylib	YES	@rpath/libpcre2-8.0.dylib	/usr/lib|/var/jb/usr/lib	@rpath/libpcre2-8.0.dylib|@rpath/libiosexec.1.dylib|/usr/lib/libSystem.B.dylib	/usr/lib/libSystem.B.dylib	/usr/lib/libpcre2-8.0.dylib	UNKNOWN	YES	MAYBE	YES	YES	RPATH_ADDITION_AND_LOAD_REWRITE	YES_ORACLE_USES_RPATH_MODEL	minos 17.0	sdk 17.2
usr/lib/libreadline.8.2.dylib	8b6fa4f3776802cd1945e7c4edc3db7400c8fa39b3d0b0da5490a955a3ca7c42	C3AC6969-38F6-35DD-B234-4A399CEDA78C	TBD_BATCH	/usr/lib/libreadline.8.dylib	/usr/lib	/usr/lib/libreadline.8.dylib|@rpath/libiosexec.1.dylib|/usr/lib/libncursesw.6.dylib|/usr/lib/libSystem.B.dylib	YES	@rpath/libreadline.8.dylib	/usr/lib|/var/jb/usr/lib	@rpath/libreadline.8.dylib|@rpath/libiosexec.1.dylib|@rpath/libncursesw.6.dylib|/usr/lib/libSystem.B.dylib	/usr/lib/libSystem.B.dylib	/usr/lib/libreadline.8.dylib|/usr/lib/libncursesw.6.dylib	UNKNOWN	YES	MAYBE	YES	YES	RPATH_ADDITION_AND_LOAD_REWRITE	YES_ORACLE_USES_RPATH_MODEL	minos 17.0	sdk 17.2
usr/lib/libssl.3.dylib	0274f8f9ff3bb5bc9d16c750cacb3b3fc3a6ec3f2164e885d549e51756eb9501	B5E707B3-DED1-3851-8BAC-D543A1E9CD94	TBD_BATCH	/usr/lib/libssl.3.dylib	/usr/lib	/usr/lib/libssl.3.dylib|@rpath/libiosexec.1.dylib|/usr/lib/libcrypto.3.dylib|/usr/lib/libSystem.B.dylib	YES	@rpath/libssl.3.dylib	/usr/lib|/var/jb/usr/lib	@rpath/libssl.3.dylib|@rpath/libiosexec.1.dylib|@rpath/libcrypto.3.dylib|/usr/lib/libSystem.B.dylib	/usr/lib/libSystem.B.dylib	/usr/lib/libssl.3.dylib|/usr/lib/libcrypto.3.dylib	UNKNOWN	YES	MAYBE	YES	YES	RPATH_ADDITION_AND_LOAD_REWRITE	YES_ORACLE_USES_RPATH_MODEL	minos 17.0	sdk 17.2
usr/lib/libtasn1.6.dylib	c1c2def30c86adb5703957cb78a0c5e7e8a4e6c862d873401fe35ad904ddcfa8	797A18E3-7482-3DBE-A78C-461EF7524662	TBD_BATCH	/usr/lib/libtasn1.6.dylib	/usr/lib	/usr/lib/libtasn1.6.dylib|@rpath/libiosexec.1.dylib|/usr/lib/libSystem.B.dylib	YES	@rpath/libtasn1.6.dylib	/usr/lib|/var/jb/usr/lib	@rpath/libtasn1.6.dylib|@rpath/libiosexec.1.dylib|/usr/lib/libSystem.B.dylib	/usr/lib/libSystem.B.dylib	/usr/lib/libtasn1.6.dylib	UNKNOWN	YES	MAYBE	YES	YES	RPATH_ADDITION_AND_LOAD_REWRITE	YES_ORACLE_USES_RPATH_MODEL	minos 17.0	sdk 17.2
usr/lib/libunistring.5.dylib	a1f96b2742518aa3330d5b5fdc7a53db5cb407f9ec44fd944e39160ce0572593	69BE9255-D304-3EEE-A62D-2CF177A680A4	TBD_BATCH	/usr/lib/libunistring.5.dylib	/usr/lib	/usr/lib/libunistring.5.dylib|/usr/lib/libiconv.2.dylib|@rpath/libiosexec.1.dylib|/System/Library/Frameworks/CoreFoundation.framework/CoreFoundation|/System/Library/Frameworks/CoreServices.framework/CoreServices|/usr/lib/libSystem.B.dylib	YES	@rpath/libunistring.5.dylib	/usr/lib|/var/jb/usr/lib	@rpath/libunistring.5.dylib|/usr/lib/libiconv.2.dylib|@rpath/libiosexec.1.dylib|/System/Library/Frameworks/CoreFoundation.framework/CoreFoundation|/System/Library/Frameworks/CoreServices.framework/CoreServices|/usr/lib/libSystem.B.dylib	/usr/lib/libiconv.2.dylib|/System/Library/Frameworks/CoreFoundation.framework/CoreFoundation|/System/Library/Frameworks/CoreServices.framework/CoreServices|/usr/lib/libSystem.B.dylib	/usr/lib/libunistring.5.dylib	UNKNOWN	YES	MAYBE	YES	YES	RPATH_ADDITION_AND_LOAD_REWRITE	YES_ORACLE_USES_RPATH_MODEL	minos 17.0	sdk 17.2
usr/lib/libxxhash.0.8.2.dylib	a2791d768cf93f76379f3d89e1ab865f643375fe4f945adcaa443a7754af2da9	20720891-0DF3-392C-B266-6219C6D280B5	TBD_BATCH	/usr/lib/libxxhash.0.dylib	/usr/lib	/usr/lib/libxxhash.0.dylib|@rpath/libiosexec.1.dylib|/usr/lib/libSystem.B.dylib	YES	@rpath/libxxhash.0.dylib	/usr/lib|/var/jb/usr/lib	@rpath/libxxhash.0.dylib|@rpath/libiosexec.1.dylib|/usr/lib/libSystem.B.dylib	/usr/lib/libSystem.B.dylib	/usr/lib/libxxhash.0.dylib	UNKNOWN	YES	MAYBE	YES	YES	RPATH_ADDITION_AND_LOAD_REWRITE	YES_ORACLE_USES_RPATH_MODEL	minos 17.0	sdk 17.2
usr/lib/libz-ng.2.1.6.dylib	ae02c8201f032b6c904b8c9bbf049cad9d0f08b9b62dc227a96bd571566a9a75	512073F2-4108-3827-800A-C9EB809AD1BA	TBD_BATCH	/usr/lib/libz-ng.2.dylib	/usr|/usr/lib	/usr/lib/libz-ng.2.dylib|@rpath/libiosexec.1.dylib|/usr/lib/libSystem.B.dylib	YES	@rpath/libz-ng.2.dylib	/usr|/usr/lib|/var/jb/usr/lib	@rpath/libz-ng.2.dylib|@rpath/libiosexec.1.dylib|/usr/lib/libSystem.B.dylib	/usr/lib/libSystem.B.dylib	/usr/lib/libz-ng.2.dylib	UNKNOWN	YES	MAYBE	YES	YES	RPATH_ADDITION_AND_LOAD_REWRITE	YES_ORACLE_USES_RPATH_MODEL	minos 17.0	sdk 17.5
usr/lib/libzstd.1.5.5.dylib	0efad218d17fafeaafcce2eea48fb3b68d3fcf4fed8649252488c0abef0bad6f	6C1E9A6E-4328-3B3D-8A75-EB2C3E92EF21	TBD_BATCH	/usr/lib/libzstd.1.dylib	/usr/lib	/usr/lib/libzstd.1.dylib|@rpath/libiosexec.1.dylib|/usr/lib/libSystem.B.dylib	YES	@rpath/libzstd.1.dylib	/usr/lib|/var/jb/usr/lib	@rpath/libzstd.1.dylib|@rpath/libiosexec.1.dylib|/usr/lib/libSystem.B.dylib	/usr/lib/libSystem.B.dylib	/usr/lib/libzstd.1.dylib	UNKNOWN	YES	MAYBE	YES	YES	RPATH_ADDITION_AND_LOAD_REWRITE	N/A	minos 17.0	sdk 17.2
usr/lib/ossl-modules/legacy.dylib	83a68081bf29da678d5ed094de9d51fa59a8f14b1308a2b0222cbd385672ded4	95760332-3511-3A77-9535-33B8F1FA39DB	TBD_BATCH		/usr/lib	@rpath/libiosexec.1.dylib|/usr/lib/libcrypto.3.dylib|/usr/lib/libSystem.B.dylib	YES		/usr/lib|/var/jb/usr/lib	@rpath/libiosexec.1.dylib|@rpath/libcrypto.3.dylib|/usr/lib/libSystem.B.dylib	/usr/lib/libSystem.B.dylib	/usr/lib/libcrypto.3.dylib	UNKNOWN	YES	MAYBE	YES	YES	RPATH_ADDITION_AND_LOAD_REWRITE	YES_ORACLE_USES_RPATH_MODEL	minos 17.0	sdk 17.2
usr/lib/pam/pam_deny.so	6236caaeedcb452f58e287654cd2ac25e98825d8d73c23380043279daf46a6c7	B3E82C29-46BB-380E-89DA-F18547020128	TBD_BATCH		/usr/lib	@rpath/libiosexec.1.dylib|/usr/lib/libpam.2.dylib|/usr/lib/libSystem.B.dylib	YES		/usr/lib|/var/jb/usr/lib	@rpath/libiosexec.1.dylib|@rpath/libpam.2.dylib|/usr/lib/libSystem.B.dylib	/usr/lib/libSystem.B.dylib	/usr/lib/libpam.2.dylib	UNKNOWN	YES	MAYBE	YES	YES	RPATH_ADDITION_AND_LOAD_REWRITE	YES_ORACLE_USES_RPATH_MODEL	minos 17.0	sdk 17.2
usr/lib/pam/pam_group.so	a66e07a511d0bc9f0608b2c596c904fec796ff2e3de507e7ad26d51c49e2aa13	062D4781-0F07-3C1B-8B69-844DBD2DB451	TBD_BATCH		/usr/lib	@rpath/libiosexec.1.dylib|/usr/lib/libpam.2.dylib|/usr/lib/libSystem.B.dylib	YES		/usr/lib|/var/jb/usr/lib	@rpath/libiosexec.1.dylib|@rpath/libpam.2.dylib|/usr/lib/libSystem.B.dylib	/usr/lib/libSystem.B.dylib	/usr/lib/libpam.2.dylib	UNKNOWN	YES	MAYBE	YES	YES	RPATH_ADDITION_AND_LOAD_REWRITE	YES_ORACLE_USES_RPATH_MODEL	minos 17.0	sdk 17.2
usr/lib/pam/pam_launchd.so	18ebf5702e46f92da696ebcf6a08f757831ee4e05a7c44a6650aa4f8cbf17c97	6E0BE676-AED0-30D7-B545-4C9F7FCDA1F0	TBD_BATCH		/usr/lib	@rpath/libiosexec.1.dylib|/usr/lib/libpam.2.dylib|/usr/lib/libSystem.B.dylib	YES		/usr/lib|/var/jb/usr/lib	@rpath/libiosexec.1.dylib|@rpath/libpam.2.dylib|/usr/lib/libSystem.B.dylib	/usr/lib/libSystem.B.dylib	/usr/lib/libpam.2.dylib	UNKNOWN	YES	MAYBE	YES	YES	RPATH_ADDITION_AND_LOAD_REWRITE	YES_ORACLE_USES_RPATH_MODEL	minos 17.0	sdk 17.2
usr/lib/pam/pam_nologin.so	55ad9926a685347b8ecd5fbc5740cfd22bdddf57c6572d9ccaee3af106f98927	F285FAAE-3F01-3D5E-B171-F7FF6CBE9702	TBD_BATCH		/usr/lib	@rpath/libiosexec.1.dylib|/usr/lib/libpam.2.dylib|/usr/lib/libSystem.B.dylib	YES		/usr/lib|/var/jb/usr/lib	@rpath/libiosexec.1.dylib|@rpath/libpam.2.dylib|/usr/lib/libSystem.B.dylib	/usr/lib/libSystem.B.dylib	/usr/lib/libpam.2.dylib	UNKNOWN	YES	MAYBE	YES	YES	RPATH_ADDITION_AND_LOAD_REWRITE	YES_ORACLE_USES_RPATH_MODEL	minos 17.0	sdk 17.2
usr/lib/pam/pam_permit.so	ea645d358ddd64747a2918a0b6a1448bc42d04a6a359bd11e68e4dc0c8522e6a	654670EF-F8CC-39DB-809A-2AC5CA49D404	TBD_BATCH		/usr/lib	@rpath/libiosexec.1.dylib|/usr/lib/libpam.2.dylib|/usr/lib/libSystem.B.dylib	YES		/usr/lib|/var/jb/usr/lib	@rpath/libiosexec.1.dylib|@rpath/libpam.2.dylib|/usr/lib/libSystem.B.dylib	/usr/lib/libSystem.B.dylib	/usr/lib/libpam.2.dylib	UNKNOWN	YES	MAYBE	YES	YES	RPATH_ADDITION_AND_LOAD_REWRITE	YES_ORACLE_USES_RPATH_MODEL	minos 17.0	sdk 17.2
usr/lib/pam/pam_rootok.so	bd65d4822745ab0e33b8c18f6c6719e6ccbca8bf31bbf35b1833b05ceb50f5d9	0CD39CA3-4654-3BFD-A0E1-C32E863DB465	TBD_BATCH		/usr/lib	@rpath/libiosexec.1.dylib|/usr/lib/libpam.2.dylib|/usr/lib/libSystem.B.dylib	YES		/usr/lib|/var/jb/usr/lib	@rpath/libiosexec.1.dylib|@rpath/libpam.2.dylib|/usr/lib/libSystem.B.dylib	/usr/lib/libSystem.B.dylib	/usr/lib/libpam.2.dylib	UNKNOWN	YES	MAYBE	YES	YES	RPATH_ADDITION_AND_LOAD_REWRITE	YES_ORACLE_USES_RPATH_MODEL	minos 17.0	sdk 17.2
usr/lib/pam/pam_sacl.so	1abd9d595141e10067f5a00b6040447a9da62d8701e22195de0b9187eb1eac72	FE3ED3F9-F9DE-3431-8A6B-0BCFEAA50391	TBD_BATCH		/usr/lib	@rpath/libiosexec.1.dylib|/usr/lib/libpam.2.dylib|/usr/lib/libSystem.B.dylib	YES		/usr/lib|/var/jb/usr/lib	@rpath/libiosexec.1.dylib|@rpath/libpam.2.dylib|/usr/lib/libSystem.B.dylib	/usr/lib/libSystem.B.dylib	/usr/lib/libpam.2.dylib	UNKNOWN	YES	MAYBE	YES	YES	RPATH_ADDITION_AND_LOAD_REWRITE	YES_ORACLE_USES_RPATH_MODEL	minos 17.0	sdk 17.2
usr/lib/pam/pam_self.so	5918d62a031c873a872ca5ca0c6c2acda0a426aa11971fd0de78eb72f6e1d826	BD02F355-7BEA-3910-B2F3-BB952F6A18F6	TBD_BATCH		/usr/lib	@rpath/libiosexec.1.dylib|/usr/lib/libpam.2.dylib|/usr/lib/libSystem.B.dylib	YES		/usr/lib|/var/jb/usr/lib	@rpath/libiosexec.1.dylib|@rpath/libpam.2.dylib|/usr/lib/libSystem.B.dylib	/usr/lib/libSystem.B.dylib	/usr/lib/libpam.2.dylib	UNKNOWN	YES	MAYBE	YES	YES	RPATH_ADDITION_AND_LOAD_REWRITE	YES_ORACLE_USES_RPATH_MODEL	minos 17.0	sdk 17.2
usr/lib/pam/pam_unix.so	fb9c49eae9b8cdc42b8ed28c6c5ab9ef1f44c17ceebfb4f5debf16e6b37f36e6	85FAE5F5-970B-376B-B15B-45BC100EBFED	TBD_BATCH		/usr/lib	@rpath/libiosexec.1.dylib|/usr/lib/libpam.2.dylib|/usr/lib/libcrypt.2.dylib|/usr/lib/libSystem.B.dylib	YES		/usr/lib|/var/jb/usr/lib	@rpath/libiosexec.1.dylib|@rpath/libpam.2.dylib|@rpath/libcrypt.2.dylib|/usr/lib/libSystem.B.dylib	/usr/lib/libSystem.B.dylib	/usr/lib/libpam.2.dylib|/usr/lib/libcrypt.2.dylib	UNKNOWN	YES	MAYBE	YES	YES	RPATH_ADDITION_AND_LOAD_REWRITE	YES_ORACLE_USES_RPATH_MODEL	minos 17.0	sdk 17.2
usr/lib/pam/pam_uwtmp.so	7e960b13e389a498e1a526d82668ca14693538404d585da36dcab245cfe2aea0	18B02E52-52D6-3037-9C95-BC3506B4901C	TBD_BATCH		/usr/lib	@rpath/libiosexec.1.dylib|/usr/lib/libpam.2.dylib|/usr/lib/libSystem.B.dylib	YES		/usr/lib|/var/jb/usr/lib	@rpath/libiosexec.1.dylib|@rpath/libpam.2.dylib|/usr/lib/libSystem.B.dylib	/usr/lib/libSystem.B.dylib	/usr/lib/libpam.2.dylib	UNKNOWN	YES	MAYBE	YES	YES	RPATH_ADDITION_AND_LOAD_REWRITE	YES_ORACLE_USES_RPATH_MODEL	minos 17.0	sdk 17.2
usr/lib/zsh/5.9/zsh/attr.so	048a44611d8be8ba40df2e28e3589588a7ab1518bdf34797d6e1450042572d21	DA9D1DE8-7F04-30AC-8ECF-7DB82BA43EBC	TBD_BATCH		/usr/lib	@rpath/libiosexec.1.dylib|/usr/lib/libpcre.1.dylib|/usr/lib/libiconv.2.dylib|/usr/lib/libSystem.B.dylib|/usr/lib/libncursesw.6.dylib	YES		/usr/lib|/var/jb/usr/lib	@rpath/libiosexec.1.dylib|@rpath/libpcre.1.dylib|/usr/lib/libiconv.2.dylib|/usr/lib/libSystem.B.dylib|@rpath/libncursesw.6.dylib	/usr/lib/libiconv.2.dylib|/usr/lib/libSystem.B.dylib	/usr/lib/libpcre.1.dylib|/usr/lib/libncursesw.6.dylib	UNKNOWN	YES	MAYBE	YES	YES	RPATH_ADDITION_AND_LOAD_REWRITE	YES_ORACLE_USES_RPATH_MODEL	minos 17.0	sdk 17.2
usr/lib/zsh/5.9/zsh/cap.so	9a70ba2439ca3c7d6ddc4ebc210cdab18d6116c850dac30a6c16e579a872e0ea	55939C01-37E1-31AD-AD0C-DF75C1781C52	TBD_BATCH		/usr/lib	@rpath/libiosexec.1.dylib|/usr/lib/libpcre.1.dylib|/usr/lib/libiconv.2.dylib|/usr/lib/libSystem.B.dylib|/usr/lib/libncursesw.6.dylib	YES		/usr/lib|/var/jb/usr/lib	@rpath/libiosexec.1.dylib|@rpath/libpcre.1.dylib|/usr/lib/libiconv.2.dylib|/usr/lib/libSystem.B.dylib|@rpath/libncursesw.6.dylib	/usr/lib/libiconv.2.dylib|/usr/lib/libSystem.B.dylib	/usr/lib/libpcre.1.dylib|/usr/lib/libncursesw.6.dylib	UNKNOWN	YES	MAYBE	YES	YES	RPATH_ADDITION_AND_LOAD_REWRITE	YES_ORACLE_USES_RPATH_MODEL	minos 17.0	sdk 17.2
usr/lib/zsh/5.9/zsh/clone.so	379febc325dceffd59206926cfd2e20256bd5cf8301b887c29c7432e0573d4e9	09BF6E8F-A8A6-33D6-A07F-45701DA89793	TBD_BATCH		/usr/lib	@rpath/libiosexec.1.dylib|/usr/lib/libpcre.1.dylib|/usr/lib/libiconv.2.dylib|/usr/lib/libSystem.B.dylib|/usr/lib/libncursesw.6.dylib	YES		/usr/lib|/var/jb/usr/lib	@rpath/libiosexec.1.dylib|@rpath/libpcre.1.dylib|/usr/lib/libiconv.2.dylib|/usr/lib/libSystem.B.dylib|@rpath/libncursesw.6.dylib	/usr/lib/libiconv.2.dylib|/usr/lib/libSystem.B.dylib	/usr/lib/libpcre.1.dylib|/usr/lib/libncursesw.6.dylib	UNKNOWN	YES	MAYBE	YES	YES	RPATH_ADDITION_AND_LOAD_REWRITE	YES_ORACLE_USES_RPATH_MODEL	minos 17.0	sdk 17.2
usr/lib/zsh/5.9/zsh/compctl.so	1f48ab470955f8850cf6a285120dd32e7138960466a272c00792c008e4cce183	5754C860-8763-332F-AF64-E8D75BCDEDE1	TBD_BATCH		/usr/lib	@rpath/libiosexec.1.dylib|/usr/lib/libpcre.1.dylib|/usr/lib/libiconv.2.dylib|/usr/lib/libSystem.B.dylib|/usr/lib/libncursesw.6.dylib	YES		/usr/lib|/var/jb/usr/lib	@rpath/libiosexec.1.dylib|@rpath/libpcre.1.dylib|/usr/lib/libiconv.2.dylib|/usr/lib/libSystem.B.dylib|@rpath/libncursesw.6.dylib	/usr/lib/libiconv.2.dylib|/usr/lib/libSystem.B.dylib	/usr/lib/libpcre.1.dylib|/usr/lib/libncursesw.6.dylib	UNKNOWN	YES	MAYBE	YES	YES	RPATH_ADDITION_AND_LOAD_REWRITE	YES_ORACLE_USES_RPATH_MODEL	minos 17.0	sdk 17.2
usr/lib/zsh/5.9/zsh/complete.so	89a3c7c8bca2e865943e228b042858d0da856d4783f03a92f9a7f4eeff1d39cf	CB58C2E1-3397-3500-B2CC-9F8C4E357465	TBD_BATCH		/usr/lib	@rpath/libiosexec.1.dylib|/usr/lib/libpcre.1.dylib|/usr/lib/libiconv.2.dylib|/usr/lib/libSystem.B.dylib|/usr/lib/libncursesw.6.dylib	YES		/usr/lib|/var/jb/usr/lib	@rpath/libiosexec.1.dylib|@rpath/libpcre.1.dylib|/usr/lib/libiconv.2.dylib|/usr/lib/libSystem.B.dylib|@rpath/libncursesw.6.dylib	/usr/lib/libiconv.2.dylib|/usr/lib/libSystem.B.dylib	/usr/lib/libpcre.1.dylib|/usr/lib/libncursesw.6.dylib	UNKNOWN	YES	MAYBE	YES	YES	RPATH_ADDITION_AND_LOAD_REWRITE	YES_ORACLE_USES_RPATH_MODEL	minos 17.0	sdk 17.2
usr/lib/zsh/5.9/zsh/complist.so	3ef0207e8dc7ea08862ae6e12eb43f916d10f6c98110e8b28ac9b7d44800ee25	E3776284-9D02-3678-8D88-033D7FF87392	TBD_BATCH		/usr/lib	@rpath/libiosexec.1.dylib|/usr/lib/libpcre.1.dylib|/usr/lib/libiconv.2.dylib|/usr/lib/libSystem.B.dylib|/usr/lib/libncursesw.6.dylib	YES		/usr/lib|/var/jb/usr/lib	@rpath/libiosexec.1.dylib|@rpath/libpcre.1.dylib|/usr/lib/libiconv.2.dylib|/usr/lib/libSystem.B.dylib|@rpath/libncursesw.6.dylib	/usr/lib/libiconv.2.dylib|/usr/lib/libSystem.B.dylib	/usr/lib/libpcre.1.dylib|/usr/lib/libncursesw.6.dylib	UNKNOWN	YES	MAYBE	YES	YES	RPATH_ADDITION_AND_LOAD_REWRITE	YES_ORACLE_USES_RPATH_MODEL	minos 17.0	sdk 17.2
usr/lib/zsh/5.9/zsh/computil.so	aaad9d7c9d63e15f0abd3dfca1285ee9ac010d2565cd32efada033113cafc1d8	0CCF5432-D2CF-3AE3-9D13-FE042AA529A8	TBD_BATCH		/usr/lib	@rpath/libiosexec.1.dylib|/usr/lib/libpcre.1.dylib|/usr/lib/libiconv.2.dylib|/usr/lib/libSystem.B.dylib|/usr/lib/libncursesw.6.dylib	YES		/usr/lib|/var/jb/usr/lib	@rpath/libiosexec.1.dylib|@rpath/libpcre.1.dylib|/usr/lib/libiconv.2.dylib|/usr/lib/libSystem.B.dylib|@rpath/libncursesw.6.dylib	/usr/lib/libiconv.2.dylib|/usr/lib/libSystem.B.dylib	/usr/lib/libpcre.1.dylib|/usr/lib/libncursesw.6.dylib	UNKNOWN	YES	MAYBE	YES	YES	RPATH_ADDITION_AND_LOAD_REWRITE	YES_ORACLE_USES_RPATH_MODEL	minos 17.0	sdk 17.2
usr/lib/zsh/5.9/zsh/curses.so	0556a512a9e71e04e0c141791d3231ad46a7b11bd2a9db051d921fba2d5a8a3e	494CF86A-B6F0-3F19-9774-4A2E94104EB7	TBD_BATCH		/usr/lib	@rpath/libiosexec.1.dylib|/usr/lib/libpcre.1.dylib|/usr/lib/libiconv.2.dylib|/usr/lib/libSystem.B.dylib|/usr/lib/libncursesw.6.dylib	YES		/usr/lib|/var/jb/usr/lib	@rpath/libiosexec.1.dylib|@rpath/libpcre.1.dylib|/usr/lib/libiconv.2.dylib|/usr/lib/libSystem.B.dylib|@rpath/libncursesw.6.dylib	/usr/lib/libiconv.2.dylib|/usr/lib/libSystem.B.dylib	/usr/lib/libpcre.1.dylib|/usr/lib/libncursesw.6.dylib	UNKNOWN	YES	MAYBE	YES	YES	RPATH_ADDITION_AND_LOAD_REWRITE	YES_ORACLE_USES_RPATH_MODEL	minos 17.0	sdk 17.2
usr/lib/zsh/5.9/zsh/datetime.so	72226705e7347dcbe046d1aa64276aa5243e6be61e6c19f4bad6e3ed5a93e9c8	59B90487-3D4C-34DE-84C6-EC5E3EB7043F	TBD_BATCH		/usr/lib	@rpath/libiosexec.1.dylib|/usr/lib/libpcre.1.dylib|/usr/lib/libiconv.2.dylib|/usr/lib/libSystem.B.dylib|/usr/lib/libncursesw.6.dylib	YES		/usr/lib|/var/jb/usr/lib	@rpath/libiosexec.1.dylib|@rpath/libpcre.1.dylib|/usr/lib/libiconv.2.dylib|/usr/lib/libSystem.B.dylib|@rpath/libncursesw.6.dylib	/usr/lib/libiconv.2.dylib|/usr/lib/libSystem.B.dylib	/usr/lib/libpcre.1.dylib|/usr/lib/libncursesw.6.dylib	UNKNOWN	YES	MAYBE	YES	YES	RPATH_ADDITION_AND_LOAD_REWRITE	YES_ORACLE_USES_RPATH_MODEL	minos 17.0	sdk 17.2
usr/lib/zsh/5.9/zsh/deltochar.so	deb6b71a87378dd1a82970aaf4476afbda2f9f4c88373bebb8c3cad72dc4ced3	2491003C-4D1C-3D13-A995-948DF64F349A	TBD_BATCH		/usr/lib	@rpath/libiosexec.1.dylib|/usr/lib/libpcre.1.dylib|/usr/lib/libiconv.2.dylib|/usr/lib/libSystem.B.dylib|/usr/lib/libncursesw.6.dylib	YES		/usr/lib|/var/jb/usr/lib	@rpath/libiosexec.1.dylib|@rpath/libpcre.1.dylib|/usr/lib/libiconv.2.dylib|/usr/lib/libSystem.B.dylib|@rpath/libncursesw.6.dylib	/usr/lib/libiconv.2.dylib|/usr/lib/libSystem.B.dylib	/usr/lib/libpcre.1.dylib|/usr/lib/libncursesw.6.dylib	UNKNOWN	YES	MAYBE	YES	YES	RPATH_ADDITION_AND_LOAD_REWRITE	YES_ORACLE_USES_RPATH_MODEL	minos 17.0	sdk 17.2
usr/lib/zsh/5.9/zsh/example.so	b5464efdf9f23d9f577fbed590e46282975f496a3e7425e427de6dd529394ecd	BCE6EF62-6A92-3D05-B142-9BFC4EC5127D	TBD_BATCH		/usr/lib	@rpath/libiosexec.1.dylib|/usr/lib/libpcre.1.dylib|/usr/lib/libiconv.2.dylib|/usr/lib/libSystem.B.dylib|/usr/lib/libncursesw.6.dylib	YES		/usr/lib|/var/jb/usr/lib	@rpath/libiosexec.1.dylib|@rpath/libpcre.1.dylib|/usr/lib/libiconv.2.dylib|/usr/lib/libSystem.B.dylib|@rpath/libncursesw.6.dylib	/usr/lib/libiconv.2.dylib|/usr/lib/libSystem.B.dylib	/usr/lib/libpcre.1.dylib|/usr/lib/libncursesw.6.dylib	UNKNOWN	YES	MAYBE	YES	YES	RPATH_ADDITION_AND_LOAD_REWRITE	YES_ORACLE_USES_RPATH_MODEL	minos 17.0	sdk 17.2
usr/lib/zsh/5.9/zsh/files.so	24ab929a89b67c59d9c0df9d8596924eb7f9d7159081b4e2470f77397860d9a4	6BDCBAB7-A08B-3E5B-BB00-08D7AD3FFC06	TBD_BATCH		/usr/lib	@rpath/libiosexec.1.dylib|/usr/lib/libpcre.1.dylib|/usr/lib/libiconv.2.dylib|/usr/lib/libSystem.B.dylib|/usr/lib/libncursesw.6.dylib	YES		/usr/lib|/var/jb/usr/lib	@rpath/libiosexec.1.dylib|@rpath/libpcre.1.dylib|/usr/lib/libiconv.2.dylib|/usr/lib/libSystem.B.dylib|@rpath/libncursesw.6.dylib	/usr/lib/libiconv.2.dylib|/usr/lib/libSystem.B.dylib	/usr/lib/libpcre.1.dylib|/usr/lib/libncursesw.6.dylib	UNKNOWN	YES	MAYBE	YES	YES	RPATH_ADDITION_AND_LOAD_REWRITE	YES_ORACLE_USES_RPATH_MODEL	minos 17.0	sdk 17.2
usr/lib/zsh/5.9/zsh/langinfo.so	805621ea073bb8226ec8fe09e56ffb4f967fdefe93da7adaf0adb7a42e92e142	03A6DA16-F4E6-3BBA-9F6C-9EE661519ABA	TBD_BATCH		/usr/lib	@rpath/libiosexec.1.dylib|/usr/lib/libpcre.1.dylib|/usr/lib/libiconv.2.dylib|/usr/lib/libSystem.B.dylib|/usr/lib/libncursesw.6.dylib	YES		/usr/lib|/var/jb/usr/lib	@rpath/libiosexec.1.dylib|@rpath/libpcre.1.dylib|/usr/lib/libiconv.2.dylib|/usr/lib/libSystem.B.dylib|@rpath/libncursesw.6.dylib	/usr/lib/libiconv.2.dylib|/usr/lib/libSystem.B.dylib	/usr/lib/libpcre.1.dylib|/usr/lib/libncursesw.6.dylib	UNKNOWN	YES	MAYBE	YES	YES	RPATH_ADDITION_AND_LOAD_REWRITE	YES_ORACLE_USES_RPATH_MODEL	minos 17.0	sdk 17.2
usr/lib/zsh/5.9/zsh/mapfile.so	6bad291d731491d18ec5af98dca89be02ab9a78e912fe85252a42faba591c060	7A58363A-D77B-37B0-83BB-D7DB60160048	TBD_BATCH		/usr/lib	@rpath/libiosexec.1.dylib|/usr/lib/libpcre.1.dylib|/usr/lib/libiconv.2.dylib|/usr/lib/libSystem.B.dylib|/usr/lib/libncursesw.6.dylib	YES		/usr/lib|/var/jb/usr/lib	@rpath/libiosexec.1.dylib|@rpath/libpcre.1.dylib|/usr/lib/libiconv.2.dylib|/usr/lib/libSystem.B.dylib|@rpath/libncursesw.6.dylib	/usr/lib/libiconv.2.dylib|/usr/lib/libSystem.B.dylib	/usr/lib/libpcre.1.dylib|/usr/lib/libncursesw.6.dylib	UNKNOWN	YES	MAYBE	YES	YES	RPATH_ADDITION_AND_LOAD_REWRITE	YES_ORACLE_USES_RPATH_MODEL	minos 17.0	sdk 17.2
usr/lib/zsh/5.9/zsh/mathfunc.so	a8d3b07265d8997528135a238734742ca8750b4765c4422278d0032d5e854b56	C5976A65-62C9-399E-A2BC-C43818CCCC96	TBD_BATCH		/usr/lib	@rpath/libiosexec.1.dylib|/usr/lib/libpcre.1.dylib|/usr/lib/libiconv.2.dylib|/usr/lib/libSystem.B.dylib|/usr/lib/libncursesw.6.dylib	YES		/usr/lib|/var/jb/usr/lib	@rpath/libiosexec.1.dylib|@rpath/libpcre.1.dylib|/usr/lib/libiconv.2.dylib|/usr/lib/libSystem.B.dylib|@rpath/libncursesw.6.dylib	/usr/lib/libiconv.2.dylib|/usr/lib/libSystem.B.dylib	/usr/lib/libpcre.1.dylib|/usr/lib/libncursesw.6.dylib	UNKNOWN	YES	MAYBE	YES	YES	RPATH_ADDITION_AND_LOAD_REWRITE	YES_ORACLE_USES_RPATH_MODEL	minos 17.0	sdk 17.2
usr/lib/zsh/5.9/zsh/nearcolor.so	b9d8647009b617a6e5eb9f74d988fa36d13f8c58dd44ff1c0ec29d44a5a4bb56	A44BA098-6B62-31AC-AE6F-F99B71117F96	TBD_BATCH		/usr/lib	@rpath/libiosexec.1.dylib|/usr/lib/libpcre.1.dylib|/usr/lib/libiconv.2.dylib|/usr/lib/libSystem.B.dylib|/usr/lib/libncursesw.6.dylib	YES		/usr/lib|/var/jb/usr/lib	@rpath/libiosexec.1.dylib|@rpath/libpcre.1.dylib|/usr/lib/libiconv.2.dylib|/usr/lib/libSystem.B.dylib|@rpath/libncursesw.6.dylib	/usr/lib/libiconv.2.dylib|/usr/lib/libSystem.B.dylib	/usr/lib/libpcre.1.dylib|/usr/lib/libncursesw.6.dylib	UNKNOWN	YES	MAYBE	YES	YES	RPATH_ADDITION_AND_LOAD_REWRITE	YES_ORACLE_USES_RPATH_MODEL	minos 17.0	sdk 17.2
usr/lib/zsh/5.9/zsh/net/socket.so	6c75764ab3e380d1781660272f9ffebf378723656c7d55396cb8bcc7ce72b261	63BC6906-407F-3EE3-B02C-315932DEBB65	TBD_BATCH		/usr/lib	@rpath/libiosexec.1.dylib|/usr/lib/libpcre.1.dylib|/usr/lib/libiconv.2.dylib|/usr/lib/libSystem.B.dylib|/usr/lib/libncursesw.6.dylib	YES		/usr/lib|/var/jb/usr/lib	@rpath/libiosexec.1.dylib|@rpath/libpcre.1.dylib|/usr/lib/libiconv.2.dylib|/usr/lib/libSystem.B.dylib|@rpath/libncursesw.6.dylib	/usr/lib/libiconv.2.dylib|/usr/lib/libSystem.B.dylib	/usr/lib/libpcre.1.dylib|/usr/lib/libncursesw.6.dylib	UNKNOWN	YES	MAYBE	YES	YES	RPATH_ADDITION_AND_LOAD_REWRITE	YES_ORACLE_USES_RPATH_MODEL	minos 17.0	sdk 17.2
usr/lib/zsh/5.9/zsh/net/tcp.so	6b43b166db68f1c225a168747b2d6597dbfa4b4ca9bd6fa4e7249d5210ffe9af	1A5D6946-5941-3323-AF05-266AB6302B93	TBD_BATCH		/usr/lib	@rpath/libiosexec.1.dylib|/usr/lib/libpcre.1.dylib|/usr/lib/libiconv.2.dylib|/usr/lib/libSystem.B.dylib|/usr/lib/libncursesw.6.dylib	YES		/usr/lib|/var/jb/usr/lib	@rpath/libiosexec.1.dylib|@rpath/libpcre.1.dylib|/usr/lib/libiconv.2.dylib|/usr/lib/libSystem.B.dylib|@rpath/libncursesw.6.dylib	/usr/lib/libiconv.2.dylib|/usr/lib/libSystem.B.dylib	/usr/lib/libpcre.1.dylib|/usr/lib/libncursesw.6.dylib	UNKNOWN	YES	MAYBE	YES	YES	RPATH_ADDITION_AND_LOAD_REWRITE	YES_ORACLE_USES_RPATH_MODEL	minos 17.0	sdk 17.2
usr/lib/zsh/5.9/zsh/newuser.so	fdadf666c96acc7ad5047b85debb7063f5908236d0308eb39f43b4acc46b574e	A84F4FC9-93BE-382C-A79C-1AA0BD5C0D52	TBD_BATCH		/usr/lib	@rpath/libiosexec.1.dylib|/usr/lib/libpcre.1.dylib|/usr/lib/libiconv.2.dylib|/usr/lib/libSystem.B.dylib|/usr/lib/libncursesw.6.dylib	YES		/usr/lib|/var/jb/usr/lib	@rpath/libiosexec.1.dylib|@rpath/libpcre.1.dylib|/usr/lib/libiconv.2.dylib|/usr/lib/libSystem.B.dylib|@rpath/libncursesw.6.dylib	/usr/lib/libiconv.2.dylib|/usr/lib/libSystem.B.dylib	/usr/lib/libpcre.1.dylib|/usr/lib/libncursesw.6.dylib	UNKNOWN	YES	MAYBE	YES	YES	RPATH_ADDITION_AND_LOAD_REWRITE	YES_ORACLE_USES_RPATH_MODEL	minos 17.0	sdk 17.2
usr/lib/zsh/5.9/zsh/param/private.so	ea3096c34a538e2127d40214f0966166f6375cbb421e3ce3901828b9273e2a38	FF1547F7-235D-3E49-BD9E-552442128D40	TBD_BATCH		/usr/lib	@rpath/libiosexec.1.dylib|/usr/lib/libpcre.1.dylib|/usr/lib/libiconv.2.dylib|/usr/lib/libSystem.B.dylib|/usr/lib/libncursesw.6.dylib	YES		/usr/lib|/var/jb/usr/lib	@rpath/libiosexec.1.dylib|@rpath/libpcre.1.dylib|/usr/lib/libiconv.2.dylib|/usr/lib/libSystem.B.dylib|@rpath/libncursesw.6.dylib	/usr/lib/libiconv.2.dylib|/usr/lib/libSystem.B.dylib	/usr/lib/libpcre.1.dylib|/usr/lib/libncursesw.6.dylib	UNKNOWN	YES	MAYBE	YES	YES	RPATH_ADDITION_AND_LOAD_REWRITE	YES_ORACLE_USES_RPATH_MODEL	minos 17.0	sdk 17.2
usr/lib/zsh/5.9/zsh/parameter.so	8af37d02812caa7fad1b00c238b58029b2bd833f1d24930c3dff2fc9142623a1	2156EFD7-7296-372D-A45F-B4C610A96945	TBD_BATCH		/usr/lib	@rpath/libiosexec.1.dylib|/usr/lib/libpcre.1.dylib|/usr/lib/libiconv.2.dylib|/usr/lib/libSystem.B.dylib|/usr/lib/libncursesw.6.dylib	YES		/usr/lib|/var/jb/usr/lib	@rpath/libiosexec.1.dylib|@rpath/libpcre.1.dylib|/usr/lib/libiconv.2.dylib|/usr/lib/libSystem.B.dylib|@rpath/libncursesw.6.dylib	/usr/lib/libiconv.2.dylib|/usr/lib/libSystem.B.dylib	/usr/lib/libpcre.1.dylib|/usr/lib/libncursesw.6.dylib	UNKNOWN	YES	MAYBE	YES	YES	RPATH_ADDITION_AND_LOAD_REWRITE	YES_ORACLE_USES_RPATH_MODEL	minos 17.0	sdk 17.2
usr/lib/zsh/5.9/zsh/regex.so	76221af478d9bedce1148e618c02fdc48f530d235489a8634d73cb7cc7932a47	C0018C44-434C-3A9E-A988-48F88839D307	TBD_BATCH		/usr/lib	@rpath/libiosexec.1.dylib|/usr/lib/libpcre.1.dylib|/usr/lib/libiconv.2.dylib|/usr/lib/libSystem.B.dylib|/usr/lib/libncursesw.6.dylib	YES		/usr/lib|/var/jb/usr/lib	@rpath/libiosexec.1.dylib|@rpath/libpcre.1.dylib|/usr/lib/libiconv.2.dylib|/usr/lib/libSystem.B.dylib|@rpath/libncursesw.6.dylib	/usr/lib/libiconv.2.dylib|/usr/lib/libSystem.B.dylib	/usr/lib/libpcre.1.dylib|/usr/lib/libncursesw.6.dylib	UNKNOWN	YES	MAYBE	YES	YES	RPATH_ADDITION_AND_LOAD_REWRITE	YES_ORACLE_USES_RPATH_MODEL	minos 17.0	sdk 17.2
usr/lib/zsh/5.9/zsh/rlimits.so	2d1c1de714b54b1aebcd4acbc0f898a87c1d2e53a82017f3e0fafb32925d8a05	D6720865-79E0-3B01-8284-35F73433D3FD	TBD_BATCH		/usr/lib	@rpath/libiosexec.1.dylib|/usr/lib/libpcre.1.dylib|/usr/lib/libiconv.2.dylib|/usr/lib/libSystem.B.dylib|/usr/lib/libncursesw.6.dylib	YES		/usr/lib|/var/jb/usr/lib	@rpath/libiosexec.1.dylib|@rpath/libpcre.1.dylib|/usr/lib/libiconv.2.dylib|/usr/lib/libSystem.B.dylib|@rpath/libncursesw.6.dylib	/usr/lib/libiconv.2.dylib|/usr/lib/libSystem.B.dylib	/usr/lib/libpcre.1.dylib|/usr/lib/libncursesw.6.dylib	UNKNOWN	YES	MAYBE	YES	YES	RPATH_ADDITION_AND_LOAD_REWRITE	YES_ORACLE_USES_RPATH_MODEL	minos 17.0	sdk 17.2
usr/lib/zsh/5.9/zsh/sched.so	bce3f56c6c6664b23316b75b5bda47c450c4ff49654bac00e126cd0c68bebdfd	BCC817A5-C383-3D16-BD29-8DAB61161F0A	TBD_BATCH		/usr/lib	@rpath/libiosexec.1.dylib|/usr/lib/libpcre.1.dylib|/usr/lib/libiconv.2.dylib|/usr/lib/libSystem.B.dylib|/usr/lib/libncursesw.6.dylib	YES		/usr/lib|/var/jb/usr/lib	@rpath/libiosexec.1.dylib|@rpath/libpcre.1.dylib|/usr/lib/libiconv.2.dylib|/usr/lib/libSystem.B.dylib|@rpath/libncursesw.6.dylib	/usr/lib/libiconv.2.dylib|/usr/lib/libSystem.B.dylib	/usr/lib/libpcre.1.dylib|/usr/lib/libncursesw.6.dylib	UNKNOWN	YES	MAYBE	YES	YES	RPATH_ADDITION_AND_LOAD_REWRITE	YES_ORACLE_USES_RPATH_MODEL	minos 17.0	sdk 17.2
usr/lib/zsh/5.9/zsh/stat.so	5dadec87f84eb7df288176b2d7d1f99412b43e44e572bbb71ddff5dd9e871be8	B0B5A904-1253-325D-B04E-052C782597D4	TBD_BATCH		/usr/lib	@rpath/libiosexec.1.dylib|/usr/lib/libpcre.1.dylib|/usr/lib/libiconv.2.dylib|/usr/lib/libSystem.B.dylib|/usr/lib/libncursesw.6.dylib	YES		/usr/lib|/var/jb/usr/lib	@rpath/libiosexec.1.dylib|@rpath/libpcre.1.dylib|/usr/lib/libiconv.2.dylib|/usr/lib/libSystem.B.dylib|@rpath/libncursesw.6.dylib	/usr/lib/libiconv.2.dylib|/usr/lib/libSystem.B.dylib	/usr/lib/libpcre.1.dylib|/usr/lib/libncursesw.6.dylib	UNKNOWN	YES	MAYBE	YES	YES	RPATH_ADDITION_AND_LOAD_REWRITE	YES_ORACLE_USES_RPATH_MODEL	minos 17.0	sdk 17.2
usr/lib/zsh/5.9/zsh/system.so	5303865208689e7b0396cab2ca25cf12896589350e47469063a3d7ad3e80abf5	B10A6C81-1F92-3A1D-A8AC-73F26FFE0E69	TBD_BATCH		/usr/lib	@rpath/libiosexec.1.dylib|/usr/lib/libpcre.1.dylib|/usr/lib/libiconv.2.dylib|/usr/lib/libSystem.B.dylib|/usr/lib/libncursesw.6.dylib	YES		/usr/lib|/var/jb/usr/lib	@rpath/libiosexec.1.dylib|@rpath/libpcre.1.dylib|/usr/lib/libiconv.2.dylib|/usr/lib/libSystem.B.dylib|@rpath/libncursesw.6.dylib	/usr/lib/libiconv.2.dylib|/usr/lib/libSystem.B.dylib	/usr/lib/libpcre.1.dylib|/usr/lib/libncursesw.6.dylib	UNKNOWN	YES	MAYBE	YES	YES	RPATH_ADDITION_AND_LOAD_REWRITE	YES_ORACLE_USES_RPATH_MODEL	minos 17.0	sdk 17.2
usr/lib/zsh/5.9/zsh/termcap.so	cbea1b5a83a8fb3eff116cbd9fbf226a488b4075d5c716a9924a38a67938377e	6FFE2049-9075-3113-8399-BFEC31EF8BA5	TBD_BATCH		/usr/lib	@rpath/libiosexec.1.dylib|/usr/lib/libpcre.1.dylib|/usr/lib/libiconv.2.dylib|/usr/lib/libSystem.B.dylib|/usr/lib/libncursesw.6.dylib	YES		/usr/lib|/var/jb/usr/lib	@rpath/libiosexec.1.dylib|@rpath/libpcre.1.dylib|/usr/lib/libiconv.2.dylib|/usr/lib/libSystem.B.dylib|@rpath/libncursesw.6.dylib	/usr/lib/libiconv.2.dylib|/usr/lib/libSystem.B.dylib	/usr/lib/libpcre.1.dylib|/usr/lib/libncursesw.6.dylib	UNKNOWN	YES	MAYBE	YES	YES	RPATH_ADDITION_AND_LOAD_REWRITE	YES_ORACLE_USES_RPATH_MODEL	minos 17.0	sdk 17.2
usr/lib/zsh/5.9/zsh/terminfo.so	be1d5c06b03cf3b0abcc103c6192563f9cf95865f93f7778d146d2997e7fca32	BEBB8559-9C7B-39AC-97DE-DBB8C832DE42	TBD_BATCH		/usr/lib	@rpath/libiosexec.1.dylib|/usr/lib/libpcre.1.dylib|/usr/lib/libiconv.2.dylib|/usr/lib/libSystem.B.dylib|/usr/lib/libncursesw.6.dylib	YES		/usr/lib|/var/jb/usr/lib	@rpath/libiosexec.1.dylib|@rpath/libpcre.1.dylib|/usr/lib/libiconv.2.dylib|/usr/lib/libSystem.B.dylib|@rpath/libncursesw.6.dylib	/usr/lib/libiconv.2.dylib|/usr/lib/libSystem.B.dylib	/usr/lib/libpcre.1.dylib|/usr/lib/libncursesw.6.dylib	UNKNOWN	YES	MAYBE	YES	YES	RPATH_ADDITION_AND_LOAD_REWRITE	YES_ORACLE_USES_RPATH_MODEL	minos 17.0	sdk 17.2
usr/lib/zsh/5.9/zsh/watch.so	c929ec783a0d47dec34a2ef3748e7013054454a50c97127e2de3a27dbcd81eed	BFFD8386-8629-3842-9B40-C090785E311E	TBD_BATCH		/usr/lib	@rpath/libiosexec.1.dylib|/usr/lib/libpcre.1.dylib|/usr/lib/libiconv.2.dylib|/usr/lib/libSystem.B.dylib|/usr/lib/libncursesw.6.dylib	YES		/usr/lib|/var/jb/usr/lib	@rpath/libiosexec.1.dylib|@rpath/libpcre.1.dylib|/usr/lib/libiconv.2.dylib|/usr/lib/libSystem.B.dylib|@rpath/libncursesw.6.dylib	/usr/lib/libiconv.2.dylib|/usr/lib/libSystem.B.dylib	/usr/lib/libpcre.1.dylib|/usr/lib/libncursesw.6.dylib	UNKNOWN	YES	MAYBE	YES	YES	RPATH_ADDITION_AND_LOAD_REWRITE	YES_ORACLE_USES_RPATH_MODEL	minos 17.0	sdk 17.2
usr/lib/zsh/5.9/zsh/zftp.so	7541326d70b2a8f804cb4042a733178d41ee94f3b289fc7a62b179be6337bdff	8C9D7AF9-02CF-3F7E-AC64-EE39251E9F32	TBD_BATCH		/usr/lib	@rpath/libiosexec.1.dylib|/usr/lib/libpcre.1.dylib|/usr/lib/libiconv.2.dylib|/usr/lib/libSystem.B.dylib|/usr/lib/libncursesw.6.dylib	YES		/usr/lib|/var/jb/usr/lib	@rpath/libiosexec.1.dylib|@rpath/libpcre.1.dylib|/usr/lib/libiconv.2.dylib|/usr/lib/libSystem.B.dylib|@rpath/libncursesw.6.dylib	/usr/lib/libiconv.2.dylib|/usr/lib/libSystem.B.dylib	/usr/lib/libpcre.1.dylib|/usr/lib/libncursesw.6.dylib	UNKNOWN	YES	MAYBE	YES	YES	RPATH_ADDITION_AND_LOAD_REWRITE	YES_ORACLE_USES_RPATH_MODEL	minos 17.0	sdk 17.2
usr/lib/zsh/5.9/zsh/zle.so	0410fca645f93c92400da114a5a24cebf0fa54ed130ca5eeaf6725dafd5053c9	03A95E3F-25B6-3AAA-8EF0-68110BF31185	TBD_BATCH		/usr/lib	@rpath/libiosexec.1.dylib|/usr/lib/libpcre.1.dylib|/usr/lib/libiconv.2.dylib|/usr/lib/libSystem.B.dylib|/usr/lib/libncursesw.6.dylib	YES		/usr/lib|/var/jb/usr/lib	@rpath/libiosexec.1.dylib|@rpath/libpcre.1.dylib|/usr/lib/libiconv.2.dylib|/usr/lib/libSystem.B.dylib|@rpath/libncursesw.6.dylib	/usr/lib/libiconv.2.dylib|/usr/lib/libSystem.B.dylib	/usr/lib/libpcre.1.dylib|/usr/lib/libncursesw.6.dylib	UNKNOWN	YES	MAYBE	YES	YES	RPATH_ADDITION_AND_LOAD_REWRITE	YES_ORACLE_USES_RPATH_MODEL	minos 17.0	sdk 17.2
usr/lib/zsh/5.9/zsh/zleparameter.so	8c2b8b8f7a490f3b6d2484d0b24dfb299afbabd0c0e92d9e4c0d6d4d2d2c5b6d	5035D853-021A-3165-AC67-7BA0A28DCDA9	TBD_BATCH		/usr/lib	@rpath/libiosexec.1.dylib|/usr/lib/libpcre.1.dylib|/usr/lib/libiconv.2.dylib|/usr/lib/libSystem.B.dylib|/usr/lib/libncursesw.6.dylib	YES		/usr/lib|/var/jb/usr/lib	@rpath/libiosexec.1.dylib|@rpath/libpcre.1.dylib|/usr/lib/libiconv.2.dylib|/usr/lib/libSystem.B.dylib|@rpath/libncursesw.6.dylib	/usr/lib/libiconv.2.dylib|/usr/lib/libSystem.B.dylib	/usr/lib/libpcre.1.dylib|/usr/lib/libncursesw.6.dylib	UNKNOWN	YES	MAYBE	YES	YES	RPATH_ADDITION_AND_LOAD_REWRITE	YES_ORACLE_USES_RPATH_MODEL	minos 17.0	sdk 17.2
usr/lib/zsh/5.9/zsh/zprof.so	6a2d81a7464486111844d5ec031ee314ee6bede67d5949dafa9555ff620c318b	439AE445-14F9-3E0F-93D5-E692665DC55B	TBD_BATCH		/usr/lib	@rpath/libiosexec.1.dylib|/usr/lib/libpcre.1.dylib|/usr/lib/libiconv.2.dylib|/usr/lib/libSystem.B.dylib|/usr/lib/libncursesw.6.dylib	YES		/usr/lib|/var/jb/usr/lib	@rpath/libiosexec.1.dylib|@rpath/libpcre.1.dylib|/usr/lib/libiconv.2.dylib|/usr/lib/libSystem.B.dylib|@rpath/libncursesw.6.dylib	/usr/lib/libiconv.2.dylib|/usr/lib/libSystem.B.dylib	/usr/lib/libpcre.1.dylib|/usr/lib/libncursesw.6.dylib	UNKNOWN	YES	MAYBE	YES	YES	RPATH_ADDITION_AND_LOAD_REWRITE	YES_ORACLE_USES_RPATH_MODEL	minos 17.0	sdk 17.2
usr/lib/zsh/5.9/zsh/zpty.so	2b69573133fc707c19478ae038ac600c07345e737266873c3e133c9f333acea9	58CF412B-D34E-3557-AE01-8C3812021A84	TBD_BATCH		/usr/lib	@rpath/libiosexec.1.dylib|/usr/lib/libpcre.1.dylib|/usr/lib/libiconv.2.dylib|/usr/lib/libSystem.B.dylib|/usr/lib/libncursesw.6.dylib	YES		/usr/lib|/var/jb/usr/lib	@rpath/libiosexec.1.dylib|@rpath/libpcre.1.dylib|/usr/lib/libiconv.2.dylib|/usr/lib/libSystem.B.dylib|@rpath/libncursesw.6.dylib	/usr/lib/libiconv.2.dylib|/usr/lib/libSystem.B.dylib	/usr/lib/libpcre.1.dylib|/usr/lib/libncursesw.6.dylib	UNKNOWN	YES	MAYBE	YES	YES	RPATH_ADDITION_AND_LOAD_REWRITE	YES_ORACLE_USES_RPATH_MODEL	minos 17.0	sdk 17.2
usr/lib/zsh/5.9/zsh/zselect.so	1a8c383a0bab5466a93b6520a7ffd1f07eda80f3adb9d013400e5902fcf71633	D1C62ABE-DB22-3F6A-9302-83E975ED006D	TBD_BATCH		/usr/lib	@rpath/libiosexec.1.dylib|/usr/lib/libpcre.1.dylib|/usr/lib/libiconv.2.dylib|/usr/lib/libSystem.B.dylib|/usr/lib/libncursesw.6.dylib	YES		/usr/lib|/var/jb/usr/lib	@rpath/libiosexec.1.dylib|@rpath/libpcre.1.dylib|/usr/lib/libiconv.2.dylib|/usr/lib/libSystem.B.dylib|@rpath/libncursesw.6.dylib	/usr/lib/libiconv.2.dylib|/usr/lib/libSystem.B.dylib	/usr/lib/libpcre.1.dylib|/usr/lib/libncursesw.6.dylib	UNKNOWN	YES	MAYBE	YES	YES	RPATH_ADDITION_AND_LOAD_REWRITE	YES_ORACLE_USES_RPATH_MODEL	minos 17.0	sdk 17.2
usr/lib/zsh/5.9/zsh/zutil.so	74a15f9b34c331a668ab9dc2ddeeb9ba1ac4e3f4801d4d770ba770082061ab74	398F4DD8-93F6-396D-8F25-D3B7488C3CB0	TBD_BATCH		/usr/lib	@rpath/libiosexec.1.dylib|/usr/lib/libpcre.1.dylib|/usr/lib/libiconv.2.dylib|/usr/lib/libSystem.B.dylib|/usr/lib/libncursesw.6.dylib	YES		/usr/lib|/var/jb/usr/lib	@rpath/libiosexec.1.dylib|@rpath/libpcre.1.dylib|/usr/lib/libiconv.2.dylib|/usr/lib/libSystem.B.dylib|@rpath/libncursesw.6.dylib	/usr/lib/libiconv.2.dylib|/usr/lib/libSystem.B.dylib	/usr/lib/libpcre.1.dylib|/usr/lib/libncursesw.6.dylib	UNKNOWN	YES	MAYBE	YES	YES	RPATH_ADDITION_AND_LOAD_REWRITE	YES_ORACLE_USES_RPATH_MODEL	minos 17.0	sdk 17.2
usr/libexec/apt/apt-helper	92a0034c7eddfbd2d6312471248dcf1e5f4ce82acb4de4886f01bd0dc0f78f63	C5A28A2E-4F89-417A-8F80-7C6C7271F430	TBD_BATCH		/usr|/usr/lib	@rpath/libiosexec.1.dylib|/usr/lib/libintl.8.dylib|/usr/lib/libapt-private.0.0.dylib|/usr/lib/libapt-pkg.6.0.dylib|/System/Library/Frameworks/Foundation.framework/Foundation|/usr/lib/libc++.1.dylib|/usr/lib/libSystem.B.dylib	YES		/usr|/usr/lib|/var/jb/usr/lib	@rpath/libiosexec.1.dylib|@rpath/libintl.8.dylib|@rpath/libapt-private.0.0.dylib|@rpath/libapt-pkg.6.0.dylib|/System/Library/Frameworks/Foundation.framework/Foundation|/usr/lib/libc++.1.dylib|/usr/lib/libSystem.B.dylib	/System/Library/Frameworks/Foundation.framework/Foundation|/usr/lib/libc++.1.dylib|/usr/lib/libSystem.B.dylib	/usr/lib/libintl.8.dylib|/usr/lib/libapt-private.0.0.dylib|/usr/lib/libapt-pkg.6.0.dylib	UNKNOWN	YES	MAYBE	YES	YES	RPATH_ADDITION_AND_LOAD_REWRITE	YES_ORACLE_USES_RPATH_MODEL	minos 17.0	sdk 17.2
usr/libexec/apt/methods/cdrom	61a4108c8bf5f87170e3041c2bd9ee682e310c019da2115e4b767d0de5d6b3c8	24EE8D56-E184-4AA9-9999-54D0AAFE0150	TBD_BATCH		/usr|/usr/lib	@rpath/libiosexec.1.dylib|/usr/lib/libintl.8.dylib|/usr/lib/libapt-pkg.6.0.dylib|/usr/lib/libc++.1.dylib|/usr/lib/libSystem.B.dylib	YES		/usr|/usr/lib|/var/jb/usr/lib	@rpath/libiosexec.1.dylib|@rpath/libintl.8.dylib|@rpath/libapt-pkg.6.0.dylib|/usr/lib/libc++.1.dylib|/usr/lib/libSystem.B.dylib	/usr/lib/libc++.1.dylib|/usr/lib/libSystem.B.dylib	/usr/lib/libintl.8.dylib|/usr/lib/libapt-pkg.6.0.dylib	UNKNOWN	YES	MAYBE	YES	YES	RPATH_ADDITION_AND_LOAD_REWRITE	YES_ORACLE_USES_RPATH_MODEL	minos 17.0	sdk 17.2
usr/libexec/apt/methods/copy	6972fc5c3075810faa323cf9edbbc759c5237f9455cad85f7123fa2eb9843ccb	0F1A194F-506C-424C-9392-AE90D3B4F822	TBD_BATCH		/usr|/usr/lib	@rpath/libiosexec.1.dylib|/usr/lib/libintl.8.dylib|/usr/lib/libapt-pkg.6.0.dylib|/usr/lib/libc++.1.dylib|/usr/lib/libSystem.B.dylib	YES		/usr|/usr/lib|/var/jb/usr/lib	@rpath/libiosexec.1.dylib|@rpath/libintl.8.dylib|@rpath/libapt-pkg.6.0.dylib|/usr/lib/libc++.1.dylib|/usr/lib/libSystem.B.dylib	/usr/lib/libc++.1.dylib|/usr/lib/libSystem.B.dylib	/usr/lib/libintl.8.dylib|/usr/lib/libapt-pkg.6.0.dylib	UNKNOWN	YES	MAYBE	YES	YES	RPATH_ADDITION_AND_LOAD_REWRITE	YES_ORACLE_USES_RPATH_MODEL	minos 17.0	sdk 17.2
usr/libexec/apt/methods/file	769c76bc372aafe7126c403374e124fca0844ea459f91398e2b14eb4e5248195	F10A7A03-43D9-4CD4-870E-3BD911AFEA63	TBD_BATCH		/usr|/usr/lib	@rpath/libiosexec.1.dylib|/usr/lib/libintl.8.dylib|/usr/lib/libapt-pkg.6.0.dylib|/usr/lib/libc++.1.dylib|/usr/lib/libSystem.B.dylib	YES		/usr|/usr/lib|/var/jb/usr/lib	@rpath/libiosexec.1.dylib|@rpath/libintl.8.dylib|@rpath/libapt-pkg.6.0.dylib|/usr/lib/libc++.1.dylib|/usr/lib/libSystem.B.dylib	/usr/lib/libc++.1.dylib|/usr/lib/libSystem.B.dylib	/usr/lib/libintl.8.dylib|/usr/lib/libapt-pkg.6.0.dylib	UNKNOWN	YES	MAYBE	YES	YES	RPATH_ADDITION_AND_LOAD_REWRITE	YES_ORACLE_USES_RPATH_MODEL	minos 17.0	sdk 17.2
usr/libexec/apt/methods/ftp	38ff55445865cfa867d7aa41fe7760fc89a0cb494afc97b67c454a296a0975da	9B1CE87B-72B0-4FBF-8FC0-B972B26D7044	TBD_BATCH		/usr|/usr/lib	@rpath/libiosexec.1.dylib|/usr/lib/libintl.8.dylib|/usr/lib/libapt-pkg.6.0.dylib|/usr/lib/libgnutls.30.dylib|/usr/lib/libc++.1.dylib|/usr/lib/libSystem.B.dylib	YES		/usr|/usr/lib|/var/jb/usr/lib	@rpath/libiosexec.1.dylib|@rpath/libintl.8.dylib|@rpath/libapt-pkg.6.0.dylib|@rpath/libgnutls.30.dylib|/usr/lib/libc++.1.dylib|/usr/lib/libSystem.B.dylib	/usr/lib/libc++.1.dylib|/usr/lib/libSystem.B.dylib	/usr/lib/libintl.8.dylib|/usr/lib/libapt-pkg.6.0.dylib|/usr/lib/libgnutls.30.dylib	UNKNOWN	YES	MAYBE	YES	YES	RPATH_ADDITION_AND_LOAD_REWRITE	N/A	minos 17.0	sdk 17.2
usr/libexec/apt/methods/gpgv	b2aa37a62d6322182a13c8254ed789db74031be1b685d531e8fc9bb9a0581761	0A399EBE-AC1E-455C-A076-60A94DF04975	TBD_BATCH		/usr|/usr/lib	@rpath/libiosexec.1.dylib|/usr/lib/libintl.8.dylib|/usr/lib/libapt-pkg.6.0.dylib|/usr/lib/libc++.1.dylib|/usr/lib/libSystem.B.dylib	YES		/usr|/usr/lib|/var/jb/usr/lib	@rpath/libiosexec.1.dylib|@rpath/libintl.8.dylib|@rpath/libapt-pkg.6.0.dylib|/usr/lib/libc++.1.dylib|/usr/lib/libSystem.B.dylib	/usr/lib/libc++.1.dylib|/usr/lib/libSystem.B.dylib	/usr/lib/libintl.8.dylib|/usr/lib/libapt-pkg.6.0.dylib	UNKNOWN	YES	MAYBE	YES	YES	RPATH_ADDITION_AND_LOAD_REWRITE	YES_ORACLE_USES_RPATH_MODEL	minos 17.0	sdk 17.2
usr/libexec/apt/methods/http	be46dfce0e9910b1b644aa23564405471acf25c57d99fb4b63d84e05414752df	68A5CA7E-6417-4080-83C2-1E92C51D99FB	TBD_BATCH		/usr|/usr/lib	@rpath/libiosexec.1.dylib|/usr/lib/libintl.8.dylib|/usr/lib/libapt-pkg.6.0.dylib|/usr/lib/libgnutls.30.dylib|/usr/lib/libc++.1.dylib|/usr/lib/libSystem.B.dylib	YES		/usr|/usr/lib|/var/jb/usr/lib	@rpath/libiosexec.1.dylib|@rpath/libintl.8.dylib|@rpath/libapt-pkg.6.0.dylib|@rpath/libgnutls.30.dylib|/usr/lib/libc++.1.dylib|/usr/lib/libSystem.B.dylib	/usr/lib/libc++.1.dylib|/usr/lib/libSystem.B.dylib	/usr/lib/libintl.8.dylib|/usr/lib/libapt-pkg.6.0.dylib|/usr/lib/libgnutls.30.dylib	UNKNOWN	YES	MAYBE	YES	YES	RPATH_ADDITION_AND_LOAD_REWRITE	YES_ORACLE_USES_RPATH_MODEL	minos 17.0	sdk 17.2
usr/libexec/apt/methods/mirror	47fadfe4a465087eaa77d063d47613daeb90491689253ecea36132436262956f	99BFCD60-19F6-41FC-B3C5-18A1E9717BD5	TBD_BATCH		/usr|/usr/lib	@rpath/libiosexec.1.dylib|/usr/lib/libintl.8.dylib|/usr/lib/libapt-pkg.6.0.dylib|/usr/lib/libc++.1.dylib|/usr/lib/libSystem.B.dylib	YES		/usr|/usr/lib|/var/jb/usr/lib	@rpath/libiosexec.1.dylib|@rpath/libintl.8.dylib|@rpath/libapt-pkg.6.0.dylib|/usr/lib/libc++.1.dylib|/usr/lib/libSystem.B.dylib	/usr/lib/libc++.1.dylib|/usr/lib/libSystem.B.dylib	/usr/lib/libintl.8.dylib|/usr/lib/libapt-pkg.6.0.dylib	UNKNOWN	YES	MAYBE	YES	YES	RPATH_ADDITION_AND_LOAD_REWRITE	YES_ORACLE_USES_RPATH_MODEL	minos 17.0	sdk 17.2
usr/libexec/apt/methods/rred	d6cfad1f387ce25959c4567eb8ff92afe9995754500c3070e72679cd50236cd6	01275BFE-88FB-46BD-97C0-BAF979DCF330	TBD_BATCH		/usr|/usr/lib	@rpath/libiosexec.1.dylib|/usr/lib/libintl.8.dylib|/usr/lib/libapt-private.0.0.dylib|/usr/lib/libapt-pkg.6.0.dylib|/System/Library/Frameworks/Foundation.framework/Foundation|/usr/lib/libc++.1.dylib|/usr/lib/libSystem.B.dylib	YES		/usr|/usr/lib|/var/jb/usr/lib	@rpath/libiosexec.1.dylib|@rpath/libintl.8.dylib|@rpath/libapt-private.0.0.dylib|@rpath/libapt-pkg.6.0.dylib|/System/Library/Frameworks/Foundation.framework/Foundation|/usr/lib/libc++.1.dylib|/usr/lib/libSystem.B.dylib	/System/Library/Frameworks/Foundation.framework/Foundation|/usr/lib/libc++.1.dylib|/usr/lib/libSystem.B.dylib	/usr/lib/libintl.8.dylib|/usr/lib/libapt-private.0.0.dylib|/usr/lib/libapt-pkg.6.0.dylib	UNKNOWN	YES	MAYBE	YES	YES	RPATH_ADDITION_AND_LOAD_REWRITE	YES_ORACLE_USES_RPATH_MODEL	minos 17.0	sdk 17.2
usr/libexec/apt/methods/rsh	00f229ab941b11394355bdc02717b3233f7035a5c6235b1106ef43f19d84378d	9622E111-1B8B-4929-9CC6-CF34CE4D9D86	TBD_BATCH		/usr|/usr/lib	@rpath/libiosexec.1.dylib|/usr/lib/libintl.8.dylib|/usr/lib/libapt-pkg.6.0.dylib|/usr/lib/libc++.1.dylib|/usr/lib/libSystem.B.dylib	YES		/usr|/usr/lib|/var/jb/usr/lib	@rpath/libiosexec.1.dylib|@rpath/libintl.8.dylib|@rpath/libapt-pkg.6.0.dylib|/usr/lib/libc++.1.dylib|/usr/lib/libSystem.B.dylib	/usr/lib/libc++.1.dylib|/usr/lib/libSystem.B.dylib	/usr/lib/libintl.8.dylib|/usr/lib/libapt-pkg.6.0.dylib	UNKNOWN	YES	MAYBE	YES	YES	RPATH_ADDITION_AND_LOAD_REWRITE	N/A	minos 17.0	sdk 17.2
usr/libexec/apt/methods/store	dc7df7282559638d96991b20bce2eed719098127cb50530ea931850e3409bde5	9A476932-238C-4383-A654-AA021083647E	TBD_BATCH		/usr|/usr/lib	@rpath/libiosexec.1.dylib|/usr/lib/libintl.8.dylib|/usr/lib/libapt-pkg.6.0.dylib|/usr/lib/libc++.1.dylib|/usr/lib/libSystem.B.dylib	YES		/usr|/usr/lib|/var/jb/usr/lib	@rpath/libiosexec.1.dylib|@rpath/libintl.8.dylib|@rpath/libapt-pkg.6.0.dylib|/usr/lib/libc++.1.dylib|/usr/lib/libSystem.B.dylib	/usr/lib/libc++.1.dylib|/usr/lib/libSystem.B.dylib	/usr/lib/libintl.8.dylib|/usr/lib/libapt-pkg.6.0.dylib	UNKNOWN	YES	MAYBE	YES	YES	RPATH_ADDITION_AND_LOAD_REWRITE	YES_ORACLE_USES_RPATH_MODEL	minos 17.0	sdk 17.2
usr/libexec/apt/solvers/dump	fa93b3112bc31760f3a9d161e0e7e6e28cfa152cc2f3080b10edfdda59ddaddf	FBCF91B9-2023-4A48-87E9-781A91F8BA29	TBD_BATCH		/usr|/usr/lib	@rpath/libiosexec.1.dylib|/usr/lib/libintl.8.dylib|/usr/lib/libapt-private.0.0.dylib|/usr/lib/libapt-pkg.6.0.dylib|/System/Library/Frameworks/Foundation.framework/Foundation|/usr/lib/libc++.1.dylib|/usr/lib/libSystem.B.dylib	YES		/usr|/usr/lib|/var/jb/usr/lib	@rpath/libiosexec.1.dylib|@rpath/libintl.8.dylib|@rpath/libapt-private.0.0.dylib|@rpath/libapt-pkg.6.0.dylib|/System/Library/Frameworks/Foundation.framework/Foundation|/usr/lib/libc++.1.dylib|/usr/lib/libSystem.B.dylib	/System/Library/Frameworks/Foundation.framework/Foundation|/usr/lib/libc++.1.dylib|/usr/lib/libSystem.B.dylib	/usr/lib/libintl.8.dylib|/usr/lib/libapt-private.0.0.dylib|/usr/lib/libapt-pkg.6.0.dylib	UNKNOWN	YES	MAYBE	YES	YES	RPATH_ADDITION_AND_LOAD_REWRITE	YES_ORACLE_USES_RPATH_MODEL	minos 17.0	sdk 17.2
usr/libexec/atrun	521dfa798eb38def5a6893f7b926305c162139ea8df4cd0cd3ba949347551293	0CCBCE27-8822-3719-9F25-06415B114328	TBD_BATCH		/usr/lib	@rpath/libiosexec.1.dylib|/System/Library/Frameworks/CoreFoundation.framework/CoreFoundation|/System/Library/Frameworks/IOKit.framework/Versions/A/IOKit|/usr/lib/libSystem.B.dylib	NO		/usr/lib	@rpath/libiosexec.1.dylib|/System/Library/Frameworks/CoreFoundation.framework/CoreFoundation|/System/Library/Frameworks/IOKit.framework/Versions/A/IOKit|/usr/lib/libSystem.B.dylib	/System/Library/Frameworks/CoreFoundation.framework/CoreFoundation|/System/Library/Frameworks/IOKit.framework/Versions/A/IOKit|/usr/lib/libSystem.B.dylib		UNKNOWN	NO	NO	NO	NO	NO_REWRITE	YES_ORACLE_USES_RPATH_MODEL	minos 17.0	sdk 17.2
usr/libexec/coreutils/libstdbuf.so	d791621a909fd16b3d06c30631d5a4c9ca7c2975a100ce1d3b71e2ff5dbbf257	D0A0F309-B34B-3FC8-8D81-BF073AB8E713	TBD_BATCH	src/libstdbuf.so	/usr/lib	src/libstdbuf.so|@rpath/libiosexec.1.dylib|/usr/lib/libintl.8.dylib|/System/Library/Frameworks/CoreFoundation.framework/CoreFoundation|/System/Library/Frameworks/CoreServices.framework/CoreServices|/usr/lib/libSystem.B.dylib	YES	src/libstdbuf.so	/usr/lib|/var/jb/usr/lib	src/libstdbuf.so|@rpath/libiosexec.1.dylib|@rpath/libintl.8.dylib|/System/Library/Frameworks/CoreFoundation.framework/CoreFoundation|/System/Library/Frameworks/CoreServices.framework/CoreServices|/usr/lib/libSystem.B.dylib	/System/Library/Frameworks/CoreFoundation.framework/CoreFoundation|/System/Library/Frameworks/CoreServices.framework/CoreServices|/usr/lib/libSystem.B.dylib	/usr/lib/libintl.8.dylib	UNKNOWN	YES	MAYBE	YES	YES	RPATH_ADDITION_AND_LOAD_REWRITE	YES_ORACLE_USES_RPATH_MODEL	minos 17.0	sdk 17.2
usr/libexec/firmware	adb28949b5546bd77f3631280cb5ac66b1c6748d2c2c0bbc560d1bc07084736d	4CD158F1-4C2D-35FD-BC1A-12F6F8A9FC42	TBD_BATCH		/usr/lib	@rpath/libiosexec.1.dylib|/System/Library/Frameworks/Foundation.framework/Foundation|/usr/lib/libMobileGestalt.dylib|/usr/lib/libobjc.A.dylib|/usr/lib/libSystem.B.dylib|/System/Library/Frameworks/CoreFoundation.framework/CoreFoundation	NO		/usr/lib	@rpath/libiosexec.1.dylib|/System/Library/Frameworks/Foundation.framework/Foundation|/usr/lib/libMobileGestalt.dylib|/usr/lib/libobjc.A.dylib|/usr/lib/libSystem.B.dylib|/System/Library/Frameworks/CoreFoundation.framework/CoreFoundation	/System/Library/Frameworks/Foundation.framework/Foundation|/usr/lib/libMobileGestalt.dylib|/usr/lib/libobjc.A.dylib|/usr/lib/libSystem.B.dylib|/System/Library/Frameworks/CoreFoundation.framework/CoreFoundation		UNKNOWN	NO	NO	NO	NO	NO_REWRITE	YES_ORACLE_USES_RPATH_MODEL	minos 17.0	sdk 17.2
usr/libexec/frcode	35df30e3dcac45681301c48b8ef599fb65efce5571de150e3da226290bb0efa8	835041A2-D5B0-3CDA-9DEF-A7BC0611ADDC	TBD_BATCH		/usr/lib	@rpath/libiosexec.1.dylib|/usr/lib/libintl.8.dylib|/System/Library/Frameworks/CoreFoundation.framework/CoreFoundation|/usr/lib/libSystem.B.dylib	YES		/usr/lib|/var/jb/usr/lib	@rpath/libiosexec.1.dylib|@rpath/libintl.8.dylib|/System/Library/Frameworks/CoreFoundation.framework/CoreFoundation|/usr/lib/libSystem.B.dylib	/System/Library/Frameworks/CoreFoundation.framework/CoreFoundation|/usr/lib/libSystem.B.dylib	/usr/lib/libintl.8.dylib	UNKNOWN	YES	MAYBE	YES	YES	RPATH_ADDITION_AND_LOAD_REWRITE	YES_ORACLE_USES_RPATH_MODEL	minos 17.0	sdk 17.2
usr/libexec/getty	74590fe0b84ed5a7542913fcfe19fcea39bff7f8f905a63d68f91049e4758c2d	25998561-6699-33E4-84CE-427B5D2A36CA	TBD_BATCH		/usr/lib	@rpath/libiosexec.1.dylib|/System/Library/Frameworks/CoreFoundation.framework/CoreFoundation|/System/Library/Frameworks/IOKit.framework/Versions/A/IOKit|/System/Library/PrivateFrameworks/ktrace.framework/ktrace|/usr/lib/libSystem.B.dylib	NO		/usr/lib	@rpath/libiosexec.1.dylib|/System/Library/Frameworks/CoreFoundation.framework/CoreFoundation|/System/Library/Frameworks/IOKit.framework/Versions/A/IOKit|/System/Library/PrivateFrameworks/ktrace.framework/ktrace|/usr/lib/libSystem.B.dylib	/System/Library/Frameworks/CoreFoundation.framework/CoreFoundation|/System/Library/Frameworks/IOKit.framework/Versions/A/IOKit|/System/Library/PrivateFrameworks/ktrace.framework/ktrace|/usr/lib/libSystem.B.dylib		UNKNOWN	NO	NO	NO	NO	NO_REWRITE	YES_ORACLE_USES_RPATH_MODEL	minos 17.0	sdk 17.2
usr/libexec/path_helper	f5924c09c8a6661ba99966686b2f53e509c41a5e8be2758052cfd2bc35533dc8	2061A40A-875A-387F-84AA-31F2A031C09F	TBD_BATCH		/usr/lib	@rpath/libiosexec.1.dylib|/usr/lib/libSystem.B.dylib	NO		/usr/lib	@rpath/libiosexec.1.dylib|/usr/lib/libSystem.B.dylib	/usr/lib/libSystem.B.dylib		UNKNOWN	NO	NO	NO	NO	NO_REWRITE	YES_ORACLE_USES_RPATH_MODEL	minos 17.0	sdk 17.2
usr/libexec/sudo/audit_json.so	a8d02662a1d9e1a76941877894b2f3407703f8db4a433892ed89aed6d353b4cf	54F3CB95-701B-3CA3-8EBF-91D0D712A121	TBD_BATCH		/usr/lib	/usr/libexec/sudo/libsudo_util.0.dylib|@rpath/libiosexec.1.dylib|/usr/lib/libintl.8.dylib|/usr/lib/libcrypto.3.dylib|/usr/lib/libSystem.B.dylib	YES		/usr/lib|/var/jb/usr/lib	/usr/libexec/sudo/libsudo_util.0.dylib|@rpath/libiosexec.1.dylib|@rpath/libintl.8.dylib|@rpath/libcrypto.3.dylib|/usr/lib/libSystem.B.dylib	/usr/lib/libSystem.B.dylib	/usr/lib/libintl.8.dylib|/usr/lib/libcrypto.3.dylib	UNKNOWN	YES	MAYBE	YES	YES	RPATH_ADDITION_AND_LOAD_REWRITE	YES_ORACLE_USES_RPATH_MODEL	minos 17.0	sdk 17.2
usr/libexec/sudo/group_file.so	dd8bb8a8766bd51c29ad251e42286850e746e62e375c4dc6d55e92a9c82cd464	AC523905-6961-3A81-95D9-FFD9EE04633E	TBD_BATCH		/usr/lib	/usr/libexec/sudo/libsudo_util.0.dylib|@rpath/libiosexec.1.dylib|/usr/lib/libintl.8.dylib|/usr/lib/libcrypto.3.dylib|/usr/lib/libSystem.B.dylib	YES		/usr/lib|/var/jb/usr/lib	/usr/libexec/sudo/libsudo_util.0.dylib|@rpath/libiosexec.1.dylib|@rpath/libintl.8.dylib|@rpath/libcrypto.3.dylib|/usr/lib/libSystem.B.dylib	/usr/lib/libSystem.B.dylib	/usr/lib/libintl.8.dylib|/usr/lib/libcrypto.3.dylib	UNKNOWN	YES	MAYBE	YES	YES	RPATH_ADDITION_AND_LOAD_REWRITE	YES_ORACLE_USES_RPATH_MODEL	minos 17.0	sdk 17.2
usr/libexec/sudo/libsudo_util.0.dylib	762427155e740bfd3c491a5fb37996ee48d829fc55219adddaa11c761cfdd704	C7A3BDAC-0551-3BBA-9FDF-6960BC25093D	TBD_BATCH	/usr/libexec/sudo/libsudo_util.0.dylib	/usr/lib	/usr/libexec/sudo/libsudo_util.0.dylib|@rpath/libiosexec.1.dylib|/usr/lib/libintl.8.dylib|/usr/lib/libcrypto.3.dylib|/usr/lib/libSystem.B.dylib	YES	@rpath/libsudo_util.0.dylib	/usr/lib|/var/jb/usr/lib	/usr/libexec/sudo/libsudo_util.0.dylib|@rpath/libiosexec.1.dylib|@rpath/libintl.8.dylib|@rpath/libcrypto.3.dylib|/usr/lib/libSystem.B.dylib	/usr/lib/libSystem.B.dylib	/usr/lib/libintl.8.dylib|/usr/lib/libcrypto.3.dylib	UNKNOWN	YES	MAYBE	YES	YES	RPATH_ADDITION_AND_LOAD_REWRITE	YES_ORACLE_USES_RPATH_MODEL	minos 17.0	sdk 17.2
usr/libexec/sudo/sudo_intercept.so	4e2d87cee4eb57d5004175d95233892c7beaa53f13f46852805c80e7cb1a028d	8E52F16A-0341-3CCD-85B0-225995D53171	TBD_BATCH	/usr/libexec/sudo/sudo_intercept.so	/usr/lib	/usr/libexec/sudo/sudo_intercept.so|/usr/libexec/sudo/libsudo_util.0.dylib|@rpath/libiosexec.1.dylib|/usr/lib/libintl.8.dylib|/usr/lib/libcrypto.3.dylib|/usr/lib/libSystem.B.dylib	YES	@rpath/sudo_intercept.so	/usr/lib|/var/jb/usr/lib	/usr/libexec/sudo/sudo_intercept.so|/usr/libexec/sudo/libsudo_util.0.dylib|@rpath/libiosexec.1.dylib|@rpath/libintl.8.dylib|@rpath/libcrypto.3.dylib|/usr/lib/libSystem.B.dylib	/usr/lib/libSystem.B.dylib	/usr/lib/libintl.8.dylib|/usr/lib/libcrypto.3.dylib	UNKNOWN	YES	MAYBE	YES	YES	RPATH_ADDITION_AND_LOAD_REWRITE	YES_ORACLE_USES_RPATH_MODEL	minos 17.0	sdk 17.2
usr/libexec/sudo/sudo_noexec.so	f0459faac9f4f947ad85245c43cd4ea0faf2cb475f09786e4a114d57f0d8252b	D4C20590-74F0-3545-A547-B7C877CE1375	TBD_BATCH	/usr/libexec/sudo/sudo_noexec.so	/usr/lib	/usr/libexec/sudo/sudo_noexec.so|@rpath/libiosexec.1.dylib|/usr/lib/libSystem.B.dylib	YES	@rpath/sudo_noexec.so	/usr/lib	/usr/libexec/sudo/sudo_noexec.so|@rpath/libiosexec.1.dylib|/usr/lib/libSystem.B.dylib	/usr/lib/libSystem.B.dylib		UNKNOWN	NO	NO	NO	NO	NO_REWRITE	YES_ORACLE_USES_RPATH_MODEL	minos 17.0	sdk 17.2
usr/libexec/sudo/system_group.so	792e3bf6899dff20a8bec4b2b9d1c65719cc15be36701b534de90cf68717163d	8BA14B4C-0FD4-3AE8-9A44-F8AE25899AE9	TBD_BATCH		/usr/lib	/usr/libexec/sudo/libsudo_util.0.dylib|@rpath/libiosexec.1.dylib|/usr/lib/libintl.8.dylib|/usr/lib/libcrypto.3.dylib|/usr/lib/libSystem.B.dylib	YES		/usr/lib|/var/jb/usr/lib	/usr/libexec/sudo/libsudo_util.0.dylib|@rpath/libiosexec.1.dylib|@rpath/libintl.8.dylib|@rpath/libcrypto.3.dylib|/usr/lib/libSystem.B.dylib	/usr/lib/libSystem.B.dylib	/usr/lib/libintl.8.dylib|/usr/lib/libcrypto.3.dylib	UNKNOWN	YES	MAYBE	YES	YES	RPATH_ADDITION_AND_LOAD_REWRITE	YES_ORACLE_USES_RPATH_MODEL	minos 17.0	sdk 17.2
usr/local/lib/liblzma.5.dylib	3512398288f76e8ae86b6700ebc26e92c0e2167a29e095daa20906982928b694	A7E2F66D-49F8-36E4-9589-221337DC77F5	TBD_BATCH	/usr/local/lib/liblzma.5.dylib	/usr/lib	/usr/local/lib/liblzma.5.dylib|@rpath/libiosexec.1.dylib|/usr/lib/libSystem.B.dylib	YES	@rpath/liblzma.5.dylib	/usr/lib|/var/jb/usr/lib	@rpath/liblzma.5.dylib|@rpath/libiosexec.1.dylib|/usr/lib/libSystem.B.dylib	/usr/lib/libSystem.B.dylib	/usr/local/lib/liblzma.5.dylib	UNKNOWN	YES	MAYBE	YES	YES	RPATH_ADDITION_AND_LOAD_REWRITE	N/A	minos 17.0	sdk 17.2
usr/sbin/ac	c780475278af4b03c1b120513a392691c5df42140e75faa2e5fbf4412baccd35	B538838E-B642-39B4-B292-210F5E16DD99	TBD_BATCH		/usr/lib	@rpath/libiosexec.1.dylib|/System/Library/Frameworks/CoreFoundation.framework/CoreFoundation|/System/Library/Frameworks/IOKit.framework/Versions/A/IOKit|/usr/lib/libSystem.B.dylib	NO		/usr/lib	@rpath/libiosexec.1.dylib|/System/Library/Frameworks/CoreFoundation.framework/CoreFoundation|/System/Library/Frameworks/IOKit.framework/Versions/A/IOKit|/usr/lib/libSystem.B.dylib	/System/Library/Frameworks/CoreFoundation.framework/CoreFoundation|/System/Library/Frameworks/IOKit.framework/Versions/A/IOKit|/usr/lib/libSystem.B.dylib		UNKNOWN	NO	NO	NO	NO	NO_REWRITE	YES_ORACLE_USES_RPATH_MODEL	minos 17.0	sdk 17.2
usr/sbin/accton	d7730e0aef00bb45c191e530ab5cd8ac8dac7921f897c389a6033b68f7615be2	C9DD2134-D46C-3C9C-A4C8-98DADC767CFA	TBD_BATCH		/usr/lib	@rpath/libiosexec.1.dylib|/System/Library/Frameworks/CoreFoundation.framework/CoreFoundation|/System/Library/Frameworks/IOKit.framework/Versions/A/IOKit|/usr/lib/libSystem.B.dylib	NO		/usr/lib	@rpath/libiosexec.1.dylib|/System/Library/Frameworks/CoreFoundation.framework/CoreFoundation|/System/Library/Frameworks/IOKit.framework/Versions/A/IOKit|/usr/lib/libSystem.B.dylib	/System/Library/Frameworks/CoreFoundation.framework/CoreFoundation|/System/Library/Frameworks/IOKit.framework/Versions/A/IOKit|/usr/lib/libSystem.B.dylib		UNKNOWN	NO	NO	NO	NO	NO_REWRITE	YES_ORACLE_USES_RPATH_MODEL	minos 17.0	sdk 17.2
usr/sbin/dev_mkdb	24badb1237e35ddfb7f95d6c64309a6a8bbbe2c044ba526d33a1663577e1f1cf	D94D0CE0-0390-3F46-883D-F1323ACADC4E	TBD_BATCH		/usr/lib	@rpath/libiosexec.1.dylib|/usr/lib/libutil.dylib|/usr/lib/libSystem.B.dylib	NO		/usr/lib	@rpath/libiosexec.1.dylib|/usr/lib/libutil.dylib|/usr/lib/libSystem.B.dylib	/usr/lib/libutil.dylib|/usr/lib/libSystem.B.dylib		UNKNOWN	NO	NO	NO	NO	NO_REWRITE	YES_ORACLE_USES_RPATH_MODEL	minos 17.0	sdk 17.2
usr/sbin/edquota	9d1ea46464efa51f9fde086e1dbc8943c8c3cf476191bb3b5418ceaf6a81c0bc	3569C424-ADE6-387E-ADB7-07060CB1440F	TBD_BATCH		/usr/lib	@rpath/libiosexec.1.dylib|/usr/lib/libutil.dylib|/usr/lib/libSystem.B.dylib	NO		/usr/lib	@rpath/libiosexec.1.dylib|/usr/lib/libutil.dylib|/usr/lib/libSystem.B.dylib	/usr/lib/libutil.dylib|/usr/lib/libSystem.B.dylib		UNKNOWN	NO	NO	NO	NO	NO_REWRITE	YES_ORACLE_USES_RPATH_MODEL	minos 17.0	sdk 17.2
usr/sbin/fdisk	47499679084473d88eda15868ff726cb0cd1fb13f208c2b1bcd74d1de19f4cb8	A96C84DB-3299-3979-9C7C-4AAA6A5D7659	TBD_BATCH		/usr/lib	@rpath/libiosexec.1.dylib|/usr/lib/libutil.dylib|/usr/lib/libSystem.B.dylib	NO		/usr/lib	@rpath/libiosexec.1.dylib|/usr/lib/libutil.dylib|/usr/lib/libSystem.B.dylib	/usr/lib/libutil.dylib|/usr/lib/libSystem.B.dylib		UNKNOWN	NO	NO	NO	NO	NO_REWRITE	YES_ORACLE_USES_RPATH_MODEL	minos 17.0	sdk 17.2
usr/sbin/fstyp	3dc6c40abbd9527e3855cf0ca72d17ae3a9bf594b9522e68a4d423c329e1e25d	4DD1C8D1-7533-3BBD-84E2-99D0031E9751	TBD_BATCH		/usr/lib	@rpath/libiosexec.1.dylib|/usr/lib/libSystem.B.dylib	NO		/usr/lib	@rpath/libiosexec.1.dylib|/usr/lib/libSystem.B.dylib	/usr/lib/libSystem.B.dylib		UNKNOWN	NO	NO	NO	NO	NO_REWRITE	YES_ORACLE_USES_RPATH_MODEL	minos 17.0	sdk 17.2
usr/sbin/fstyp_msdos	910458eea5dd9eaf9dad8f4300521d786698ab1ab01a9526aae4057125fd045e	4A976464-4409-30F8-BC50-A1A65BEDE53F	TBD_BATCH		/usr/lib	@rpath/libiosexec.1.dylib|/usr/lib/libSystem.B.dylib	NO		/usr/lib	@rpath/libiosexec.1.dylib|/usr/lib/libSystem.B.dylib	/usr/lib/libSystem.B.dylib		UNKNOWN	NO	NO	NO	NO	NO_REWRITE	YES_ORACLE_USES_RPATH_MODEL	minos 17.0	sdk 17.2
usr/sbin/fstyp_ntfs	db8e3763e19441f69ff7bc95e14ce816db70318ed89fda046646241857f35218	E3154B45-F656-344D-9F8D-6647B6CB5194	TBD_BATCH		/usr/lib	@rpath/libiosexec.1.dylib|/usr/lib/libSystem.B.dylib	NO		/usr/lib	@rpath/libiosexec.1.dylib|/usr/lib/libSystem.B.dylib	/usr/lib/libSystem.B.dylib		UNKNOWN	NO	NO	NO	NO	NO_REWRITE	YES_ORACLE_USES_RPATH_MODEL	minos 17.0	sdk 17.2
usr/sbin/fstyp_udf	649fdde221c7242507932b8b38ca02247f54ec9254c0c62550071f23fe513faf	6E727072-E63F-3691-8335-060D1A7389AB	TBD_BATCH		/usr/lib	@rpath/libiosexec.1.dylib|/usr/lib/libSystem.B.dylib	NO		/usr/lib	@rpath/libiosexec.1.dylib|/usr/lib/libSystem.B.dylib	/usr/lib/libSystem.B.dylib		UNKNOWN	NO	NO	NO	NO	NO_REWRITE	YES_ORACLE_USES_RPATH_MODEL	minos 17.0	sdk 17.2
usr/sbin/iostat	89dd3cb2549fb2156b5df8fb83488a355c2fea231cf32e7cd4b1bab96e00565a	D1011B19-992B-3D82-9025-750D60103034	TBD_BATCH		/usr/lib	@rpath/libiosexec.1.dylib|/System/Library/Frameworks/CoreFoundation.framework/CoreFoundation|/System/Library/Frameworks/IOKit.framework/Versions/A/IOKit|/System/Library/PrivateFrameworks/ktrace.framework/ktrace|/usr/lib/libSystem.B.dylib	NO		/usr/lib	@rpath/libiosexec.1.dylib|/System/Library/Frameworks/CoreFoundation.framework/CoreFoundation|/System/Library/Frameworks/IOKit.framework/Versions/A/IOKit|/System/Library/PrivateFrameworks/ktrace.framework/ktrace|/usr/lib/libSystem.B.dylib	/System/Library/Frameworks/CoreFoundation.framework/CoreFoundation|/System/Library/Frameworks/IOKit.framework/Versions/A/IOKit|/System/Library/PrivateFrameworks/ktrace.framework/ktrace|/usr/lib/libSystem.B.dylib		UNKNOWN	NO	NO	NO	NO	NO_REWRITE	YES_ORACLE_USES_RPATH_MODEL	minos 17.0	sdk 17.2
usr/sbin/mkfile	ead25f950d4e559b47230a67c482d2eb23129fed6c349389495984be5648b495	FF4CA07D-2438-3A97-9946-2B64D270F263	TBD_BATCH		/usr/lib	@rpath/libiosexec.1.dylib|/System/Library/Frameworks/CoreFoundation.framework/CoreFoundation|/System/Library/Frameworks/IOKit.framework/Versions/A/IOKit|/usr/lib/libSystem.B.dylib	NO		/usr/lib	@rpath/libiosexec.1.dylib|/System/Library/Frameworks/CoreFoundation.framework/CoreFoundation|/System/Library/Frameworks/IOKit.framework/Versions/A/IOKit|/usr/lib/libSystem.B.dylib	/System/Library/Frameworks/CoreFoundation.framework/CoreFoundation|/System/Library/Frameworks/IOKit.framework/Versions/A/IOKit|/usr/lib/libSystem.B.dylib		UNKNOWN	NO	NO	NO	NO	NO_REWRITE	YES_ORACLE_USES_RPATH_MODEL	minos 17.0	sdk 17.2
usr/sbin/mount_devfs	c1c7606b5ced5fdf76c9cf73a20eaeeed550835cdf614ccf628cae908bb201fe	7F468CB3-159F-32C2-AE13-8F60A8CF545C	TBD_BATCH		/usr/lib	@rpath/libiosexec.1.dylib|/usr/lib/libutil.dylib|/usr/lib/libSystem.B.dylib	NO		/usr/lib	@rpath/libiosexec.1.dylib|/usr/lib/libutil.dylib|/usr/lib/libSystem.B.dylib	/usr/lib/libutil.dylib|/usr/lib/libSystem.B.dylib		UNKNOWN	NO	NO	NO	NO	NO_REWRITE	YES_ORACLE_USES_RPATH_MODEL	minos 17.0	sdk 17.2
usr/sbin/mount_fdesc	1c0fe1081aef277aa3e6c1885e8a0afda48720458dcc4b0cc1dba7bc270a24b6	E59D66F3-8525-368F-B982-2328B6E89914	TBD_BATCH		/usr/lib	@rpath/libiosexec.1.dylib|/usr/lib/libutil.dylib|/usr/lib/libSystem.B.dylib	NO		/usr/lib	@rpath/libiosexec.1.dylib|/usr/lib/libutil.dylib|/usr/lib/libSystem.B.dylib	/usr/lib/libutil.dylib|/usr/lib/libSystem.B.dylib		UNKNOWN	NO	NO	NO	NO	NO_REWRITE	YES_ORACLE_USES_RPATH_MODEL	minos 17.0	sdk 17.2
usr/sbin/pw	3e1c7a16f7bd53b7de31461ace9f03ad9ac7b683ce8483ddf0b936c88892af99	6D6ECA47-2ABA-3D9F-BC51-5A6AB82EE7DD	TBD_BATCH		/usr/lib	@rpath/libiosexec.1.dylib|/usr/lib/libcrypt.2.dylib|/usr/lib/libSystem.B.dylib	YES		/usr/lib|/var/jb/usr/lib	@rpath/libiosexec.1.dylib|@rpath/libcrypt.2.dylib|/usr/lib/libSystem.B.dylib	/usr/lib/libSystem.B.dylib	/usr/lib/libcrypt.2.dylib	UNKNOWN	YES	MAYBE	YES	YES	RPATH_ADDITION_AND_LOAD_REWRITE	YES_ORACLE_USES_RPATH_MODEL	minos 17.0	sdk 17.2
usr/sbin/pwd_mkdb	97779cbcdeb621330edf7d352c023b6c1a8b455d700eef7cbcd7c443b1f9095f	C2CB1DAD-05B2-3F8F-8EB1-DA1C8BF83A2D	TBD_BATCH		/usr/lib	@rpath/libiosexec.1.dylib|/System/Library/Frameworks/CoreFoundation.framework/CoreFoundation|/System/Library/Frameworks/IOKit.framework/Versions/A/IOKit|/usr/lib/libSystem.B.dylib	NO		/usr/lib	@rpath/libiosexec.1.dylib|/System/Library/Frameworks/CoreFoundation.framework/CoreFoundation|/System/Library/Frameworks/IOKit.framework/Versions/A/IOKit|/usr/lib/libSystem.B.dylib	/System/Library/Frameworks/CoreFoundation.framework/CoreFoundation|/System/Library/Frameworks/IOKit.framework/Versions/A/IOKit|/usr/lib/libSystem.B.dylib		UNKNOWN	NO	NO	NO	NO	NO_REWRITE	YES_ORACLE_USES_RPATH_MODEL	minos 17.0	sdk 17.2
usr/sbin/quotacheck	88df7a103bedfe7accc375267339bc8363927d86229291ee0009b1a6e5d4b8f1	CEDD2B94-79C4-312C-A6C2-BB974C7DAA40	TBD_BATCH		/usr/lib	@rpath/libiosexec.1.dylib|/usr/lib/libutil.dylib|/usr/lib/libSystem.B.dylib	NO		/usr/lib	@rpath/libiosexec.1.dylib|/usr/lib/libutil.dylib|/usr/lib/libSystem.B.dylib	/usr/lib/libutil.dylib|/usr/lib/libSystem.B.dylib		UNKNOWN	NO	NO	NO	NO	NO_REWRITE	YES_ORACLE_USES_RPATH_MODEL	minos 17.0	sdk 17.2
usr/sbin/quotaon	b9eaced941311b392d13348c1c8fedcdf31647773ee7dfa296cc6acc538ecced	18FD6542-E521-36A9-9F83-53BA38D27ECE	TBD_BATCH		/usr/lib	@rpath/libiosexec.1.dylib|/usr/lib/libutil.dylib|/usr/lib/libSystem.B.dylib	NO		/usr/lib	@rpath/libiosexec.1.dylib|/usr/lib/libutil.dylib|/usr/lib/libSystem.B.dylib	/usr/lib/libutil.dylib|/usr/lib/libSystem.B.dylib		UNKNOWN	NO	NO	NO	NO	NO_REWRITE	YES_ORACLE_USES_RPATH_MODEL	minos 17.0	sdk 17.2
usr/sbin/repquota	71fcd05df82b8b80f1ac2adf0bb9d5ea30d5cff410950885f949c9e5e1e93efe	DA241629-28F7-3321-9A1D-C68AEA154DBF	TBD_BATCH		/usr/lib	@rpath/libiosexec.1.dylib|/usr/lib/libutil.dylib|/usr/lib/libSystem.B.dylib	NO		/usr/lib	@rpath/libiosexec.1.dylib|/usr/lib/libutil.dylib|/usr/lib/libSystem.B.dylib	/usr/lib/libutil.dylib|/usr/lib/libSystem.B.dylib		UNKNOWN	NO	NO	NO	NO	NO_REWRITE	YES_ORACLE_USES_RPATH_MODEL	minos 17.0	sdk 17.2
usr/sbin/shshd	e6717ae36770fc4f8de181bfbb69858b956bc751e44d661a74643bba269e2ec3	91C389AD-4566-397F-AD8E-C529FC20762B	TBD_BATCH		/usr/lib	/System/Library/Frameworks/IOKit.framework/Versions/A/IOKit|/usr/lib/libMobileGestalt.dylib|/usr/lib/libdimentio.0.dylib|@rpath/libiosexec.1.dylib|/usr/lib/libSystem.B.dylib|/System/Library/Frameworks/CFNetwork.framework/CFNetwork|/System/Library/Frameworks/CoreFoundation.framework/CoreFoundation|/System/Library/Frameworks/Foundation.framework/Foundation|/usr/lib/libobjc.A.dylib|/usr/lib/swift/libswiftCore.dylib|/usr/lib/swift/libswiftCoreFoundation.dylib|/usr/lib/swift/libswiftDarwin.dylib|/usr/lib/swift/libswiftDispatch.dylib|/usr/lib/swift/libswiftObjectiveC.dylib	YES		/usr/lib|/var/jb/usr/lib	/System/Library/Frameworks/IOKit.framework/Versions/A/IOKit|/usr/lib/libMobileGestalt.dylib|@rpath/libdimentio.0.dylib|@rpath/libiosexec.1.dylib|/usr/lib/libSystem.B.dylib|/System/Library/Frameworks/CFNetwork.framework/CFNetwork|/System/Library/Frameworks/CoreFoundation.framework/CoreFoundation|/System/Library/Frameworks/Foundation.framework/Foundation|/usr/lib/libobjc.A.dylib|/usr/lib/swift/libswiftCore.dylib|/usr/lib/swift/libswiftCoreFoundation.dylib|/usr/lib/swift/libswiftDarwin.dylib|/usr/lib/swift/libswiftDispatch.dylib|/usr/lib/swift/libswiftObjectiveC.dylib	/System/Library/Frameworks/IOKit.framework/Versions/A/IOKit|/usr/lib/libMobileGestalt.dylib|/usr/lib/libSystem.B.dylib|/System/Library/Frameworks/CFNetwork.framework/CFNetwork|/System/Library/Frameworks/CoreFoundation.framework/CoreFoundation|/System/Library/Frameworks/Foundation.framework/Foundation|/usr/lib/libobjc.A.dylib|/usr/lib/swift/libswiftCore.dylib|/usr/lib/swift/libswiftCoreFoundation.dylib|/usr/lib/swift/libswiftDarwin.dylib|/usr/lib/swift/libswiftDispatch.dylib|/usr/lib/swift/libswiftObjectiveC.dylib	/usr/lib/libdimentio.0.dylib	UNKNOWN	YES	MAYBE	YES	YES	RPATH_ADDITION_AND_LOAD_REWRITE	YES_ORACLE_USES_RPATH_MODEL	minos 17.0	sdk 17.0
usr/sbin/sudo_logsrvd	0bdfbba77d952656f2229f3fd3323519d9a39314dcbd4d8c92d82ffc9f9a8c7a	800B959E-AE55-31D5-9060-5A3D9C6DB153	TBD_BATCH		/usr/lib	/usr/lib/libz.1.dylib|/usr/libexec/sudo/libsudo_util.0.dylib|@rpath/libiosexec.1.dylib|/usr/lib/libintl.8.dylib|/usr/lib/libSystem.B.dylib|/usr/lib/libssl.3.dylib|/usr/lib/libcrypto.3.dylib	YES		/usr/lib|/var/jb/usr/lib	/usr/lib/libz.1.dylib|/usr/libexec/sudo/libsudo_util.0.dylib|@rpath/libiosexec.1.dylib|@rpath/libintl.8.dylib|/usr/lib/libSystem.B.dylib|@rpath/libssl.3.dylib|@rpath/libcrypto.3.dylib	/usr/lib/libz.1.dylib|/usr/lib/libSystem.B.dylib	/usr/lib/libintl.8.dylib|/usr/lib/libssl.3.dylib|/usr/lib/libcrypto.3.dylib	UNKNOWN	YES	MAYBE	YES	YES	RPATH_ADDITION_AND_LOAD_REWRITE	YES_ORACLE_USES_RPATH_MODEL	minos 17.0	sdk 17.2
usr/sbin/sudo_sendlog	6af75b5c0866794b309d5aa76a0a9e5d3912dc34bba4d8e2d42e2ac1668ef7cf	66938EBE-069E-3533-95EA-32E9129D2206	TBD_BATCH		/usr/lib	/usr/lib/libz.1.dylib|/usr/libexec/sudo/libsudo_util.0.dylib|@rpath/libiosexec.1.dylib|/usr/lib/libintl.8.dylib|/usr/lib/libSystem.B.dylib|/usr/lib/libssl.3.dylib|/usr/lib/libcrypto.3.dylib	YES		/usr/lib|/var/jb/usr/lib	/usr/lib/libz.1.dylib|/usr/libexec/sudo/libsudo_util.0.dylib|@rpath/libiosexec.1.dylib|@rpath/libintl.8.dylib|/usr/lib/libSystem.B.dylib|@rpath/libssl.3.dylib|@rpath/libcrypto.3.dylib	/usr/lib/libz.1.dylib|/usr/lib/libSystem.B.dylib	/usr/lib/libintl.8.dylib|/usr/lib/libssl.3.dylib|/usr/lib/libcrypto.3.dylib	UNKNOWN	YES	MAYBE	YES	YES	RPATH_ADDITION_AND_LOAD_REWRITE	YES_ORACLE_USES_RPATH_MODEL	minos 17.0	sdk 17.2
usr/sbin/sysctl	6f12fc9b97a28b941aa02fbaee8ca04d1cc464531272bafe807aa319aceed16a	E5104AE5-5910-3449-B5AE-962F16C8CE10	TBD_BATCH		/usr/lib	@rpath/libiosexec.1.dylib|/System/Library/Frameworks/CoreFoundation.framework/CoreFoundation|/System/Library/Frameworks/IOKit.framework/Versions/A/IOKit|/usr/lib/libcrypt.2.dylib|/usr/lib/libpam.2.dylib|/usr/lib/libSystem.B.dylib	YES		/usr/lib|/var/jb/usr/lib	@rpath/libiosexec.1.dylib|/System/Library/Frameworks/CoreFoundation.framework/CoreFoundation|/System/Library/Frameworks/IOKit.framework/Versions/A/IOKit|@rpath/libcrypt.2.dylib|@rpath/libpam.2.dylib|/usr/lib/libSystem.B.dylib	/System/Library/Frameworks/CoreFoundation.framework/CoreFoundation|/System/Library/Frameworks/IOKit.framework/Versions/A/IOKit|/usr/lib/libSystem.B.dylib	/usr/lib/libcrypt.2.dylib|/usr/lib/libpam.2.dylib	UNKNOWN	YES	MAYBE	YES	YES	RPATH_ADDITION_AND_LOAD_REWRITE	YES_ORACLE_USES_RPATH_MODEL	minos 17.0	sdk 17.2
usr/sbin/taskpolicy	91f6e14bafb9f1a2d511304465f40a423089e6efa71db2665e67d1aadae1a235	9BE283B6-8044-3984-A601-83E1D1126118	TBD_BATCH		/usr/lib	@rpath/libiosexec.1.dylib|/System/Library/Frameworks/CoreFoundation.framework/CoreFoundation|/System/Library/Frameworks/IOKit.framework/Versions/A/IOKit|/usr/lib/libcrypt.2.dylib|/usr/lib/libpam.2.dylib|/usr/lib/libSystem.B.dylib	YES		/usr/lib|/var/jb/usr/lib	@rpath/libiosexec.1.dylib|/System/Library/Frameworks/CoreFoundation.framework/CoreFoundation|/System/Library/Frameworks/IOKit.framework/Versions/A/IOKit|@rpath/libcrypt.2.dylib|@rpath/libpam.2.dylib|/usr/lib/libSystem.B.dylib	/System/Library/Frameworks/CoreFoundation.framework/CoreFoundation|/System/Library/Frameworks/IOKit.framework/Versions/A/IOKit|/usr/lib/libSystem.B.dylib	/usr/lib/libcrypt.2.dylib|/usr/lib/libpam.2.dylib	UNKNOWN	YES	MAYBE	YES	YES	RPATH_ADDITION_AND_LOAD_REWRITE	YES_ORACLE_USES_RPATH_MODEL	minos 17.0	sdk 17.2
usr/sbin/vifs	6c4f8f297ae593b6d0e36e74b51a2a4094310388c7a9d61a790c4b6ffb61f00c	51FC9CD0-B51E-387C-88CA-6D945E7A8743	TBD_BATCH		/usr/lib	@rpath/libiosexec.1.dylib|/System/Library/Frameworks/CoreFoundation.framework/CoreFoundation|/System/Library/Frameworks/IOKit.framework/Versions/A/IOKit|/usr/lib/libcrypt.2.dylib|/usr/lib/libpam.2.dylib|/usr/lib/libSystem.B.dylib	YES		/usr/lib|/var/jb/usr/lib	@rpath/libiosexec.1.dylib|/System/Library/Frameworks/CoreFoundation.framework/CoreFoundation|/System/Library/Frameworks/IOKit.framework/Versions/A/IOKit|@rpath/libcrypt.2.dylib|@rpath/libpam.2.dylib|/usr/lib/libSystem.B.dylib	/System/Library/Frameworks/CoreFoundation.framework/CoreFoundation|/System/Library/Frameworks/IOKit.framework/Versions/A/IOKit|/usr/lib/libSystem.B.dylib	/usr/lib/libcrypt.2.dylib|/usr/lib/libpam.2.dylib	UNKNOWN	YES	MAYBE	YES	YES	RPATH_ADDITION_AND_LOAD_REWRITE	YES_ORACLE_USES_RPATH_MODEL	minos 17.0	sdk 17.2
usr/sbin/vipw	f2e364fe52901be487a27c6202737480598fc5453f63f4cc28506fc6907f2b9c	5C80FEE2-84A5-3B69-A962-11E7572311A5	TBD_BATCH		/usr/lib	@rpath/libiosexec.1.dylib|/System/Library/Frameworks/CoreFoundation.framework/CoreFoundation|/System/Library/Frameworks/IOKit.framework/Versions/A/IOKit|/usr/lib/libcrypt.2.dylib|/usr/lib/libpam.2.dylib|/usr/lib/libSystem.B.dylib	YES		/usr/lib|/var/jb/usr/lib	@rpath/libiosexec.1.dylib|/System/Library/Frameworks/CoreFoundation.framework/CoreFoundation|/System/Library/Frameworks/IOKit.framework/Versions/A/IOKit|@rpath/libcrypt.2.dylib|@rpath/libpam.2.dylib|/usr/lib/libSystem.B.dylib	/System/Library/Frameworks/CoreFoundation.framework/CoreFoundation|/System/Library/Frameworks/IOKit.framework/Versions/A/IOKit|/usr/lib/libSystem.B.dylib	/usr/lib/libcrypt.2.dylib|/usr/lib/libpam.2.dylib	UNKNOWN	YES	MAYBE	YES	YES	RPATH_ADDITION_AND_LOAD_REWRITE	YES_ORACLE_USES_RPATH_MODEL	minos 17.0	sdk 17.2
usr/sbin/visudo	963a168b7005850a428f4d2a0b2d0b2af7248dd7bbe18f3e4452f1c25a4da8af	F5B8C58C-469E-338E-865A-B23EFFD66920	TBD_BATCH		/usr/lib	/usr/libexec/sudo/libsudo_util.0.dylib|@rpath/libiosexec.1.dylib|/usr/lib/libintl.8.dylib|/usr/lib/libcrypto.3.dylib|/usr/lib/libSystem.B.dylib	YES		/usr/lib|/var/jb/usr/lib	/usr/libexec/sudo/libsudo_util.0.dylib|@rpath/libiosexec.1.dylib|@rpath/libintl.8.dylib|@rpath/libcrypto.3.dylib|/usr/lib/libSystem.B.dylib	/usr/lib/libSystem.B.dylib	/usr/lib/libintl.8.dylib|/usr/lib/libcrypto.3.dylib	UNKNOWN	YES	MAYBE	YES	YES	RPATH_ADDITION_AND_LOAD_REWRITE	YES_ORACLE_USES_RPATH_MODEL	minos 17.0	sdk 17.2
usr/sbin/vsdbutil	2a5eb123be9af0a29a80abeabd605c8c8cd1141be87e4b404b9dc93877cae832	8ABF53F4-A25E-31E1-AFBA-969FB269DE76	TBD_BATCH		/usr/lib	@rpath/libiosexec.1.dylib|/usr/lib/libutil.dylib|/usr/lib/libSystem.B.dylib	NO		/usr/lib	@rpath/libiosexec.1.dylib|/usr/lib/libutil.dylib|/usr/lib/libSystem.B.dylib	/usr/lib/libutil.dylib|/usr/lib/libSystem.B.dylib		UNKNOWN	NO	NO	NO	NO	NO_REWRITE	YES_ORACLE_USES_RPATH_MODEL	minos 17.0	sdk 17.2
usr/sbin/zdump	a28bf18ced7487d5ce188f88637843459053535a4f9f6ad7d96374dd4723ed11	8DE6357C-B848-3539-BAA4-088BFC03CF56	TBD_BATCH		/usr/lib	@rpath/libiosexec.1.dylib|/System/Library/Frameworks/CoreFoundation.framework/CoreFoundation|/System/Library/Frameworks/IOKit.framework/Versions/A/IOKit|/usr/lib/libcrypt.2.dylib|/usr/lib/libpam.2.dylib|/usr/lib/libSystem.B.dylib	YES		/usr/lib|/var/jb/usr/lib	@rpath/libiosexec.1.dylib|/System/Library/Frameworks/CoreFoundation.framework/CoreFoundation|/System/Library/Frameworks/IOKit.framework/Versions/A/IOKit|@rpath/libcrypt.2.dylib|@rpath/libpam.2.dylib|/usr/lib/libSystem.B.dylib	/System/Library/Frameworks/CoreFoundation.framework/CoreFoundation|/System/Library/Frameworks/IOKit.framework/Versions/A/IOKit|/usr/lib/libSystem.B.dylib	/usr/lib/libcrypt.2.dylib|/usr/lib/libpam.2.dylib	UNKNOWN	YES	MAYBE	YES	YES	RPATH_ADDITION_AND_LOAD_REWRITE	YES_ORACLE_USES_RPATH_MODEL	minos 17.0	sdk 17.2
usr/sbin/zic	31cb9256aa447123be2761c717a141e095a8a79d5e6e0cdfcd7a9b615bd90811	899B9148-0538-3DE3-B996-B259B3A57F89	TBD_BATCH		/usr/lib	@rpath/libiosexec.1.dylib|/System/Library/Frameworks/CoreFoundation.framework/CoreFoundation|/System/Library/Frameworks/IOKit.framework/Versions/A/IOKit|/usr/lib/libcrypt.2.dylib|/usr/lib/libpam.2.dylib|/usr/lib/libSystem.B.dylib	YES		/usr/lib|/var/jb/usr/lib	@rpath/libiosexec.1.dylib|/System/Library/Frameworks/CoreFoundation.framework/CoreFoundation|/System/Library/Frameworks/IOKit.framework/Versions/A/IOKit|@rpath/libcrypt.2.dylib|@rpath/libpam.2.dylib|/usr/lib/libSystem.B.dylib	/System/Library/Frameworks/CoreFoundation.framework/CoreFoundation|/System/Library/Frameworks/IOKit.framework/Versions/A/IOKit|/usr/lib/libSystem.B.dylib	/usr/lib/libcrypt.2.dylib|/usr/lib/libpam.2.dylib	UNKNOWN	YES	MAYBE	YES	YES	RPATH_ADDITION_AND_LOAD_REWRITE	YES_ORACLE_USES_RPATH_MODEL	minos 17.0	sdk 17.2
