RELATIVE_PATH	DISPOSITION	KIND	SYMLINK_TARGET	MODE_OCT	SHA256
.procursus_strapped	INSTALL_FILE	OTHER		0o644	
Library	CREATE_DIRECTORY	DIRECTORY		0o755	
Library/LaunchDaemons	CREATE_DIRECTORY	DIRECTORY		0o755	
Library/LaunchDaemons/com.apple.atrun.plist	INSTALL_FILE	PLIST		0o644	
Library/LaunchDaemons/com.openssh.sshd.plist	INSTALL_FILE	PLIST		0o644	
Library/LaunchDaemons/us.diatr.shshd.plist	INSTALL_FILE	PLIST		0o644	
Library/dpkg	CREATE_DIRECTORY	DIRECTORY		0o755	
Library/dpkg/alternatives	CREATE_DIRECTORY	DIRECTORY		0o755	
Library/dpkg/available	INSTALL_FILE	PACKAGE_METADATA		0o644	
Library/dpkg/info	CREATE_DIRECTORY	DIRECTORY		0o755	
Library/dpkg/info/apt.list	INSTALL_FILE	PACKAGE_METADATA		0o644	
Library/dpkg/info/apt.md5sums	INSTALL_FILE	PACKAGE_METADATA		0o755	
Library/dpkg/info/apt.postinst	INSTALL_FILE	PACKAGE_METADATA		0o755	
Library/dpkg/info/base.list	INSTALL_FILE	PACKAGE_METADATA		0o644	
Library/dpkg/info/base.md5sums	INSTALL_FILE	PACKAGE_METADATA		0o755	
Library/dpkg/info/bash.list	INSTALL_FILE	PACKAGE_METADATA		0o644	
Library/dpkg/info/bash.md5sums	INSTALL_FILE	PACKAGE_METADATA		0o755	
Library/dpkg/info/ca-certificates.conffiles	INSTALL_FILE	PACKAGE_METADATA		0o755	
Library/dpkg/info/ca-certificates.list	INSTALL_FILE	PACKAGE_METADATA		0o644	
Library/dpkg/info/ca-certificates.md5sums	INSTALL_FILE	PACKAGE_METADATA		0o755	
Library/dpkg/info/chariz-keyring.conffiles	INSTALL_FILE	PACKAGE_METADATA		0o755	
Library/dpkg/info/chariz-keyring.list	INSTALL_FILE	PACKAGE_METADATA		0o644	
Library/dpkg/info/chariz-keyring.md5sums	INSTALL_FILE	PACKAGE_METADATA		0o755	
Library/dpkg/info/coreutils.conffiles	INSTALL_FILE	PACKAGE_METADATA		0o755	
Library/dpkg/info/coreutils.list	INSTALL_FILE	PACKAGE_METADATA		0o644	
Library/dpkg/info/coreutils.md5sums	INSTALL_FILE	PACKAGE_METADATA		0o755	
Library/dpkg/info/darwintools.conffiles	INSTALL_FILE	PACKAGE_METADATA		0o755	
Library/dpkg/info/darwintools.list	INSTALL_FILE	PACKAGE_METADATA		0o644	
Library/dpkg/info/darwintools.md5sums	INSTALL_FILE	PACKAGE_METADATA		0o755	
Library/dpkg/info/darwintools.postinst	INSTALL_FILE	PACKAGE_METADATA		0o755	
Library/dpkg/info/dash.list	INSTALL_FILE	PACKAGE_METADATA		0o644	
Library/dpkg/info/dash.md5sums	INSTALL_FILE	PACKAGE_METADATA		0o755	
Library/dpkg/info/debianutils.list	INSTALL_FILE	PACKAGE_METADATA		0o644	
Library/dpkg/info/debianutils.md5sums	INSTALL_FILE	PACKAGE_METADATA		0o755	
Library/dpkg/info/debianutils.postinst	INSTALL_FILE	PACKAGE_METADATA		0o755	
Library/dpkg/info/debianutils.postrm	INSTALL_FILE	PACKAGE_METADATA		0o755	
Library/dpkg/info/diffutils.list	INSTALL_FILE	PACKAGE_METADATA		0o644	
Library/dpkg/info/diffutils.md5sums	INSTALL_FILE	PACKAGE_METADATA		0o755	
Library/dpkg/info/diskdev-cmds.list	INSTALL_FILE	PACKAGE_METADATA		0o644	
Library/dpkg/info/diskdev-cmds.md5sums	INSTALL_FILE	PACKAGE_METADATA		0o755	
Library/dpkg/info/dpkg.conffiles	INSTALL_FILE	PACKAGE_METADATA		0o755	
Library/dpkg/info/dpkg.list	INSTALL_FILE	PACKAGE_METADATA		0o644	
Library/dpkg/info/dpkg.md5sums	INSTALL_FILE	PACKAGE_METADATA		0o755	
Library/dpkg/info/essential.list	INSTALL_FILE	PACKAGE_METADATA		0o644	
Library/dpkg/info/essential.md5sums	INSTALL_FILE	PACKAGE_METADATA		0o755	
Library/dpkg/info/file-cmds.list	INSTALL_FILE	PACKAGE_METADATA		0o644	
Library/dpkg/info/file-cmds.md5sums	INSTALL_FILE	PACKAGE_METADATA		0o755	
Library/dpkg/info/findutils.list	INSTALL_FILE	PACKAGE_METADATA		0o644	
Library/dpkg/info/findutils.md5sums	INSTALL_FILE	PACKAGE_METADATA		0o755	
Library/dpkg/info/firmware-sbin.extrainst_	INSTALL_FILE	PACKAGE_METADATA		0o755	
Library/dpkg/info/firmware-sbin.list	INSTALL_FILE	PACKAGE_METADATA		0o644	
Library/dpkg/info/firmware-sbin.md5sums	INSTALL_FILE	PACKAGE_METADATA		0o755	
Library/dpkg/info/firmware-sbin.postinst	INSTALL_FILE	PACKAGE_METADATA		0o755	
Library/dpkg/info/firmware-sbin.postrm	INSTALL_FILE	PACKAGE_METADATA		0o755	
Library/dpkg/info/firmware-sbin.preinst	INSTALL_FILE	PACKAGE_METADATA		0o755	
Library/dpkg/info/firmware-sbin.prerm	INSTALL_FILE	PACKAGE_METADATA		0o755	
Library/dpkg/info/gpgv.list	INSTALL_FILE	PACKAGE_METADATA		0o644	
Library/dpkg/info/gpgv.md5sums	INSTALL_FILE	PACKAGE_METADATA		0o755	
Library/dpkg/info/grep.list	INSTALL_FILE	PACKAGE_METADATA		0o644	
Library/dpkg/info/grep.md5sums	INSTALL_FILE	PACKAGE_METADATA		0o755	
Library/dpkg/info/havoc-keyring.conffiles	INSTALL_FILE	PACKAGE_METADATA		0o755	
Library/dpkg/info/havoc-keyring.list	INSTALL_FILE	PACKAGE_METADATA		0o644	
Library/dpkg/info/havoc-keyring.md5sums	INSTALL_FILE	PACKAGE_METADATA		0o755	
Library/dpkg/info/launchctl.list	INSTALL_FILE	PACKAGE_METADATA		0o644	
Library/dpkg/info/launchctl.md5sums	INSTALL_FILE	PACKAGE_METADATA		0o755	
Library/dpkg/info/libapt-pkg6.0.list	INSTALL_FILE	PACKAGE_METADATA		0o644	
Library/dpkg/info/libapt-pkg6.0.md5sums	INSTALL_FILE	PACKAGE_METADATA		0o755	
Library/dpkg/info/libassuan0.list	INSTALL_FILE	PACKAGE_METADATA		0o644	
Library/dpkg/info/libassuan0.md5sums	INSTALL_FILE	PACKAGE_METADATA		0o755	
Library/dpkg/info/libbrotli1.list	INSTALL_FILE	PACKAGE_METADATA		0o644	
Library/dpkg/info/libbrotli1.md5sums	INSTALL_FILE	PACKAGE_METADATA		0o755	
Library/dpkg/info/libcrypt2.list	INSTALL_FILE	PACKAGE_METADATA		0o644	
Library/dpkg/info/libcrypt2.md5sums	INSTALL_FILE	PACKAGE_METADATA		0o755	
Library/dpkg/info/libdimentio0.list	INSTALL_FILE	PACKAGE_METADATA		0o644	
Library/dpkg/info/libdimentio0.md5sums	INSTALL_FILE	PACKAGE_METADATA		0o755	
Library/dpkg/info/libedit0.list	INSTALL_FILE	PACKAGE_METADATA		0o644	
Library/dpkg/info/libedit0.md5sums	INSTALL_FILE	PACKAGE_METADATA		0o755	
Library/dpkg/info/libffi8.list	INSTALL_FILE	PACKAGE_METADATA		0o644	
Library/dpkg/info/libffi8.md5sums	INSTALL_FILE	PACKAGE_METADATA		0o755	
Library/dpkg/info/libgcrypt20.list	INSTALL_FILE	PACKAGE_METADATA		0o644	
Library/dpkg/info/libgcrypt20.md5sums	INSTALL_FILE	PACKAGE_METADATA		0o755	
Library/dpkg/info/libgmp10.list	INSTALL_FILE	PACKAGE_METADATA		0o644	
Library/dpkg/info/libgmp10.md5sums	INSTALL_FILE	PACKAGE_METADATA		0o755	
Library/dpkg/info/libgnutls30.list	INSTALL_FILE	PACKAGE_METADATA		0o644	
Library/dpkg/info/libgnutls30.md5sums	INSTALL_FILE	PACKAGE_METADATA		0o755	
Library/dpkg/info/libgpg-error0.list	INSTALL_FILE	PACKAGE_METADATA		0o644	
Library/dpkg/info/libgpg-error0.md5sums	INSTALL_FILE	PACKAGE_METADATA		0o755	
Library/dpkg/info/libhogweed6.list	INSTALL_FILE	PACKAGE_METADATA		0o644	
Library/dpkg/info/libhogweed6.md5sums	INSTALL_FILE	PACKAGE_METADATA		0o755	
Library/dpkg/info/libidn2-0.list	INSTALL_FILE	PACKAGE_METADATA		0o644	
Library/dpkg/info/libidn2-0.md5sums	INSTALL_FILE	PACKAGE_METADATA		0o755	
Library/dpkg/info/libintl8.list	INSTALL_FILE	PACKAGE_METADATA		0o644	
Library/dpkg/info/libintl8.md5sums	INSTALL_FILE	PACKAGE_METADATA		0o755	
Library/dpkg/info/libiosexec1.list	INSTALL_FILE	PACKAGE_METADATA		0o644	
Library/dpkg/info/libiosexec1.md5sums	INSTALL_FILE	PACKAGE_METADATA		0o755	
Library/dpkg/info/libkrw0.list	INSTALL_FILE	PACKAGE_METADATA		0o644	
Library/dpkg/info/libkrw0.md5sums	INSTALL_FILE	PACKAGE_METADATA		0o755	
Library/dpkg/info/liblz4-1.list	INSTALL_FILE	PACKAGE_METADATA		0o644	
Library/dpkg/info/liblz4-1.md5sums	INSTALL_FILE	PACKAGE_METADATA		0o755	
Library/dpkg/info/liblzma5.list	INSTALL_FILE	PACKAGE_METADATA		0o644	
Library/dpkg/info/liblzma5.md5sums	INSTALL_FILE	PACKAGE_METADATA		0o755	
Library/dpkg/info/libmd0.list	INSTALL_FILE	PACKAGE_METADATA		0o644	
Library/dpkg/info/libmd0.md5sums	INSTALL_FILE	PACKAGE_METADATA		0o755	
Library/dpkg/info/libncursesw6.list	INSTALL_FILE	PACKAGE_METADATA		0o644	
Library/dpkg/info/libncursesw6.md5sums	INSTALL_FILE	PACKAGE_METADATA		0o755	
Library/dpkg/info/libnettle8.list	INSTALL_FILE	PACKAGE_METADATA		0o644	
Library/dpkg/info/libnettle8.md5sums	INSTALL_FILE	PACKAGE_METADATA		0o755	
Library/dpkg/info/libnpth0.list	INSTALL_FILE	PACKAGE_METADATA		0o644	
Library/dpkg/info/libnpth0.md5sums	INSTALL_FILE	PACKAGE_METADATA		0o755	
Library/dpkg/info/libp11-kit0.conffiles	INSTALL_FILE	PACKAGE_METADATA		0o755	
Library/dpkg/info/libp11-kit0.list	INSTALL_FILE	PACKAGE_METADATA		0o644	
Library/dpkg/info/libp11-kit0.md5sums	INSTALL_FILE	PACKAGE_METADATA		0o755	
Library/dpkg/info/libpam-modules.list	INSTALL_FILE	PACKAGE_METADATA		0o644	
Library/dpkg/info/libpam-modules.md5sums	INSTALL_FILE	PACKAGE_METADATA		0o755	
Library/dpkg/info/libpam2.conffiles	INSTALL_FILE	PACKAGE_METADATA		0o755	
Library/dpkg/info/libpam2.list	INSTALL_FILE	PACKAGE_METADATA		0o644	
Library/dpkg/info/libpam2.md5sums	INSTALL_FILE	PACKAGE_METADATA		0o755	
Library/dpkg/info/libpcre1.list	INSTALL_FILE	PACKAGE_METADATA		0o644	
Library/dpkg/info/libpcre1.md5sums	INSTALL_FILE	PACKAGE_METADATA		0o755	
Library/dpkg/info/libpcre2-8-0.list	INSTALL_FILE	PACKAGE_METADATA		0o644	
Library/dpkg/info/libpcre2-8-0.md5sums	INSTALL_FILE	PACKAGE_METADATA		0o755	
Library/dpkg/info/libreadline8.list	INSTALL_FILE	PACKAGE_METADATA		0o644	
Library/dpkg/info/libreadline8.md5sums	INSTALL_FILE	PACKAGE_METADATA		0o755	
Library/dpkg/info/libssl3.list	INSTALL_FILE	PACKAGE_METADATA		0o644	
Library/dpkg/info/libssl3.md5sums	INSTALL_FILE	PACKAGE_METADATA		0o755	
Library/dpkg/info/libtasn1-6.list	INSTALL_FILE	PACKAGE_METADATA		0o644	
Library/dpkg/info/libtasn1-6.md5sums	INSTALL_FILE	PACKAGE_METADATA		0o755	
Library/dpkg/info/libunistring5.list	INSTALL_FILE	PACKAGE_METADATA		0o644	
Library/dpkg/info/libunistring5.md5sums	INSTALL_FILE	PACKAGE_METADATA		0o755	
Library/dpkg/info/libxxhash0.list	INSTALL_FILE	PACKAGE_METADATA		0o644	
Library/dpkg/info/libxxhash0.md5sums	INSTALL_FILE	PACKAGE_METADATA		0o755	
Library/dpkg/info/libz-ng2.list	INSTALL_FILE	PACKAGE_METADATA		0o644	
Library/dpkg/info/libz-ng2.md5sums	INSTALL_FILE	PACKAGE_METADATA		0o755	
Library/dpkg/info/libzstd1.list	INSTALL_FILE	PACKAGE_METADATA		0o644	
Library/dpkg/info/libzstd1.md5sums	INSTALL_FILE	PACKAGE_METADATA		0o755	
Library/dpkg/info/ncurses-bin.list	INSTALL_FILE	PACKAGE_METADATA		0o644	
Library/dpkg/info/ncurses-bin.md5sums	INSTALL_FILE	PACKAGE_METADATA		0o755	
Library/dpkg/info/ncurses-term.list	INSTALL_FILE	PACKAGE_METADATA		0o644	
Library/dpkg/info/ncurses-term.md5sums	INSTALL_FILE	PACKAGE_METADATA		0o755	
Library/dpkg/info/openssh-client.conffiles	INSTALL_FILE	PACKAGE_METADATA		0o755	
Library/dpkg/info/openssh-client.list	INSTALL_FILE	PACKAGE_METADATA		0o644	
Library/dpkg/info/openssh-client.md5sums	INSTALL_FILE	PACKAGE_METADATA		0o755	
Library/dpkg/info/openssh-server.conffiles	INSTALL_FILE	PACKAGE_METADATA		0o755	
Library/dpkg/info/openssh-server.extrainst_	INSTALL_FILE	PACKAGE_METADATA		0o755	
Library/dpkg/info/openssh-server.list	INSTALL_FILE	PACKAGE_METADATA		0o644	
Library/dpkg/info/openssh-server.md5sums	INSTALL_FILE	PACKAGE_METADATA		0o755	
Library/dpkg/info/openssh-server.prerm	INSTALL_FILE	PACKAGE_METADATA		0o755	
Library/dpkg/info/openssh-sftp-server.list	INSTALL_FILE	PACKAGE_METADATA		0o644	
Library/dpkg/info/openssh-sftp-server.md5sums	INSTALL_FILE	PACKAGE_METADATA		0o755	
Library/dpkg/info/procursus-keyring.conffiles	INSTALL_FILE	PACKAGE_METADATA		0o755	
Library/dpkg/info/procursus-keyring.list	INSTALL_FILE	PACKAGE_METADATA		0o644	
Library/dpkg/info/procursus-keyring.md5sums	INSTALL_FILE	PACKAGE_METADATA		0o755	
Library/dpkg/info/profile.d.conffiles	INSTALL_FILE	PACKAGE_METADATA		0o755	
Library/dpkg/info/profile.d.list	INSTALL_FILE	PACKAGE_METADATA		0o644	
Library/dpkg/info/profile.d.md5sums	INSTALL_FILE	PACKAGE_METADATA		0o755	
Library/dpkg/info/sed.list	INSTALL_FILE	PACKAGE_METADATA		0o644	
Library/dpkg/info/sed.md5sums	INSTALL_FILE	PACKAGE_METADATA		0o755	
Library/dpkg/info/shell-cmds.conffiles	INSTALL_FILE	PACKAGE_METADATA		0o755	
Library/dpkg/info/shell-cmds.list	INSTALL_FILE	PACKAGE_METADATA		0o644	
Library/dpkg/info/shell-cmds.md5sums	INSTALL_FILE	PACKAGE_METADATA		0o755	
Library/dpkg/info/shshd.extrainst_	INSTALL_FILE	PACKAGE_METADATA		0o755	
Library/dpkg/info/shshd.list	INSTALL_FILE	PACKAGE_METADATA		0o644	
Library/dpkg/info/shshd.md5sums	INSTALL_FILE	PACKAGE_METADATA		0o755	
Library/dpkg/info/shshd.prerm	INSTALL_FILE	PACKAGE_METADATA		0o755	
Library/dpkg/info/snaputil.list	INSTALL_FILE	PACKAGE_METADATA		0o644	
Library/dpkg/info/snaputil.md5sums	INSTALL_FILE	PACKAGE_METADATA		0o755	
Library/dpkg/info/sudo.conffiles	INSTALL_FILE	PACKAGE_METADATA		0o755	
Library/dpkg/info/sudo.list	INSTALL_FILE	PACKAGE_METADATA		0o644	
Library/dpkg/info/sudo.md5sums	INSTALL_FILE	PACKAGE_METADATA		0o755	
Library/dpkg/info/system-cmds.conffiles	INSTALL_FILE	PACKAGE_METADATA		0o755	
Library/dpkg/info/system-cmds.list	INSTALL_FILE	PACKAGE_METADATA		0o644	
Library/dpkg/info/system-cmds.md5sums	INSTALL_FILE	PACKAGE_METADATA		0o755	
Library/dpkg/info/system-cmds.postinst	INSTALL_FILE	PACKAGE_METADATA		0o755	
Library/dpkg/info/tar.list	INSTALL_FILE	PACKAGE_METADATA		0o644	
Library/dpkg/info/tar.md5sums	INSTALL_FILE	PACKAGE_METADATA		0o755	
Library/dpkg/info/uikittools.list	INSTALL_FILE	PACKAGE_METADATA		0o644	
Library/dpkg/info/uikittools.md5sums	INSTALL_FILE	PACKAGE_METADATA		0o755	
Library/dpkg/info/vi.list	INSTALL_FILE	PACKAGE_METADATA		0o644	
Library/dpkg/info/vi.md5sums	INSTALL_FILE	PACKAGE_METADATA		0o755	
Library/dpkg/info/vi.postinst	INSTALL_FILE	PACKAGE_METADATA		0o755	
Library/dpkg/info/vi.prerm	INSTALL_FILE	PACKAGE_METADATA		0o755	
Library/dpkg/info/zsh.list	INSTALL_FILE	PACKAGE_METADATA		0o644	
Library/dpkg/info/zsh.md5sums	INSTALL_FILE	PACKAGE_METADATA		0o755	
Library/dpkg/parts	CREATE_DIRECTORY	DIRECTORY		0o755	
Library/dpkg/status	INSTALL_FILE	PACKAGE_METADATA		0o644	
Library/dpkg/updates	CREATE_DIRECTORY	DIRECTORY		0o755	
bin	CREATE_DIRECTORY	DIRECTORY		0o755	
bin/bash	CREATE_SYMLINK	SYMLINK	/var/jb/usr/bin/bash	0o755	
bin/cat	CREATE_SYMLINK	SYMLINK	/var/jb/usr/bin/cat	0o755	
bin/chgrp	CREATE_SYMLINK	SYMLINK	/var/jb/usr/bin/chgrp	0o755	
bin/chown	CREATE_SYMLINK	SYMLINK	/var/jb/usr/bin/chown	0o755	
bin/cp	CREATE_SYMLINK	SYMLINK	/var/jb/usr/bin/cp	0o755	
bin/date	CREATE_SYMLINK	SYMLINK	/var/jb/usr/bin/date	0o755	
bin/dd	CREATE_SYMLINK	SYMLINK	/var/jb/usr/bin/dd	0o755	
bin/dir	CREATE_SYMLINK	SYMLINK	/var/jb/usr/bin/dir	0o755	
bin/echo	CREATE_SYMLINK	SYMLINK	/var/jb/usr/bin/echo	0o755	
bin/false	CREATE_SYMLINK	SYMLINK	/var/jb/usr/bin/false	0o755	
bin/kill	CREATE_SYMLINK	SYMLINK	/var/jb/usr/bin/kill	0o755	
bin/launchctl	CREATE_SYMLINK	SYMLINK	/var/jb/usr/bin/launchctl	0o755	
bin/ln	CREATE_SYMLINK	SYMLINK	/var/jb/usr/bin/ln	0o755	
bin/ls	CREATE_SYMLINK	SYMLINK	/var/jb/usr/bin/ls	0o755	
bin/mkdir	CREATE_SYMLINK	SYMLINK	/var/jb/usr/bin/mkdir	0o755	
bin/mknod	CREATE_SYMLINK	SYMLINK	/var/jb/usr/bin/mknod	0o755	
bin/mktemp	CREATE_SYMLINK	SYMLINK	/var/jb/usr/bin/mktemp	0o755	
bin/mv	CREATE_SYMLINK	SYMLINK	/var/jb/usr/bin/mv	0o755	
bin/pwd	CREATE_SYMLINK	SYMLINK	/var/jb/usr/bin/pwd	0o755	
bin/readlink	CREATE_SYMLINK	SYMLINK	/var/jb/usr/bin/readlink	0o755	
bin/rm	CREATE_SYMLINK	SYMLINK	/var/jb/usr/bin/rm	0o755	
bin/rmdir	CREATE_SYMLINK	SYMLINK	/var/jb/usr/bin/rmdir	0o755	
bin/run-parts	CREATE_SYMLINK	SYMLINK	/var/jb/usr/bin/run-parts	0o755	
bin/sh	CREATE_SYMLINK	SYMLINK	/var/jb/usr/bin/dash	0o755	
bin/sleep	CREATE_SYMLINK	SYMLINK	/var/jb/usr/bin/sleep	0o755	
bin/stty	CREATE_SYMLINK	SYMLINK	/var/jb/usr/bin/stty	0o755	
bin/su	CREATE_SYMLINK	SYMLINK	/var/jb/usr/bin/su	0o755	
bin/sync	INSTALL_FILE	MACHO		0o755	70e3ffbaa93b6fe7c89f8f22b43325a78d027c61d5b3c2cd906db6a6676c0553
bin/tar	CREATE_SYMLINK	SYMLINK	/var/jb/usr/bin/tar	0o755	
bin/touch	CREATE_SYMLINK	SYMLINK	/var/jb/usr/bin/touch	0o755	
bin/true	CREATE_SYMLINK	SYMLINK	/var/jb/usr/bin/true	0o755	
bin/uname	CREATE_SYMLINK	SYMLINK	/var/jb/usr/bin/uname	0o755	
bin/vdir	CREATE_SYMLINK	SYMLINK	/var/jb/usr/bin/vdir	0o755	
bin/zsh	CREATE_SYMLINK	SYMLINK	/var/jb/usr/bin/zsh	0o755	
boot	CREATE_DIRECTORY	DIRECTORY		0o755	
etc	CREATE_DIRECTORY	DIRECTORY		0o755	
etc/group	INSTALL_FILE	OTHER		0o644	
etc/master.passwd	INSTALL_FILE	OTHER		0o600	
etc/pam.d	CREATE_DIRECTORY	DIRECTORY		0o755	
etc/pam.d/sshd	INSTALL_FILE	OTHER		0o644	
etc/passwd	INSTALL_FILE	OTHER		0o644	
etc/ssh	CREATE_DIRECTORY	DIRECTORY		0o755	
etc/ssh/moduli	INSTALL_FILE	OTHER		0o644	
etc/ssh/ssh_config	INSTALL_FILE	OTHER		0o644	
etc/ssh/sshd_config	INSTALL_FILE	OTHER		0o644	
etc/ssl	CREATE_DIRECTORY	DIRECTORY		0o755	
etc/ssl/cert.pem	CREATE_SYMLINK	SYMLINK	certs/cacert.pem	0o755	
etc/ssl/certs	CREATE_DIRECTORY	DIRECTORY		0o755	
etc/ssl/certs/cacert.pem	INSTALL_FILE	OTHER		0o644	
lib	CREATE_DIRECTORY	DIRECTORY		0o755	
mnt	CREATE_DIRECTORY	DIRECTORY		0o755	
prep_bootstrap.sh	INSTALL_FILE	SCRIPT		0o755	
private	CREATE_DIRECTORY	DIRECTORY		0o755	
private/etc	CREATE_DIRECTORY	DIRECTORY		0o755	
private/etc/alternatives	CREATE_DIRECTORY	DIRECTORY		0o755	
private/etc/alternatives/README	INSTALL_FILE	OTHER		0o644	
private/etc/apt	CREATE_DIRECTORY	DIRECTORY		0o755	
private/etc/apt/apt.conf.d	CREATE_DIRECTORY	DIRECTORY		0o755	
private/etc/apt/auth.conf.d	CREATE_DIRECTORY	DIRECTORY		0o755	
private/etc/apt/preferences.d	CREATE_DIRECTORY	DIRECTORY		0o755	
private/etc/apt/preferences.d/procursus	INSTALL_FILE	OTHER		0o644	
private/etc/apt/sources.list.d	CREATE_DIRECTORY	DIRECTORY		0o755	
private/etc/apt/sources.list.d/procursus.sources	INSTALL_FILE	OTHER		0o644	
private/etc/apt/trusted.gpg.d	CREATE_DIRECTORY	DIRECTORY		0o755	
private/etc/apt/trusted.gpg.d/chariz.gpg	INSTALL_FILE	OTHER		0o644	
private/etc/apt/trusted.gpg.d/havoc.gpg	INSTALL_FILE	OTHER		0o644	
private/etc/apt/trusted.gpg.d/memo.gpg	INSTALL_FILE	OTHER		0o644	
private/etc/dpkg	CREATE_DIRECTORY	DIRECTORY		0o755	
private/etc/dpkg/dpkg.cfg.d	CREATE_DIRECTORY	DIRECTORY		0o755	
private/etc/dpkg/origins	CREATE_DIRECTORY	DIRECTORY		0o755	
private/etc/dpkg/origins/default	CREATE_SYMLINK	SYMLINK	procursus	0o755	
private/etc/dpkg/origins/procursus	INSTALL_FILE	PACKAGE_METADATA		0o644	
private/etc/localtime	CREATE_SYMLINK	SYMLINK	/var/db/timezone/localtime	0o755	
private/etc/pam.d	CREATE_DIRECTORY	DIRECTORY		0o755	
private/etc/pam.d/login	INSTALL_FILE	OTHER		0o644	
private/etc/pam.d/login.term	INSTALL_FILE	OTHER		0o644	
private/etc/pam.d/other	INSTALL_FILE	OTHER		0o644	
private/etc/pam.d/passwd	INSTALL_FILE	OTHER		0o644	
private/etc/pam.d/su	INSTALL_FILE	OTHER		0o644	
private/etc/pam.d/sudo	INSTALL_FILE	OTHER		0o644	
private/etc/pkcs11	CREATE_DIRECTORY	DIRECTORY		0o755	
private/etc/pkcs11/pkcs11.conf.example	INSTALL_FILE	OTHER		0o644	
private/etc/profile	INSTALL_FILE	OTHER		0o644	
private/etc/profile.d	CREATE_DIRECTORY	DIRECTORY		0o755	
private/etc/profile.d/cacerts.bootstrap.sh	INSTALL_FILE	SCRIPT		0o755	
private/etc/profile.d/coreutils.sh	INSTALL_FILE	SCRIPT		0o755	
private/etc/profile.d/terminal.sh	INSTALL_FILE	SCRIPT		0o755	
private/etc/resolv.conf	INSTALL_FILE	OTHER		0o644	
private/etc/ssl	CREATE_DIRECTORY	DIRECTORY		0o755	
private/etc/ssl/cert.pem	CREATE_SYMLINK	SYMLINK	certs/cacert.pem	0o755	
private/etc/ssl/certs	CREATE_DIRECTORY	DIRECTORY		0o755	
private/etc/ssl/certs/cacert.pem	INSTALL_FILE	OTHER		0o644	
private/etc/sudo.conf	INSTALL_FILE	OTHER		0o644	
private/etc/sudo_logsrvd.conf	INSTALL_FILE	OTHER		0o644	
private/etc/sudoers	INSTALL_FILE	OTHER		0o440	
private/etc/sudoers.d	CREATE_DIRECTORY	DIRECTORY		0o750	
private/etc/sudoers.d/procursus	INSTALL_FILE	OTHER		0o644	
private/etc/sudoers.dist	INSTALL_FILE	OTHER		0o440	
private/etc/zprofile	INSTALL_FILE	OTHER		0o644	
private/var	CREATE_DIRECTORY	DIRECTORY		0o755	
private/var/cache	CREATE_DIRECTORY	DIRECTORY		0o755	
private/var/cache/apt	CREATE_DIRECTORY	DIRECTORY		0o755	
private/var/cache/apt/archives	CREATE_DIRECTORY	DIRECTORY		0o755	
private/var/cache/apt/archives/partial	CREATE_DIRECTORY	DIRECTORY		0o755	
private/var/cache/locate	CREATE_DIRECTORY	DIRECTORY		0o755	
private/var/db	CREATE_DIRECTORY	DIRECTORY		0o755	
private/var/db/sudo	CREATE_DIRECTORY	DIRECTORY		0o711	
private/var/db/sudo/lectured	CREATE_DIRECTORY	DIRECTORY		0o700	
private/var/empty	CREATE_DIRECTORY	DIRECTORY		0o755	
private/var/lib	CREATE_DIRECTORY	DIRECTORY		0o755	
private/var/lib/apt	CREATE_DIRECTORY	DIRECTORY		0o755	
private/var/lib/apt/lists	CREATE_DIRECTORY	DIRECTORY		0o755	
private/var/lib/apt/lists/partial	CREATE_DIRECTORY	DIRECTORY		0o755	
private/var/lib/apt/mirrors	CREATE_DIRECTORY	DIRECTORY		0o755	
private/var/lib/apt/mirrors/partial	CREATE_DIRECTORY	DIRECTORY		0o755	
private/var/lib/apt/periodic	CREATE_DIRECTORY	DIRECTORY		0o755	
private/var/lib/dpkg	CREATE_SYMLINK	SYMLINK	/var/jb/Library/dpkg	0o755	
private/var/lib/ex	CREATE_DIRECTORY	DIRECTORY		0o755	
private/var/lib/nitotv	CREATE_DIRECTORY	DIRECTORY		0o755	
private/var/log	CREATE_DIRECTORY	DIRECTORY		0o755	
private/var/log/apt	CREATE_DIRECTORY	DIRECTORY		0o755	
private/var/log/dpkg	CREATE_DIRECTORY	DIRECTORY		0o755	
private/var/run	CREATE_DIRECTORY	DIRECTORY		0o755	
private/var/run/sudo	CREATE_DIRECTORY	DIRECTORY		0o711	
private/var/run/utmp	INSTALL_FILE	OTHER		0o644	
sbin	CREATE_DIRECTORY	DIRECTORY		0o755	
sbin/dmesg	INSTALL_FILE	MACHO		0o755	5f59f69f72791dfdac4a148b7875fdb3dd2dea368b2e743cd4325f89a0ac49d0
sbin/dynamic_pager	INSTALL_FILE	MACHO		0o755	d76a4703e8b7468a7f99ab60aa566f83c88f31de47bd75bf2ca0c024eb441622
sbin/halt	CREATE_SYMLINK	SYMLINK	/var/jb/sbin/reboot	0o755	
sbin/nologin	INSTALL_FILE	MACHO		0o755	bba8e655420621b40fc8ca30515a465eec57ae0880c5f0c61e069026d40ffdac
sbin/reboot	INSTALL_FILE	MACHO		0o755	7768375cebe2aef6f1e923b0635dd2fa50efc2f27b835f4ef2927e2e7c1906dd
sbin/shutdown	INSTALL_FILE	MACHO		0o755	d9a4ba3ef7330e6a1eff18a2a8a45f7d11a12993f5a63ac1cc4fedb78417a1d3
usr	CREATE_DIRECTORY	DIRECTORY		0o755	
usr/bin	CREATE_DIRECTORY	DIRECTORY		0o755	
usr/bin/[	INSTALL_FILE	MACHO		0o755	3511b0e9da7aec2148397cf4797e176ba7d523c4ee3e99113af5fb856d226dc1
usr/bin/apply	INSTALL_FILE	MACHO		0o755	f5284da85a770827aa8a08d21892e19738f108ecc4f2b364f0bc64a98dca4f26
usr/bin/apt	INSTALL_FILE	MACHO		0o755	aef0ae20f4bc94fb93763d974b974ce526e2092a542b3a99229b291d67bc7e61
usr/bin/apt-cache	INSTALL_FILE	MACHO		0o755	0e8f055add3290663304a45909d1163e8aca6d6b925305787c765c4c199f42a2
usr/bin/apt-cdrom	INSTALL_FILE	MACHO		0o755	572ebd7ee5073485f3785cf5f76b46a4ce6bb0d14189db395b2aba0178a019be
usr/bin/apt-config	INSTALL_FILE	MACHO		0o755	ae33b02d54e97642543d7f4020c4aebb7c56bb086872b8fc9e03f8599e697d44
usr/bin/apt-get	INSTALL_FILE	MACHO		0o755	2bcccbbac30eb3f9ec289a98d28fddfc12e6546b508c9628a06b2d43c3cd7870
usr/bin/apt-key	INSTALL_FILE	OTHER		0o755	
usr/bin/apt-mark	INSTALL_FILE	MACHO		0o755	9d0e0b03e15d5d46f025e9845df11a33c2d31067631806f6b39760b2a3ead850
usr/bin/arch	INSTALL_FILE	MACHO		0o755	9cfb8a0ef301fa7529ad7a5481cd75d4503126aa39cbcb3b718d2c181b0d8a9f
usr/bin/at	INSTALL_FILE	MACHO		0o755	3d7ab78898a4eb50561d3a677d4c2352434c9789c24434c40ff000cf058b28e5
usr/bin/b2sum	INSTALL_FILE	MACHO		0o755	7ebe215d44b3bf2972e258b05b9fb50f3170ac1a7cd1a2da2bb04adf34a100bc
usr/bin/base32	INSTALL_FILE	MACHO		0o755	1641988a4a76d69505e018bdbf3e8f5c3f80764ab27207708450def0b4914609
usr/bin/base64	INSTALL_FILE	MACHO		0o755	51e433c778b9ef8274f71f1a7bd5b8895391df10682edf0e626948331bb8821d
usr/bin/basename	INSTALL_FILE	MACHO		0o755	8818f17a4ea82b793faac8e01c7a5862b6381bcc6de6974cabc03259a140e2c1
usr/bin/basenc	INSTALL_FILE	MACHO		0o755	a09125fb358b1696ad5baba7df19acc3b636b9645921e0ec72a47bd57a64066a
usr/bin/bash	INSTALL_FILE	MACHO		0o755	38d3920803db43caf9517962389736dfdfd156f0c9c32747cfd039b846c4fcbf
usr/bin/bashbug	INSTALL_FILE	OTHER		0o555	
usr/bin/captoinfo	CREATE_SYMLINK	SYMLINK	tic	0o755	
usr/bin/cat	INSTALL_FILE	MACHO		0o755	78e3d19e617affc80fc8a45e2c84b6b57b98674e99a5ef9c2fdef50f11ab04fb
usr/bin/cfversion	CREATE_SYMLINK	SYMLINK	deviceinfo	0o755	
usr/bin/chcon	INSTALL_FILE	MACHO		0o755	09a21e8add04e4caf78efcf51638f4d465cbef6d8cb4a0eaaf6f6719c9f525a9
usr/bin/chflags	INSTALL_FILE	MACHO		0o755	af9a00dedfeec6a8255be22cee3f80cc96fe02d5adcf351f06b484363565ff18
usr/bin/chfn	CREATE_SYMLINK	SYMLINK	chpass	0o755	
usr/bin/chgrp	INSTALL_FILE	MACHO		0o755	8ea467f965f07fd072144bd4041e02b25fdad3982b914ee247d487a356987ef2
usr/bin/chmod	INSTALL_FILE	MACHO		0o755	986abf9d651970192689330c043e66a121209eb6fe39369b39bb2ca471ac7a41
usr/bin/chown	INSTALL_FILE	MACHO		0o755	3f4ba444a1b950eff5382896c3b3bdb69397701e37ad947d4420c61b8cb7ca81
usr/bin/chpass	INSTALL_FILE	MACHO		0o4755	c81b5e991370dd8a21e95c6df38b9f53b28873e14156f68ddcd91a5f7653c104
usr/bin/chroot	INSTALL_FILE	MACHO		0o755	6a163c499241507b203d2b0e9decb2e1777b415cc45be03542fd23f615214ba7
usr/bin/chsh	CREATE_SYMLINK	SYMLINK	chpass	0o755	
usr/bin/cksum	INSTALL_FILE	MACHO		0o755	b719530d25c45b666651ddeae18c53b1c10b624472b27816d8b188c9061e7989
usr/bin/clear	INSTALL_FILE	MACHO		0o755	fcc7495f7dd8b1a4edfa98d0c35b5d42825eb4a629e70bdb13016a3b09735bc0
usr/bin/cmp	INSTALL_FILE	MACHO		0o755	90dd3a2f3e6c3b4e2fc478e15ed9a8ad9bed9e4e369dcfdb0c6eec5491a802b3
usr/bin/comm	INSTALL_FILE	MACHO		0o755	fa78fe55cf33cf2b35c206242326fd3e6dd74e0cf6fe7b15e7a854627de59e6c
usr/bin/compress	INSTALL_FILE	MACHO		0o755	8cb3baf3cebb7d3aeb5f5f9e76e8375d7fa078505075ede99f0a844480389368
usr/bin/cp	INSTALL_FILE	MACHO		0o755	3988b32c63ab9e2edc7f5734d80ff3bfb5709f993d762546331fb4dfb6302f5e
usr/bin/cpuctl	INSTALL_FILE	MACHO		0o755	ea035a54334de91ad0058e42f9dd234d4424baf08594a63beb4833afbb2b81f2
usr/bin/csplit	INSTALL_FILE	MACHO		0o755	5d57a5c9e4f570acc6748a3f4ca5448482335c19909b718d505fce420dcae45d
usr/bin/cut	INSTALL_FILE	MACHO		0o755	a479bff60eca5f03bbb83f6cc20edfd44e34e78415f64d4d71cb4f6edde6edae
usr/bin/cvtsudoers	INSTALL_FILE	MACHO		0o755	03e566ac1c576bc416a9e3811d43ec0585f6971c6ea08bdd1e3f7064e9b7bcc9
usr/bin/dash	INSTALL_FILE	MACHO		0o755	06cc5061253f6bdf8be35001cbab1335ab251443b616b91a216386d38d802c80
usr/bin/date	INSTALL_FILE	MACHO		0o755	3f040fd9e45b3687417097d3ddfec39c75d99ede8d0e31dd997efad636857233
usr/bin/dd	INSTALL_FILE	MACHO		0o755	d3073d126bcbfe677b9d92062069900e99090ae61415fd97ee90a6d362fb1f0c
usr/bin/deviceinfo	INSTALL_FILE	MACHO		0o755	006a1d07a0cf1fc78df77a64ef96c059978f29fd4f8d076562dec65d50b091a3
usr/bin/diff	INSTALL_FILE	MACHO		0o755	255d5ddbb55219411b3b42b766b66092d329a75b8b6cbca419ac1efdfc569ffe
usr/bin/diff3	INSTALL_FILE	MACHO		0o755	32242fc6be8fb70e3ff7039889039cb8b917d066880aa7edd08a7e83a3a35c4a
usr/bin/dir	INSTALL_FILE	MACHO		0o755	9e096f2a14f23d14980fad4361054b7a89767bbab3ec93afc22123dabfa91af8
usr/bin/dircolors	INSTALL_FILE	MACHO		0o755	cdfa309012788a9be1a5c6bad9551f562867c9f0195a2e699378f20f60ea6b97
usr/bin/dirname	INSTALL_FILE	MACHO		0o755	a2fe0f3f8e2ceb59bedd49fe17b15d1ebf63d920e87dc5afad018e1dc6c32412
usr/bin/dpkg	INSTALL_FILE	MACHO		0o755	f39187bd814a128262f05affcbe6218b8ca2f2db7b3639d78c27d37ac97b82b4
usr/bin/dpkg-deb	INSTALL_FILE	MACHO		0o755	afdd8abd4feca0b102ded2a1da35b0d0768752adaca0745470b301a6ebcf4c03
usr/bin/dpkg-divert	INSTALL_FILE	MACHO		0o755	6b6ad2a0caff7acb8e52a3735d20ff157761dc6940f295674d6293aa8fd05a1a
usr/bin/dpkg-maintscript-helper	INSTALL_FILE	PACKAGE_METADATA		0o755	
usr/bin/dpkg-query	INSTALL_FILE	MACHO		0o755	5276bcb11906ca861766597b08c53eab38c50e657553df71b1e85df7ffa4eb99
usr/bin/dpkg-realpath	INSTALL_FILE	PACKAGE_METADATA		0o755	
usr/bin/dpkg-split	INSTALL_FILE	MACHO		0o755	1a627cdd652222cea275e04ac41f535babda62d687e091244591024c5ed5b909
usr/bin/dpkg-statoverride	INSTALL_FILE	MACHO		0o755	9de898f584bae77a3d454b13f4df40e7b84d2c0fdce36f76331e87755b1e0f7c
usr/bin/dpkg-trigger	INSTALL_FILE	MACHO		0o755	17a046daadfa18126d2ec53d83372795b5a03cabbbed3e5d91b042bb0f2b3992
usr/bin/du	INSTALL_FILE	MACHO		0o755	639c728b1073cac5851dac544556b5a0b34a324138e545a4c9cb1834a5023aab
usr/bin/echo	INSTALL_FILE	MACHO		0o755	38a86cec1f4c9b80f04fe90cda7dd7e8a59286f0afe4e3cd9a34744b8e644e92
usr/bin/ecidecid	CREATE_SYMLINK	SYMLINK	deviceinfo	0o755	
usr/bin/egrep	INSTALL_FILE	OTHER		0o755	
usr/bin/env	INSTALL_FILE	MACHO		0o755	0e54efa72bc1d9821e770b02a76d2b1b15b44abe2c8d4a29d52471b46d0b40eb
usr/bin/ex-vi	INSTALL_FILE	MACHO		0o755	023be69397a245b98b2bda172f492d3d810c328dd6addd49a2bde61b04ee9516
usr/bin/expand	INSTALL_FILE	MACHO		0o755	70b3e420c9c73a56f33ef5c53c424b375876a8701d2e107153faef4f36e356f2
usr/bin/expr	INSTALL_FILE	MACHO		0o755	21d73ed775dd133d40e677297c7e8888f3904f1886b4d87d9cb69d25ab093f0f
usr/bin/factor	INSTALL_FILE	MACHO		0o755	54d745e1c1621e8a7da28d733d1ad474d730b787c817e21eb970a61091363e9b
usr/bin/false	INSTALL_FILE	MACHO		0o755	977a00185a5928b0f5a80cdd34bf6b01f4f9131244760fb9fd45becaa76cec91
usr/bin/fgrep	INSTALL_FILE	OTHER		0o755	
usr/bin/find	INSTALL_FILE	MACHO		0o755	6430d883346ba09ae3967225cb6c221cb387351a9d41669e2113d3f1421bb8df
usr/bin/fmt	INSTALL_FILE	MACHO		0o755	42a2f41df63df89a349a6f2fb7eac4e0ef4c022d6d36c80654497df4ec59f1c1
usr/bin/fold	INSTALL_FILE	MACHO		0o755	2601623a3da770768e704b56070edb333abfdfdcca98c4e68e1d3ac82c9799cf
usr/bin/fs_usage	INSTALL_FILE	MACHO		0o755	3041b4c9d05ebcc1beb8a69dd9ca045b571210fc8bf890d726d1451b91ecf150
usr/bin/getconf	INSTALL_FILE	MACHO		0o755	c7bc73b07985345c2f6416409dd441afb86cb214b7d0f36a54d6506e87b80186
usr/bin/getent	INSTALL_FILE	MACHO		0o755	bc64cfe6a585a315f2705f71a73a210d163419eb2568eadc2d517f8df98d34aa
usr/bin/getopt	INSTALL_FILE	MACHO		0o755	6caf9235e433ebd8cab7f0a98fa031a1b87c9ce83f1e6313521f7fbce3bc5490
usr/bin/gpgv	INSTALL_FILE	MACHO		0o755	6296e0de08417fba7d8390c066c916ac46b5153d31a68923925edf269695463e
usr/bin/grep	INSTALL_FILE	MACHO		0o755	b0131e2f2a78eeaf4453b972342c7011bce267a9f4d2c6cf17e2fff910b4443f
usr/bin/groups	INSTALL_FILE	MACHO		0o755	04a00785aa10e1015556f8b49865ef5c20b84a354927589b0ec5603e8d39cbd0
usr/bin/gssc	CREATE_SYMLINK	SYMLINK	mgask	0o755	
usr/bin/head	INSTALL_FILE	MACHO		0o755	4cb8db99e396e341c495cbab4c5da9d34aa2ca141022465de1773c75a2f18c53
usr/bin/hexdump	INSTALL_FILE	MACHO		0o755	6194b8d3b438e09770eed23ea9435670bd54a81f0da9e254ffc71e93341f96fb
usr/bin/hostid	INSTALL_FILE	MACHO		0o755	c86cdd1418b5edb3a047d129d82bcc25d88b3d4d23a6775c66bb0c44e51603bf
usr/bin/hostinfo	INSTALL_FILE	MACHO		0o755	f40d5eb33796353e338a1c9d83f3200e7f8e85a967e2d7bff76f897cfbb42141
usr/bin/id	INSTALL_FILE	MACHO		0o755	f66b1ec0f69a3c42eeeb169d9f1f735f7ac8e06e352ed93a9022da7bc413df22
usr/bin/infocmp	INSTALL_FILE	MACHO		0o755	bc87cce96f718accfff1391737ac942d465f0f75b9088a295d32730001e92220
usr/bin/infotocap	CREATE_SYMLINK	SYMLINK	tic	0o755	
usr/bin/install	INSTALL_FILE	MACHO		0o755	3e7943dfee930dacb89e5dcef6df6db736af877c255300bbff70094765b4a5ab
usr/bin/ipcrm	INSTALL_FILE	MACHO		0o755	90e982e2231d3cb329604d875d2523ba081073ff980011b6603649dd1ef62f43
usr/bin/ipcs	INSTALL_FILE	MACHO		0o755	2913449a731382b0c9465357c09683069abcb45422e31960a5594bc0e96f5135
usr/bin/join	INSTALL_FILE	MACHO		0o755	10d0705e72a325917bc5e750f57eac19f7650bba305dbb62b8e9a6875faecf08
usr/bin/jot	INSTALL_FILE	MACHO		0o755	70089ea9cb3c2355fe3a5b2e9df25bc28246011db2065031c30f5468a7c7c477
usr/bin/kill	INSTALL_FILE	MACHO		0o755	31defd33bedb0b4a6ab7a279c7b667fdddc8359dc8209e42b8c338beb8162af1
usr/bin/killall	INSTALL_FILE	MACHO		0o755	cb5a6df9ecaa42ee84b59211956d4801d370bc36193ab18d06dbb80732154cab
usr/bin/lastcomm	INSTALL_FILE	MACHO		0o755	b5881f3f2aa1a06265dd715d2a41968518244cf667be2a0aa5dc63b2a4bdf4d4
usr/bin/latency	INSTALL_FILE	MACHO		0o755	11e00d2530a76a89c08a896c04c3e0ee49df30585a601f6fad4e7d7b4476ec09
usr/bin/launchctl	INSTALL_FILE	MACHO		0o755	1b479e0d0438a36742896b5b31e9ceacd3fb5de0faf9f9145dfa58f71b449599
usr/bin/ldrestart	INSTALL_FILE	MACHO		0o755	05a3bb91ac91d867fadb95d41ace8a6ffcf27e69cf91324722dd4dbc68e5c1d0
usr/bin/link	INSTALL_FILE	MACHO		0o755	a8d95eaf176f04b45e25f7e4b86940144005a8c2428b5dc4244ff01d05d95a06
usr/bin/ln	INSTALL_FILE	MACHO		0o755	815da45ed20223ed241dc50b68a9008c7ebf7e15a5113202fb98c525011dbe78
usr/bin/locate	INSTALL_FILE	MACHO		0o755	f27ceec7aa185bf6621c177d5130441cf4be9cb01fad15542448b08e48bb6b20
usr/bin/login	INSTALL_FILE	MACHO		0o4755	25fdac78f185339a27025f018093cb61d9da20e772d8207ad40187c750713e60
usr/bin/logname	INSTALL_FILE	MACHO		0o755	aa350e70a3f2823796431e0489016fc29dda10dafdaf2568370f986bcf99f901
usr/bin/ls	INSTALL_FILE	MACHO		0o755	416ff76011777f0bffdbcecc25b03a7cbead49a25c68fc1b61c428b43d0a2a63
usr/bin/lskq	INSTALL_FILE	MACHO		0o755	69375b76ff511c7b2d1530662e9db84c5704983789e35db7365f2ab32cb3f612
usr/bin/lsmp	INSTALL_FILE	MACHO		0o755	5cb5e9e595f60ff5b1319eb54cf5d72da7f4968d553dadb5d75a03ed51eda8cf
usr/bin/machine	CREATE_SYMLINK	SYMLINK	arch	0o755	
usr/bin/md5sum	INSTALL_FILE	MACHO		0o755	1af1367cf78af80aa37797b0e50ad486ed2c2f8633524c0b55d5692366b05ec1
usr/bin/memory_pressure	INSTALL_FILE	MACHO		0o755	31c9b3f1c585b589cc62497ac8a038cd241835f88886b6ebd4a98c553a65cb12
usr/bin/mgask	INSTALL_FILE	MACHO		0o755	e5969d99acb48f2275786d6bb79fb6a7397f471bd169313ef3832f21db4fcf79
usr/bin/mkdir	INSTALL_FILE	MACHO		0o755	6d7365fd4354333b4f900e7c628674510253a6cc0e1b6d5e9677f4ef8b5fcbfc
usr/bin/mkfifo	INSTALL_FILE	MACHO		0o755	36c654617e2e1d53b050be3b7e77b25369698ef6c76bfce0cc8ca7df39f7a856
usr/bin/mknod	INSTALL_FILE	MACHO		0o755	9852a81025579768d25e36c53214991ac6c4290d865012918fbf83e6dc33af62
usr/bin/mktemp	INSTALL_FILE	MACHO		0o755	e6d829d870176e797341a0a12a3f4db77db7b06cec3dc081fba00f8f8c966c74
usr/bin/mv	INSTALL_FILE	MACHO		0o755	ad4852f6fd03ba24014ece50e8091cd720decd3719d025602a9ed748146d968c
usr/bin/newgrp	INSTALL_FILE	MACHO		0o4755	aa6a1f689962bc840c529bcc202402000328177eef2176515eb7ce28415fe251
usr/bin/nice	INSTALL_FILE	MACHO		0o755	438b12e520f28c83efdb9ecda77f5637733b3a97a6a672fdf29bda9f17fdff87
usr/bin/nl	INSTALL_FILE	MACHO		0o755	97a8eccdef7979acd58022404f41891e59669c166827dbf4561fb9ed9d57a27a
usr/bin/nohup	INSTALL_FILE	MACHO		0o755	812b66795337bdd6495cc619e1c0d638752190f4437f7b26fbad2ab94f231275
usr/bin/nproc	INSTALL_FILE	MACHO		0o755	517396c772768597d087dbed08c49275fcaaf7b0ba5297352fd48fdd6b32712c
usr/bin/numfmt	INSTALL_FILE	MACHO		0o755	435326c341a0d68a9fff4ef48e701e2bb144f3c8fd9c0f2eaf7b3a3584dc068a
usr/bin/od	INSTALL_FILE	MACHO		0o755	b0bdf256354d9e3b61793cb7d1141b2cf243d40f9ff754841883e8a9f086b1a4
usr/bin/pagesize	INSTALL_FILE	OTHER		0o755	
usr/bin/passwd	INSTALL_FILE	MACHO		0o4755	26138cdc4ab9d04c5db11d05ba7c22f1eeaab828456e5b0001136a9b569b0825
usr/bin/paste	INSTALL_FILE	MACHO		0o755	5a1acb8691bc293f5dfcb62f8d12f8f7b262b3e14f609b9ab04bee3e4067fc24
usr/bin/pathchk	INSTALL_FILE	MACHO		0o755	2edf4c0292e8a49fbb454410c8a4f6a3ae288d0de73d601eaade7e13069bf2ca
usr/bin/pax	INSTALL_FILE	MACHO		0o755	cf1b4961ace055ed4acde8cb1eaffe4d817865efcee6c06414a06afdced2631e
usr/bin/pinky	INSTALL_FILE	MACHO		0o755	e9f3a43c30a31b0cc2093f6364f4aafe9783999b88a0d2944f7868752d3660c7
usr/bin/pr	INSTALL_FILE	MACHO		0o755	eb9ebe31e83d2f22e82e5477d5f8463ea1f17eec5492a6413422f40f206dce7b
usr/bin/printenv	INSTALL_FILE	MACHO		0o755	29eeceb2790e19ebdd39f196e9d2df8031215469061de56371b8b719fe89fb29
usr/bin/printf	INSTALL_FILE	MACHO		0o755	ea74f3e2ebfb1a8f8205e356a1d2cadeb1971e35f39e6e2a1cb3c984a71504f9
usr/bin/ptx	INSTALL_FILE	MACHO		0o755	7d8b9ac5b8004ecc9efdef88f320b6df97f9554efae6f3051b49aa54fd5e6c99
usr/bin/purge	INSTALL_FILE	MACHO		0o755	26decc107ed518856ffac55e3f8867b22c0673ff7643396747f1d2fabdfcdd62
usr/bin/pwd	INSTALL_FILE	MACHO		0o755	fe318425142d5883d3cfa059124871c4632c1f05ea472e0548b5cf9f0c298548
usr/bin/quota	INSTALL_FILE	MACHO		0o4755	4f097c4cd4b5a76d59fc6968c458fcb6e23609035b664f048b5e7014c78ed649
usr/bin/readlink	INSTALL_FILE	MACHO		0o755	11c1a9f7b3ac912a845501e9b7f256f568540371920fe1bf6e06dd4c42535458
usr/bin/realpath	INSTALL_FILE	MACHO		0o755	39c29c900a58f65885155cfc4f7157fccef3d1ae050e3d02de33cad2d2b21177
usr/bin/renice	INSTALL_FILE	MACHO		0o755	ae9fd4b5f04ba40fb633a8d538aa928cd646a3fb00c644ec2998725368168d91
usr/bin/reset	CREATE_SYMLINK	SYMLINK	tset	0o755	
usr/bin/rm	INSTALL_FILE	MACHO		0o755	2e2d2f533dcd2287022efafc62142a44c742b587bbff2ee101f7509cdc4009fe
usr/bin/rmdir	INSTALL_FILE	MACHO		0o755	9619669cbbd5901cfd6207f1a923b0837a512882587f27caa166b01e4cdcd7c7
usr/bin/run-parts	INSTALL_FILE	MACHO		0o755	fe8568a5dddfeff465ff96314ec06f39c12f7382b73c2d0444408ee45f6cb0ad
usr/bin/runcon	INSTALL_FILE	MACHO		0o755	ff811132f67afb51a31ea220d0dc4d77e6a4821fdac2cc95cd472b1fd53d33ac
usr/bin/savelog	INSTALL_FILE	OTHER		0o755	
usr/bin/sbreload	INSTALL_FILE	MACHO		0o755	270d4540390ed259dd47a21cc6fdab2a84955cc8d44a4a16a6eb27ac4252beb1
usr/bin/sc_usage	INSTALL_FILE	MACHO		0o755	338d00a1231dd9c8fced7514156e17b9162238d53a2ec71fc39f09dc78438b62
usr/bin/scp	INSTALL_FILE	MACHO		0o755	03b6fd2fa2a4050add1804adc0c3be7a497fab763814a87a72afa7e2aebf5b00
usr/bin/script	INSTALL_FILE	MACHO		0o755	2d04f696c5967b07fdc7b74f78622f8911995458098db4a1e87949782585760a
usr/bin/sdiff	INSTALL_FILE	MACHO		0o755	b9f5246a84a111d36c2705df395dc5091ec75c7cdc6961a4f18ca590c5b7adf3
usr/bin/sed	INSTALL_FILE	MACHO		0o755	14fb85a318f3b7a7d035fdb66caa94f18f6240c5cd7373ae9c5dfc72f821827b
usr/bin/seq	INSTALL_FILE	MACHO		0o755	2803f0a1e40482d10b358d03c520c0ea039356c9f1e32350a93d75dd11c3741f
usr/bin/sftp	INSTALL_FILE	MACHO		0o755	4377186f20a3ce1dd8e66e310f40d21ed25cedfa1cc5b60af761019fc8557bca
usr/bin/sh	CREATE_SYMLINK	SYMLINK	/var/jb/usr/bin/dash	0o755	
usr/bin/sha1sum	INSTALL_FILE	MACHO		0o755	87fa9b39692f65e8c85b3410099e92ff25d457e24e840b70c3b27555d9796d4a
usr/bin/sha224sum	INSTALL_FILE	MACHO		0o755	f9def85c32cf6427cfab2407c65fdf61a8ab1e65e2feecdb222ed4a9ed75b992
usr/bin/sha256sum	INSTALL_FILE	MACHO		0o755	c642d92b18d9f114cfc0ced48a760043d4c33d575da723fe8f299a0e08870a1f
usr/bin/sha384sum	INSTALL_FILE	MACHO		0o755	48353b52a843c15f29806cad096415c0cfd847a1f7fa0742f7289eae4f3ca1bc
usr/bin/sha512sum	INSTALL_FILE	MACHO		0o755	6bf41fb78a9a59b057fea603947a71fe3495eaf8d610652799b634fa42b47e8d
usr/bin/shar	INSTALL_FILE	OTHER		0o755	
usr/bin/shlock	INSTALL_FILE	MACHO		0o755	a618ef06a06019c2b2ef01cca41fc6dfde72188df73433be9664095ad4fadae0
usr/bin/shred	INSTALL_FILE	MACHO		0o755	1d7912907e5717b5fe4635911298e8f267d21166c88daa85aaf33648d8dd29eb
usr/bin/shuf	INSTALL_FILE	MACHO		0o755	aee26bf9fca82e05754eb23544cec82b47eae5372a36448d68a0420d57637ed7
usr/bin/sleep	INSTALL_FILE	MACHO		0o755	39c1e6a2a7d1358b57ac081cfbc52e2c2881e5a0a4c523f5bc0eced1901a274d
usr/bin/snaputil	INSTALL_FILE	MACHO		0o755	57803cf3ed4ee78a2aba9772a5a05fc4d3f3864d013d8b6d737627d726d05826
usr/bin/sort	INSTALL_FILE	MACHO		0o755	31462c6361468dc8b3a81905f5727fc7a0e403d282aefbdceea4942e13848d50
usr/bin/split	INSTALL_FILE	MACHO		0o755	24aca8da2c4eaef85edd72fe0fb6ba11ed913d36a14b479cbcab910c921111f2
usr/bin/ssh	INSTALL_FILE	MACHO		0o755	55ecd02de898537e7acc1d1f2b50bb66f27a4c0364467e2c2c47c8f84136c666
usr/bin/ssh-add	INSTALL_FILE	MACHO		0o755	9e21fafa48da4bd58eb5103d542604dd80dcdb0db5d5f06b4ae1dd3514e14363
usr/bin/ssh-agent	INSTALL_FILE	MACHO		0o755	33c3d1ddcaf05fa2bb36799bca7e672d5c7c91fe7991e9976a08fe46f324bd89
usr/bin/ssh-copy-id	INSTALL_FILE	OTHER		0o755	
usr/bin/ssh-keygen	INSTALL_FILE	MACHO		0o755	42c1a77e13caff9330bd91c0b505b176c6ab57670730df64116ff9c73c11c021
usr/bin/ssh-keyscan	INSTALL_FILE	MACHO		0o755	120b151fbbe3f22601a4c2f41b163ed0bc927a0202749356dd8daf9aa6712137
usr/bin/stackshot	INSTALL_FILE	MACHO		0o755	9365a5f33793a9f8dfaeed86f7ee3843531edb77bed692a5f0ad43754df42064
usr/bin/stat	INSTALL_FILE	MACHO		0o755	78035e0c45d74ad28973a648b5a7043ff31136a2a88906032b4bcd4b3220a68a
usr/bin/stdbuf	INSTALL_FILE	MACHO		0o755	79f33eff529872c043c294a45f8bdfcc7a06f1fce58b27883d97b9f1a9c50e3c
usr/bin/stty	INSTALL_FILE	MACHO		0o755	9c2f81c577aaa2be32d2b7e36b607e5869f906579d518ac3bb6f9f8fc4f5c6a4
usr/bin/su	INSTALL_FILE	MACHO		0o4755	cefd16efbd581c71c7b1a1109f25f78074a9582cb1acb3601dccd363521065f9
usr/bin/sudo	INSTALL_FILE	MACHO		0o4755	1fcb2522a788044debb29d632631f56d96136b58e9169795899cf15138dac9a1
usr/bin/sudoedit	CREATE_SYMLINK	SYMLINK	sudo	0o755	
usr/bin/sudoreplay	INSTALL_FILE	MACHO		0o755	e698b6f7819cd6ba733b6c5361cd1b5821b25491707c56274b9aeca27a0c62f5
usr/bin/sum	INSTALL_FILE	MACHO		0o755	fe880c3528c83ab478f043f2ea27c0d7d285ac7000c79cf27ac78e5b244cc28f
usr/bin/sw_vers	INSTALL_FILE	MACHO		0o755	d31f87f2fae689a0093c17d5b14822eaef004ab34fb41720bf08d50c8d3d4a4a
usr/bin/sync	INSTALL_FILE	MACHO		0o755	83f3431f08a33805f525f2518dc210932f02c4db4a64afa51dc2840d4d9abed7
usr/bin/systime	INSTALL_FILE	MACHO		0o755	45f344eb29beeb24496b3d3f0d825f1b2a0b3588764806430a68b490a17773ce
usr/bin/tac	INSTALL_FILE	MACHO		0o755	12507edb6134d4aa1e990d8dac565461758373567d3f45564be596febbde61fc
usr/bin/tail	INSTALL_FILE	MACHO		0o755	d6df66911ae3bb3e4ffbad0761edd53d55f2d4e53f8286a56901605d0d1fd7de
usr/bin/tar	INSTALL_FILE	MACHO		0o755	6db056391590536f5eea43336299aa1f2a09ca3888340f2d729596c8adb764c7
usr/bin/tee	INSTALL_FILE	MACHO		0o755	1a7ac750c5f6b2fa6ccc21cbe34ba086cc1a96a85c8626aee26075c24c0765d9
usr/bin/tempfile	INSTALL_FILE	MACHO		0o755	2142bb344dedfdc8dc94844914a10fa47595696cf38416edf502df856ab97ddd
usr/bin/test	INSTALL_FILE	MACHO		0o755	9dd41ce983ea2606f8e8a8b4f70399a0f1d6e4cf3cd7d536dd04fd0c71c1ee20
usr/bin/tic	INSTALL_FILE	MACHO		0o755	dd90492b1196f018151cc2358701cef7fb782c743bc070c3a1f93117a9c229ba
usr/bin/time	INSTALL_FILE	MACHO		0o755	284ef93cd02cb7af31eacf1e6cb440b7eb5e6caadfc16ba6e974af1d4b370826
usr/bin/timeout	INSTALL_FILE	MACHO		0o755	89374c781beaa1982292da78654a04f38d2b41a886033f2cb616d807d3955a39
usr/bin/toe	INSTALL_FILE	MACHO		0o755	758d7478047dd9e552c0a094ff0f78002a73a18af33e3e13c90587c4f9f7142d
usr/bin/touch	INSTALL_FILE	MACHO		0o755	aec017f4186bb919bbb6dada6bb23f63364f339e53785bbf759ff16f789da9d7
usr/bin/tput	INSTALL_FILE	MACHO		0o755	f314e782c7d36ce0bf70169c1f9265d21e7d51d490fc49e24d87533658f752fa
usr/bin/tr	INSTALL_FILE	MACHO		0o755	d0ca7f9f3cb940665d7522c9afb26d94784b088e8d0372f93569956130828dc4
usr/bin/true	INSTALL_FILE	MACHO		0o755	17757bc17de3b0a0e773dd326113c378143f1e31204fa233c48d9ead7e58cbcc
usr/bin/truncate	INSTALL_FILE	MACHO		0o755	58f559189f3b3cd55fffceb1f3f0e97970060890a8a716828e3bb6450cff1041
usr/bin/tset	INSTALL_FILE	MACHO		0o755	b9dcbaa140a33e2e901a646540b732b514b5d6283a4e8f742cb77dd5bc9d80ac
usr/bin/tsort	INSTALL_FILE	MACHO		0o755	8cd92b89cbeccbcbd365477b997380927b0eca6f2b9fd4882d378c373f7fbc05
usr/bin/tty	INSTALL_FILE	MACHO		0o755	a10e665be9599efd6c7f0e846afeba00981d42b6b3dcbd951a6b58957b65a82c
usr/bin/uialert	INSTALL_FILE	MACHO		0o755	aa065e669ca866bf619fd88709fcadd06059af58345202bb1ca2a71b91ce743c
usr/bin/uicache	INSTALL_FILE	MACHO		0o755	4b12295dc788ba8cf334972b3b2b29b1d5387a0eb9eb163aea90eedb510423a1
usr/bin/uiduid	CREATE_SYMLINK	SYMLINK	deviceinfo	0o755	
usr/bin/uiopen	INSTALL_FILE	MACHO		0o755	5c1d7593d67f8cd0ff0cd5f50c442d0bf56af3c9e6b322e467bfb7000db23ec0
usr/bin/uname	INSTALL_FILE	MACHO		0o755	48a230b489e02f2dca38eb79d1e9d1af4565410b05977384f13ee37dceb1f7d6
usr/bin/unexpand	INSTALL_FILE	MACHO		0o755	62a6117fb09eb54de06c3fd2fc74fa52a723134f976da4a46a2fe569a1bc7b28
usr/bin/uniq	INSTALL_FILE	MACHO		0o755	c1c49b09f74cae242b00389589e9ef1b693520e23097a7237c31c6aa8d2ce132
usr/bin/unlink	INSTALL_FILE	MACHO		0o755	8043116e52712e19f37f16757d8873b5836adff9b0d8b0a289934207e3c9ebb9
usr/bin/update-alternatives	INSTALL_FILE	MACHO		0o755	a8c23f36689758b5051f236bc5458c2adba1871f51e31b83c2df1c7f03da35f0
usr/bin/updatedb	INSTALL_FILE	OTHER		0o755	
usr/bin/uptime	INSTALL_FILE	MACHO		0o755	3b36e0ca12eb7374380077cbec7e92b43b08382955f648fec8bf67ff0d6e21ce
usr/bin/users	INSTALL_FILE	MACHO		0o755	90b92f09badc47df47a0bbc7db708d4fc7cc9da7fed74948e0b349aa18652e08
usr/bin/vdir	INSTALL_FILE	MACHO		0o755	564c8ccdf6944a76aaea6198c073beb977524a35d8d17774f6954aa52957314c
usr/bin/w	INSTALL_FILE	MACHO		0o755	232f575855693c80751033328d2751e09bc7124b77176b619d1dae7dde09780b
usr/bin/wait4path	INSTALL_FILE	MACHO		0o755	d006e6f9228b3ea97b58975bf982295ad790db3c80bc741831f2de0cdaa5c705
usr/bin/wc	INSTALL_FILE	MACHO		0o755	57ac0f1b87b2f13dbc4080df00d93d6b4dcf87701cdcbbda8e3c6dc51e13f8a0
usr/bin/what	INSTALL_FILE	MACHO		0o755	390395b2fa671be1c74bd535fb645da4ce8c2113ff6aa5b2a98b113cd3bba025
usr/bin/whereis	INSTALL_FILE	MACHO		0o755	b37d7ca5a8cfc53c51c42521eac842288ee5fc980510da68f696615810338477
usr/bin/which	INSTALL_FILE	MACHO		0o755	b12521f0146040c28814875ed34c97446e4ca4ea129804e1096db0931272df2f
usr/bin/which.debianutils	INSTALL_FILE	OTHER		0o755	
usr/bin/who	INSTALL_FILE	MACHO		0o755	ff9dd763b249f1ea437b557eecdd587ea3562fa55299e7df4b8724cf75602a49
usr/bin/whoami	INSTALL_FILE	MACHO		0o755	fb77045d6c4c52ea184c5aa9d309eb1d2bfd3f852caf2c67b8eb45e9d4b8983e
usr/bin/xargs	INSTALL_FILE	MACHO		0o755	383c0e2e1ef9e23b3f509edb180f7dc05f05bf2b3ecb62c0eded1d0ca7693741
usr/bin/xattr	INSTALL_FILE	MACHO		0o755	cf98cf76909bd04860c4cfed85a22497fbfb3cb21b024d3a620a6458a59ad54b
usr/bin/yes	INSTALL_FILE	MACHO		0o755	3cc39153b6c4df7aac5c17c9add03514dfe9e7243fbdc61ea76945f0b7a300ff
usr/bin/zsh	INSTALL_FILE	MACHO		0o755	d6d24a10771692639f4d5f50bf3bf8fc18c3f29f3501c620b09650af06c6f928
usr/include	CREATE_DIRECTORY	DIRECTORY		0o755	
usr/include/bash	CREATE_DIRECTORY	DIRECTORY		0o755	
usr/include/bash/alias.h	INSTALL_FILE	OTHER		0o644	
usr/include/bash/array.h	INSTALL_FILE	OTHER		0o644	
usr/include/bash/arrayfunc.h	INSTALL_FILE	OTHER		0o644	
usr/include/bash/assoc.h	INSTALL_FILE	OTHER		0o644	
usr/include/bash/bashansi.h	INSTALL_FILE	OTHER		0o644	
usr/include/bash/bashintl.h	INSTALL_FILE	OTHER		0o644	
usr/include/bash/bashjmp.h	INSTALL_FILE	OTHER		0o644	
usr/include/bash/bashtypes.h	INSTALL_FILE	OTHER		0o644	
usr/include/bash/builtins	CREATE_DIRECTORY	DIRECTORY		0o755	
usr/include/bash/builtins.h	INSTALL_FILE	OTHER		0o644	
usr/include/bash/builtins/bashgetopt.h	INSTALL_FILE	OTHER		0o644	
usr/include/bash/builtins/builtext.h	INSTALL_FILE	OTHER		0o644	
usr/include/bash/builtins/common.h	INSTALL_FILE	OTHER		0o644	
usr/include/bash/builtins/getopt.h	INSTALL_FILE	OTHER		0o644	
usr/include/bash/command.h	INSTALL_FILE	OTHER		0o644	
usr/include/bash/config-bot.h	INSTALL_FILE	OTHER		0o644	
usr/include/bash/config-top.h	INSTALL_FILE	OTHER		0o644	
usr/include/bash/config.h	INSTALL_FILE	OTHER		0o644	
usr/include/bash/conftypes.h	INSTALL_FILE	OTHER		0o644	
usr/include/bash/dispose_cmd.h	INSTALL_FILE	OTHER		0o644	
usr/include/bash/error.h	INSTALL_FILE	OTHER		0o644	
usr/include/bash/execute_cmd.h	INSTALL_FILE	OTHER		0o644	
usr/include/bash/externs.h	INSTALL_FILE	OTHER		0o644	
usr/include/bash/general.h	INSTALL_FILE	OTHER		0o644	
usr/include/bash/hashlib.h	INSTALL_FILE	OTHER		0o644	
usr/include/bash/include	CREATE_DIRECTORY	DIRECTORY		0o755	
usr/include/bash/include/ansi_stdlib.h	INSTALL_FILE	OTHER		0o644	
usr/include/bash/include/chartypes.h	INSTALL_FILE	OTHER		0o644	
usr/include/bash/include/filecntl.h	INSTALL_FILE	OTHER		0o644	
usr/include/bash/include/gettext.h	INSTALL_FILE	OTHER		0o644	
usr/include/bash/include/maxpath.h	INSTALL_FILE	OTHER		0o644	
usr/include/bash/include/memalloc.h	INSTALL_FILE	OTHER		0o644	
usr/include/bash/include/ocache.h	INSTALL_FILE	OTHER		0o644	
usr/include/bash/include/posixdir.h	INSTALL_FILE	OTHER		0o644	
usr/include/bash/include/posixjmp.h	INSTALL_FILE	OTHER		0o644	
usr/include/bash/include/posixstat.h	INSTALL_FILE	OTHER		0o644	
usr/include/bash/include/posixtime.h	INSTALL_FILE	OTHER		0o644	
usr/include/bash/include/posixwait.h	INSTALL_FILE	OTHER		0o644	
usr/include/bash/include/shmbchar.h	INSTALL_FILE	OTHER		0o644	
usr/include/bash/include/shmbutil.h	INSTALL_FILE	OTHER		0o644	
usr/include/bash/include/shtty.h	INSTALL_FILE	OTHER		0o644	
usr/include/bash/include/stat-time.h	INSTALL_FILE	OTHER		0o644	
usr/include/bash/include/stdc.h	INSTALL_FILE	OTHER		0o644	
usr/include/bash/include/systimes.h	INSTALL_FILE	OTHER		0o644	
usr/include/bash/include/typemax.h	INSTALL_FILE	OTHER		0o644	
usr/include/bash/include/unionwait.h	INSTALL_FILE	OTHER		0o644	
usr/include/bash/jobs.h	INSTALL_FILE	OTHER		0o644	
usr/include/bash/make_cmd.h	INSTALL_FILE	OTHER		0o644	
usr/include/bash/pathnames.h	INSTALL_FILE	OTHER		0o644	
usr/include/bash/quit.h	INSTALL_FILE	OTHER		0o644	
usr/include/bash/shell.h	INSTALL_FILE	OTHER		0o644	
usr/include/bash/sig.h	INSTALL_FILE	OTHER		0o644	
usr/include/bash/siglist.h	INSTALL_FILE	OTHER		0o644	
usr/include/bash/signames.h	INSTALL_FILE	OTHER		0o644	
usr/include/bash/subst.h	INSTALL_FILE	OTHER		0o644	
usr/include/bash/syntax.h	INSTALL_FILE	OTHER		0o644	
usr/include/bash/unwind_prot.h	INSTALL_FILE	OTHER		0o644	
usr/include/bash/variables.h	INSTALL_FILE	OTHER		0o644	
usr/include/bash/version.h	INSTALL_FILE	OTHER		0o644	
usr/include/bash/xmalloc.h	INSTALL_FILE	OTHER		0o644	
usr/include/bash/y.tab.h	INSTALL_FILE	OTHER		0o644	
usr/include/sudo_plugin.h	INSTALL_FILE	OTHER		0o644	
usr/lib	CREATE_DIRECTORY	DIRECTORY		0o755	
usr/lib/bash	CREATE_DIRECTORY	DIRECTORY		0o755	
usr/lib/bash/Makefile.inc	INSTALL_FILE	OTHER		0o644	
usr/lib/bash/Makefile.sample	INSTALL_FILE	OTHER		0o644	
usr/lib/bash/accept	INSTALL_FILE	MACHO		0o755	11255a15460e85c3c85cc6619a47ebff398e7d2d2e4e87eca6b154782dbd5663
usr/lib/bash/basename	INSTALL_FILE	MACHO		0o755	5c77bf141ba871f6efc38b357e17494bdc14a5c76172f84d365f570a244869fb
usr/lib/bash/csv	INSTALL_FILE	MACHO		0o755	fd6657300de86cd9360b85222ec008216a0d14a220cb251017be6ef92c87c011
usr/lib/bash/cut	INSTALL_FILE	MACHO		0o755	55b588e84e85e4647e2fe330726f003e11f0d62ce14b4bcb22b52f8e05ea6a0a
usr/lib/bash/dirname	INSTALL_FILE	MACHO		0o755	4e6de9025a2e378360409a7b255bfb868b4fc07c48d0a4c221c7a902ce580f37
usr/lib/bash/dsv	INSTALL_FILE	MACHO		0o755	97616502bbc67a72c9d32140a09e486da5706e562f892e9b21cef6b14e9748eb
usr/lib/bash/fdflags	INSTALL_FILE	MACHO		0o755	4cc136c2a06afc2dcb56208676d7dbfa8e33af20b3530f4790a7dc8941b06770
usr/lib/bash/finfo	INSTALL_FILE	MACHO		0o755	72bffccc3cebfdbc9f105f51da1100b0284542ff79c91921761763fbb3b83bd0
usr/lib/bash/getconf	INSTALL_FILE	MACHO		0o755	d8b0e057866db81b2650ebc2fc2b465c60fc0047b37567cd92c753fcf8252b68
usr/lib/bash/head	INSTALL_FILE	MACHO		0o755	0943dc18a253db3e76efa44627095fce78137bae3ee4d7cc6574358aa1be5e2c
usr/lib/bash/id	INSTALL_FILE	MACHO		0o755	7d44deeb41063e07dc9798f724ce919ae54e953097fd907ef15ba3d266087c63
usr/lib/bash/ln	INSTALL_FILE	MACHO		0o755	910dcf1ce69223faa80f9e81386fb77024ef5208cb0f89d85c1a01d1ab3338a8
usr/lib/bash/loadables.h	INSTALL_FILE	OTHER		0o644	
usr/lib/bash/logname	INSTALL_FILE	MACHO		0o755	87a5e3b7ac241ab184db18ca6ec4c6fbd725bfa86d85e6fbba3f9a2c741a00a1
usr/lib/bash/mkdir	INSTALL_FILE	MACHO		0o755	abfa4a305146d20929ab18f0f286f2605b1dd7e35a24744db9479e025dc61d5f
usr/lib/bash/mkfifo	INSTALL_FILE	MACHO		0o755	dfe28822c95a07cccb9df50d06125ad05a2d695d9f981bb82318e196e5ef026f
usr/lib/bash/mktemp	INSTALL_FILE	MACHO		0o755	068fab821f24043c7f211cc1bda49e916b3f11b76dcfa90aed58eec0ff765809
usr/lib/bash/mypid	INSTALL_FILE	MACHO		0o755	84e8ad7cf11760698a3c102c81c15864d15e77c2ce4abb6147f9ad0223f0a5d0
usr/lib/bash/pathchk	INSTALL_FILE	MACHO		0o755	fb84d1d0eea233bf2523cbeadc0f3ede6349c976e9238c10334e60e8c41c5372
usr/lib/bash/print	INSTALL_FILE	MACHO		0o755	829d32e1f4cb9d2ac750369a1f6967c18c5ef605892b5d106ebb1392d9f7dafa
usr/lib/bash/printenv	INSTALL_FILE	MACHO		0o755	eb4c89abe866a170d719355cceafe8614563ee8aea704071c2b53f65d179140e
usr/lib/bash/push	INSTALL_FILE	MACHO		0o755	a6e3b37d58df2d9263b81407f5de5c801288a9ee8b8386782e9cb120cee0fac6
usr/lib/bash/realpath	INSTALL_FILE	MACHO		0o755	8802911c7c58e439386757c0aa0930277b03467949b5fe8ab74e12fef9b1550f
usr/lib/bash/rm	INSTALL_FILE	MACHO		0o755	f8d8dc292a9df3274c0753f853df7362c6d5e5c3f0684a83006aff65524d5b60
usr/lib/bash/rmdir	INSTALL_FILE	MACHO		0o755	81b645b852497937f96191627ba0e14ade283843c41bfeacbf6e0c4cb0a41f05
usr/lib/bash/seq	INSTALL_FILE	MACHO		0o755	91561abed0d488def0fd0442e9aba33e1193a4736eee6642e27c94d2b7b94a2a
usr/lib/bash/setpgid	INSTALL_FILE	MACHO		0o755	9fbcc75e470ff035b69869687ef166f5295a336ced5edaa14edc141283a74f8a
usr/lib/bash/sleep	INSTALL_FILE	MACHO		0o755	d67b239252af1bddbb7b48e15e177da7e8a9ad8cc315be03701288a256a8306f
usr/lib/bash/stat	INSTALL_FILE	MACHO		0o755	a8f3c1829394e3da9a2a5ddd757db5fdec2b840371fd726b699b5ca12a3519b3
usr/lib/bash/strftime	INSTALL_FILE	MACHO		0o755	f409c3868aa60a35e1f534a7d051158d82c2801417877aed55a5d59083b7ca43
usr/lib/bash/sync	INSTALL_FILE	MACHO		0o755	84166eba8e6d2e46e49512e4c01e75337c06178d260bc282bae5185774315329
usr/lib/bash/tee	INSTALL_FILE	MACHO		0o755	5e7a877be458a93df8ec5d98aef57b738218ace585494b575181839f064be2ec
usr/lib/bash/truefalse	INSTALL_FILE	MACHO		0o755	4755fe579e6a1ecfc54cb67d2c76ab8661519c0541b002ecbece9c5002ab625f
usr/lib/bash/tty	INSTALL_FILE	MACHO		0o755	0d02ef99bfdf82dabcc06b632f62e31a0c056fec36d674e59d92b6b8f263d210
usr/lib/bash/uname	INSTALL_FILE	MACHO		0o755	94ba670cc03e552e4b80be4316a2a3b4866fe7a06aa185f404692fcd1f15511b
usr/lib/bash/unlink	INSTALL_FILE	MACHO		0o755	58fd8410e2117c19490616380ed2efb08eb32b5d1a1838efaebe08f3f22a9a18
usr/lib/bash/whoami	INSTALL_FILE	MACHO		0o755	98d68c9c1fe196dc7c6694aa3b26980d37692eb2da479433e4470d14f1cba2b8
usr/lib/engines-3	CREATE_DIRECTORY	DIRECTORY		0o755	
usr/lib/engines-3/capi.dylib	INSTALL_FILE	MACHO		0o755	bb8dc7468d91e54c0e11e5c649f8241bed72a7c1a2488559a0a04cd15271bd81
usr/lib/engines-3/loader_attic.dylib	INSTALL_FILE	MACHO		0o755	b2725ca0ee87f52ae94505884f706b5bf557be7331f64422acbfc1cdef69d846
usr/lib/engines-3/padlock.dylib	INSTALL_FILE	MACHO		0o755	a3ad709bf62c2e04a0f6bb149840578d99c329c9d2668869faf743b5d5f65205
usr/lib/ex	CREATE_DIRECTORY	DIRECTORY		0o755	
usr/lib/ex/expreserve	INSTALL_FILE	MACHO		0o755	1d95b98713bc7f66ad39ef9d9d986e9d28b596d158e544a5d7ecf19f769292b4
usr/lib/ex/exrecover	INSTALL_FILE	MACHO		0o755	4c605d5ac32f4df0846007ea34c3b1f9d62ddeafeffcb5058af6ee137171908c
usr/lib/libapt-pkg.6.0.0.dylib	INSTALL_FILE	MACHO		0o755	c630f5608f413154e9ac53e243a6532591a820156734bd208549fa1a73d98e40
usr/lib/libapt-pkg.6.0.dylib	CREATE_SYMLINK	SYMLINK	libapt-pkg.6.0.0.dylib	0o755	
usr/lib/libapt-private.0.0.0.dylib	INSTALL_FILE	MACHO		0o755	df6aaaccae656d7ac38570f634c4133ad3b0e71a43f1c3fdc7e996af17daede8
usr/lib/libapt-private.0.0.dylib	CREATE_SYMLINK	SYMLINK	libapt-private.0.0.0.dylib	0o755	
usr/lib/libassuan.0.dylib	INSTALL_FILE	MACHO		0o755	76f271d52ab494e4819b285951845e8eda249451e68a95b40fe39562f746f72f
usr/lib/libbrotlicommon.1.1.0.dylib	INSTALL_FILE	MACHO		0o755	9af12d3f4fb9d4b5458f66b2a0a096d396d4a74e15ad2f49f93d067d705a9c8c
usr/lib/libbrotlicommon.1.dylib	CREATE_SYMLINK	SYMLINK	libbrotlicommon.1.1.0.dylib	0o755	
usr/lib/libbrotlidec.1.1.0.dylib	INSTALL_FILE	MACHO		0o755	ab286a4b2a03138e6a6f13d37986d353374d79067be2703e82c447542e36087e
usr/lib/libbrotlidec.1.dylib	CREATE_SYMLINK	SYMLINK	libbrotlidec.1.1.0.dylib	0o755	
usr/lib/libbrotlienc.1.1.0.dylib	INSTALL_FILE	MACHO		0o755	70747f3ffb2f0415a9a62a4f19f772908b366120bb49c9bf246e61267cf72646
usr/lib/libbrotlienc.1.dylib	CREATE_SYMLINK	SYMLINK	libbrotlienc.1.1.0.dylib	0o755	
usr/lib/libcrypt.2.dylib	INSTALL_FILE	MACHO		0o755	093edd76331274be7a4ce117be6f093720c3e42bca43d8865ddebfb71b9e8723
usr/lib/libcrypto.3.dylib	INSTALL_FILE	MACHO		0o755	7e21685cf689719a49e341a3a44d9086eec28d98d060f83274d47ceaf449562f
usr/lib/libdimentio.0.dylib	INSTALL_FILE	MACHO		0o755	66f2f230de78d39fadf53d9257ac3c143fa1b355ee4cf79ec45f55781b90693c
usr/lib/libedit.0.dylib	INSTALL_FILE	MACHO		0o755	07c50a06bab6337ea5df70c5a2a2ae40c48928c32a4cdeef9eee148ba5f6173a
usr/lib/libffi.8.dylib	INSTALL_FILE	MACHO		0o755	9d4fb79139adc76901f6b732cda5070b73e1e01f9650da4c82cdc30767ea4020
usr/lib/libformw.6.dylib	INSTALL_FILE	MACHO		0o755	cca6d1e0e7c2db704b09d29994ed0688c4914c35f70d0f46bac00d138e818a6f
usr/lib/libgcrypt.20.dylib	INSTALL_FILE	MACHO		0o755	f0250ec5eaf6fe795568d8c10a92e2e3a4222ced5efe04dfc73f1cd6e6773eda
usr/lib/libgmp.10.dylib	INSTALL_FILE	MACHO		0o755	5fd56c109e905575748617ef5676c74a37bf73935af7c9ffd74ebe7906771fbf
usr/lib/libgnutls.30.dylib	INSTALL_FILE	MACHO		0o755	1f05d682ec2de5e26b738f2a10a28e0029f74972e1b372f28ddbf6ac98845da7
usr/lib/libgpg-error.0.dylib	INSTALL_FILE	MACHO		0o755	67b049985a3d795b90aca762392c39c70b7efbd615fb4abd494a55e1f62e13b1
usr/lib/libhistory.8.2.dylib	INSTALL_FILE	MACHO		0o755	4ed69a8e0e54e57da42aa7275bb8bf6aa948bb568f76ca4138361996bfe0bc3b
usr/lib/libhistory.8.dylib	CREATE_SYMLINK	SYMLINK	libhistory.8.2.dylib	0o755	
usr/lib/libhogweed.6.8.dylib	INSTALL_FILE	MACHO		0o644	5a85b83306fe892dbf0fb14e316d152c4605b0faa3b9bba181a8b88f07d0b4fe
usr/lib/libhogweed.6.dylib	CREATE_SYMLINK	SYMLINK	libhogweed.6.8.dylib	0o755	
usr/lib/libidn2.0.dylib	INSTALL_FILE	MACHO		0o755	50b2c040322139dd62701f54b7907fc3205c32f02f4aa76fa6685ee8cf7e87d9
usr/lib/libintl.8.dylib	INSTALL_FILE	MACHO		0o644	acb057810330f9e44f6e61bd27f94f7041ac1776a190e67b147d6e81d4e16d41
usr/lib/libiosexec.1.dylib	INSTALL_FILE	MACHO		0o644	f00e86181c580ebc94bb892f84fc5d66548f5dee1942f47c338c93e25217f2dc
usr/lib/libkrw	CREATE_DIRECTORY	DIRECTORY		0o755	
usr/lib/libkrw.0.dylib	INSTALL_FILE	MACHO		0o755	600f8620d6180ef2b7c2beecf3c64a15243b4c7370f7f0772b6d1cb59c42d4c8
usr/lib/liblz4.1.9.4.dylib	INSTALL_FILE	MACHO		0o755	59eb8c1360c0179212e8a0054181738115a056958e427ccdb95711e7bca9ee1a
usr/lib/liblz4.1.dylib	CREATE_SYMLINK	SYMLINK	liblz4.1.9.4.dylib	0o755	
usr/lib/libmd.0.dylib	INSTALL_FILE	MACHO		0o755	2c18f93d02b6fc6a15079db19246ff8a1a3c9d9c15613b1896365400470d80c2
usr/lib/libmenuw.6.dylib	INSTALL_FILE	MACHO		0o755	463543ce93dcb828e26c2c20557b3d39742370612e95038919bdadeb5318c971
usr/lib/libncursesw.6.dylib	INSTALL_FILE	MACHO		0o755	18c14542cfc7baca71d0c50520d4f234a9aa85ce85705fc36bb4b6cef5738a82
usr/lib/libnettle.8.8.dylib	INSTALL_FILE	MACHO		0o644	e33ef2d295aec81ca115754de4610e55b5e89422d1a214b46ae64a4041212ad5
usr/lib/libnettle.8.dylib	CREATE_SYMLINK	SYMLINK	libnettle.8.8.dylib	0o755	
usr/lib/libnpth.0.dylib	INSTALL_FILE	MACHO		0o755	2c45fee43d8d9991f77af5bfe914dc4e131635480f43ac36ee0873d851b6d6b9
usr/lib/libp11-kit.0.dylib	INSTALL_FILE	MACHO		0o755	7736b2e57114a4a5712a7ab32447b8ee1b5c7bc8ca6a833509632da5e5c48057
usr/lib/libpam.2.dylib	INSTALL_FILE	MACHO		0o755	2e87123b4f204c0fb1cf610c5dc7ae56b9fa29cdac68ba96e730dbccfc9dc926
usr/lib/libpanelw.6.dylib	INSTALL_FILE	MACHO		0o755	296b0f3f0797aaa76a567358c0185f970106f352bc06a83ff4841bfa440e935a
usr/lib/libpcre.1.dylib	INSTALL_FILE	MACHO		0o755	ee1c24ab0d6986d01dbf6c43f9bfdf34493229e97b23a3cbfb4923fd94debf27
usr/lib/libpcre2-8.0.dylib	INSTALL_FILE	MACHO		0o755	132b8caf94494226f928c1a80021769b315cc913906c023e7526bcdaf166a219
usr/lib/libreadline.8.2.dylib	INSTALL_FILE	MACHO		0o755	17ce63d680f3411b55548217a8ca68c82a16ff6315d846bacfcad17002eb94b2
usr/lib/libreadline.8.dylib	CREATE_SYMLINK	SYMLINK	libreadline.8.2.dylib	0o755	
usr/lib/libssl.3.dylib	INSTALL_FILE	MACHO		0o755	39c90dfa3052b1d39fcde33d9497c3c213f8507fd9c88e8fea58c6df8a530361
usr/lib/libtasn1.6.dylib	INSTALL_FILE	MACHO		0o755	62af1bc990062dd9339fad609eb9d5e2264fe8edf4d384a44efb2d2b48f0e571
usr/lib/libunistring.5.dylib	INSTALL_FILE	MACHO		0o755	1e247bacba21c5b2aedf902671bac6fb12c322d2c4bcaf8ab76c7915224b045b
usr/lib/libxxhash.0.8.2.dylib	INSTALL_FILE	MACHO		0o755	fcba39de7787b5452f250cd499a71fdb2ad3d344a1a62b405fae1c2557cc0e50
usr/lib/libxxhash.0.dylib	CREATE_SYMLINK	SYMLINK	libxxhash.0.8.2.dylib	0o755	
usr/lib/libz-ng.2.1.6.dylib	INSTALL_FILE	MACHO		0o755	0ec8cc8f2fa9ad9b5d2d9c091acee9cc7bb13c4852b18c51b89d8188d8247b09
usr/lib/libz-ng.2.dylib	CREATE_SYMLINK	SYMLINK	libz-ng.2.1.6.dylib	0o755	
usr/lib/libzstd.1.5.5.dylib	INSTALL_FILE	MACHO		0o755	14a9d6760db9342d0ceea4d4eda8936d43b4194dca53436d561e6c40f7a235fd
usr/lib/libzstd.1.dylib	CREATE_SYMLINK	SYMLINK	libzstd.1.5.5.dylib	0o755	
usr/lib/ossl-modules	CREATE_DIRECTORY	DIRECTORY		0o755	
usr/lib/ossl-modules/legacy.dylib	INSTALL_FILE	MACHO		0o755	41e59410cdf07931e6d12f30793d046deb589b0e8e2c63ea2883bc5de10032cf
usr/lib/pam	CREATE_DIRECTORY	DIRECTORY		0o755	
usr/lib/pam/pam_deny.so	INSTALL_FILE	MACHO		0o755	98ecee7686184d0fbe909cb8fb55c944dc987fa8febd74c41fc3cdcf54ee0f99
usr/lib/pam/pam_group.so	INSTALL_FILE	MACHO		0o755	c799916c944680991b7e83c637a4de6cce87b373c363c6419576824578318c5e
usr/lib/pam/pam_launchd.so	INSTALL_FILE	MACHO		0o755	2ce417841d83afb9d008027e5c512cbb7952f46adf21a9ee3a68f3bc6c68b920
usr/lib/pam/pam_nologin.so	INSTALL_FILE	MACHO		0o755	93c426d348afdca865663365ceb71cdc5e4bc84fb0eb8a60c57c0447d0adb93b
usr/lib/pam/pam_permit.so	INSTALL_FILE	MACHO		0o755	7457b24c9671f0f0dc16a051540ff79df6735de2600dc4019a4e0028921a535c
usr/lib/pam/pam_rootok.so	INSTALL_FILE	MACHO		0o755	a6f63b34bfba2d2f6cbe6000d613b33034b83f147ed7b0c9b44de1a2877d3fd8
usr/lib/pam/pam_sacl.so	INSTALL_FILE	MACHO		0o755	e495c4be6cc359dc671300888aec3e36f1a63c042f0cf8f3f6c27f725b80274d
usr/lib/pam/pam_self.so	INSTALL_FILE	MACHO		0o755	2fa530c742728282128dd7835737a1a6f5b26749531c0f4fc7c6e3e3799b5964
usr/lib/pam/pam_unix.so	INSTALL_FILE	MACHO		0o755	64a586430863018fd0bc9f64c43c5427d5651caccff0de13e8a82827dfae8b85
usr/lib/pam/pam_uwtmp.so	INSTALL_FILE	MACHO		0o755	6b888fbe49ca38ed7b646456c74d9827ce37ee25225133906323fc947af6ccaf
usr/lib/pkgconfig	CREATE_DIRECTORY	DIRECTORY		0o755	
usr/lib/pkgconfig/bash.pc	INSTALL_FILE	OTHER		0o644	
usr/lib/ssl	CREATE_DIRECTORY	DIRECTORY		0o755	
usr/lib/ssl/cacert.pem	CREATE_SYMLINK	SYMLINK	/var/jb/etc/ssl/certs/cacert.pem	0o755	
usr/lib/ssl/certs	CREATE_SYMLINK	SYMLINK	/var/jb/etc/ssl/certs	0o755	
usr/lib/terminfo	CREATE_SYMLINK	SYMLINK	../share/terminfo	0o755	
usr/lib/zsh	CREATE_DIRECTORY	DIRECTORY		0o755	
usr/lib/zsh/5.9	CREATE_DIRECTORY	DIRECTORY		0o755	
usr/lib/zsh/5.9/zsh	CREATE_DIRECTORY	DIRECTORY		0o755	
usr/lib/zsh/5.9/zsh/attr.so	INSTALL_FILE	MACHO		0o755	3e714f1fe4e5cc438dfaf4b4aa622a7283dff369206ea2d80c76630006aeaf7f
usr/lib/zsh/5.9/zsh/cap.so	INSTALL_FILE	MACHO		0o755	4a38840089e061bd41a6a74da9373ee90f18d96135e269a2e9b9189ab9161475
usr/lib/zsh/5.9/zsh/clone.so	INSTALL_FILE	MACHO		0o755	f80b8ea49c292fb9b6361443fa1be8b0a4394c7aec0ba6ec52b241e08a109d76
usr/lib/zsh/5.9/zsh/compctl.so	INSTALL_FILE	MACHO		0o755	4b9c3caa5e276541c3f9c792780dc61e21480f3d6e0ad3c804eb3a801a2c4240
usr/lib/zsh/5.9/zsh/complete.so	INSTALL_FILE	MACHO		0o755	8bc58143f71f1c9df5044991b1d31cc51863d836e73ab1fa97ee3d7f6b767e70
usr/lib/zsh/5.9/zsh/complist.so	INSTALL_FILE	MACHO		0o755	ae868536f02ab2b00a01c3c09fb4c1d0135fc9bf4168d8dd89f6409c2d536b57
usr/lib/zsh/5.9/zsh/computil.so	INSTALL_FILE	MACHO		0o755	4330bd7234dcbdd2eafed37077eabc95fdc4936e44b1619e033a57309dc129d5
usr/lib/zsh/5.9/zsh/curses.so	INSTALL_FILE	MACHO		0o755	1189e6a5450f78c5266d00996d32ed2dfd2d3e88205da91d73e079296588a4de
usr/lib/zsh/5.9/zsh/datetime.so	INSTALL_FILE	MACHO		0o755	354fa9ffc7cb61990d5e093baaa1fd525b25de3a71b62efd57b918d4602a9727
usr/lib/zsh/5.9/zsh/deltochar.so	INSTALL_FILE	MACHO		0o755	b541ff0581f446fd904791429e236328dd4bc1a987738a94b752bac62b817d8f
usr/lib/zsh/5.9/zsh/example.so	INSTALL_FILE	MACHO		0o755	9d21d8cf5a0dfa5448eee74a2cfe8a93014cf966eb73f4bf9b984b6a80c8f560
usr/lib/zsh/5.9/zsh/files.so	INSTALL_FILE	MACHO		0o755	c9dbdbfd8f16f4245d2cf5312f54e6344754406fc55935a106871fa1232ec4de
usr/lib/zsh/5.9/zsh/langinfo.so	INSTALL_FILE	MACHO		0o755	e0c089606270313d814b4db9d9b71aadb1772c65ced88fb542162a7d0a53954a
usr/lib/zsh/5.9/zsh/mapfile.so	INSTALL_FILE	MACHO		0o755	3a4104ccb84672c5acd123a83ef0aacd1cffe6d69d85bafe4a46399c9f699e8e
usr/lib/zsh/5.9/zsh/mathfunc.so	INSTALL_FILE	MACHO		0o755	a96c07e5e9cf8399f4bdf627e576a91011989492c36f862aed03b1500452d559
usr/lib/zsh/5.9/zsh/nearcolor.so	INSTALL_FILE	MACHO		0o755	71e922ea6d4d1b4e456eb166f870491a6e899814362a02152ff78d8cb878014c
usr/lib/zsh/5.9/zsh/net	CREATE_DIRECTORY	DIRECTORY		0o755	
usr/lib/zsh/5.9/zsh/net/socket.so	INSTALL_FILE	MACHO		0o755	c319a99bfc7fbd85fa3d9a038e0af746b0bdb25dd9907bc45a754be3f5cb3744
usr/lib/zsh/5.9/zsh/net/tcp.so	INSTALL_FILE	MACHO		0o755	5a4380041749e4de80b20cf602f7daa88c8787e86c588f9df858613c908c1b07
usr/lib/zsh/5.9/zsh/newuser.so	INSTALL_FILE	MACHO		0o755	8c11c482390ce8fee724adb23ee88312df81748dcb9378c56d1d20c8d6d14f9f
usr/lib/zsh/5.9/zsh/param	CREATE_DIRECTORY	DIRECTORY		0o755	
usr/lib/zsh/5.9/zsh/param/private.so	INSTALL_FILE	MACHO		0o755	c47335b6ff9d289ab796b0dfef78e0eab2556f5a9190d65a8cfc4374da51c1ac
usr/lib/zsh/5.9/zsh/parameter.so	INSTALL_FILE	MACHO		0o755	2383d6b05c46c1232935b02f4d37d10e9266ae34358ba2813177fc7c3c26b28c
usr/lib/zsh/5.9/zsh/regex.so	INSTALL_FILE	MACHO		0o755	26a6bd5561d7c440f0026657ee3484341d337370515236afcd5018727dc46f98
usr/lib/zsh/5.9/zsh/rlimits.so	INSTALL_FILE	MACHO		0o755	d610badf0c2b4292e9af62ae0eb8d66d12973282e6ad6386a95172e788c785b1
usr/lib/zsh/5.9/zsh/sched.so	INSTALL_FILE	MACHO		0o755	7c3530a319db69a7d955ecba2e744adaa2422051fec08217b20a1403d8b1f4e7
usr/lib/zsh/5.9/zsh/stat.so	INSTALL_FILE	MACHO		0o755	e1b6f35b3abe196dd51520037d262210610509a952c8356a0dbf60dc1f8b0a0b
usr/lib/zsh/5.9/zsh/system.so	INSTALL_FILE	MACHO		0o755	fb63c7cfd976c9cb0f0b7375bd00e3f3bef12ce9d73d600a57fdc63cd6c00b00
usr/lib/zsh/5.9/zsh/termcap.so	INSTALL_FILE	MACHO		0o755	2cfb8eb81deaf957a27ce94cf4cb6275602b39e2c56cd645f75f24ae42aebf76
usr/lib/zsh/5.9/zsh/terminfo.so	INSTALL_FILE	MACHO		0o755	4c3eb4f657cab535573f19471061a65eabc2494f6e726ac41c29b6667b6ea44e
usr/lib/zsh/5.9/zsh/watch.so	INSTALL_FILE	MACHO		0o755	0ebccdb2a6146ff44d6f774fd5a67d5532daf457ca3af18d890e181da8ee7186
usr/lib/zsh/5.9/zsh/zftp.so	INSTALL_FILE	MACHO		0o755	d76c84aaa94bb16873d130aff1606231bd97c919c68b01b2ef344570d6a1bc57
usr/lib/zsh/5.9/zsh/zle.so	INSTALL_FILE	MACHO		0o755	c714e1dd38a6d1a473c3f22dfc1410da03a3462336aeb5f129b6dd693621877b
usr/lib/zsh/5.9/zsh/zleparameter.so	INSTALL_FILE	MACHO		0o755	d309ab4aff7e37ab18cb1a3bfd8d1879cb3034a0c264235bb50c2a8ff5563260
usr/lib/zsh/5.9/zsh/zprof.so	INSTALL_FILE	MACHO		0o755	c94867a13cbc8083791ee1d6abd9e37971d9bd219c8ade7bf0ffb651ae693e7d
usr/lib/zsh/5.9/zsh/zpty.so	INSTALL_FILE	MACHO		0o755	4df3472dd3d49dc837bbe6cb0796bfe19b8c47f1a5b1dfdda5d5cbb9723f8828
usr/lib/zsh/5.9/zsh/zselect.so	INSTALL_FILE	MACHO		0o755	fac0dbe8be464fac2eb8fbdd30183320b28da8213e29e643b4163bd0f26ce340
usr/lib/zsh/5.9/zsh/zutil.so	INSTALL_FILE	MACHO		0o755	cce86f054aef2b8122eb0db6238d7d3ad846bcab95d72c319e176390876eab2e
usr/libexec	CREATE_DIRECTORY	DIRECTORY		0o755	
usr/libexec/apt	CREATE_DIRECTORY	DIRECTORY		0o755	
usr/libexec/apt/apt-helper	INSTALL_FILE	MACHO		0o755	f361bd96018f7b2d8542c4f07521d927aca792b80e867ad85d2df4473e9fb254
usr/libexec/apt/methods	CREATE_DIRECTORY	DIRECTORY		0o755	
usr/libexec/apt/methods/cdrom	INSTALL_FILE	MACHO		0o755	bcf17004d83eb69994526b5aaba5c565352dcb00d25b29a16fa585bdfdfe4ec4
usr/libexec/apt/methods/copy	INSTALL_FILE	MACHO		0o755	102cd72650082e54ddb268beb37d43efbe4fc76bc793415a78901eda863e952e
usr/libexec/apt/methods/file	INSTALL_FILE	MACHO		0o755	badccfbcdd632370afdc96e92dff19e28e22248a6da6a22ca0d628dbf9d057dc
usr/libexec/apt/methods/ftp	INSTALL_FILE	MACHO		0o755	16075097a21a029f97c7602e609f449ffc61b746664efb4f3786901c5d947292
usr/libexec/apt/methods/gpgv	INSTALL_FILE	MACHO		0o755	ed4a247232e775fc9c1e655c721b8affdebdafe26d06309aa902fda8ab58ccc8
usr/libexec/apt/methods/http	INSTALL_FILE	MACHO		0o755	13f1b8cc264ff76eb1dd9de0ab9e91333976c0da6d91286a0ce606378d0b1ac2
usr/libexec/apt/methods/https	CREATE_SYMLINK	SYMLINK	http	0o755	
usr/libexec/apt/methods/mirror	INSTALL_FILE	MACHO		0o755	81c7b718f890b914cd5e85c587187d914316a1fed55536778aab5c68e115d707
usr/libexec/apt/methods/mirror+copy	CREATE_SYMLINK	SYMLINK	mirror	0o755	
usr/libexec/apt/methods/mirror+file	CREATE_SYMLINK	SYMLINK	mirror	0o755	
usr/libexec/apt/methods/mirror+ftp	CREATE_SYMLINK	SYMLINK	mirror	0o755	
usr/libexec/apt/methods/mirror+http	CREATE_SYMLINK	SYMLINK	mirror	0o755	
usr/libexec/apt/methods/mirror+https	CREATE_SYMLINK	SYMLINK	mirror	0o755	
usr/libexec/apt/methods/rred	INSTALL_FILE	MACHO		0o755	9d6e219dc06f546754bf17fcacec54cb51d2f65ae90ee78734fde7621c8ef408
usr/libexec/apt/methods/rsh	INSTALL_FILE	MACHO		0o755	a658b6666d2d75fcfaf02587ec6cec27c100532759f5a7704ef49d268a0c44a5
usr/libexec/apt/methods/ssh	CREATE_SYMLINK	SYMLINK	rsh	0o755	
usr/libexec/apt/methods/store	INSTALL_FILE	MACHO		0o755	70101adb082de065875942d12aafd54bd851005d1247d666227a0ab84a27c39d
usr/libexec/apt/planners	CREATE_DIRECTORY	DIRECTORY		0o755	
usr/libexec/apt/planners/dump	CREATE_SYMLINK	SYMLINK	../solvers/dump	0o755	
usr/libexec/apt/solvers	CREATE_DIRECTORY	DIRECTORY		0o755	
usr/libexec/apt/solvers/dump	INSTALL_FILE	MACHO		0o755	139ee65b57bd27aea76b28272280f6d0a08f88075ba1a97816a3d03fa1eff053
usr/libexec/atrun	INSTALL_FILE	MACHO		0o755	5c9f5ddeb38d90ab5e4236cb2987ddf2c664fd9ddf256e66ea7b0dd6867e7751
usr/libexec/coreutils	CREATE_DIRECTORY	DIRECTORY		0o755	
usr/libexec/coreutils/libstdbuf.so	INSTALL_FILE	MACHO		0o755	6ca92c1152616065b4e92fa2397f3aba388fe1ce16b09f5a0d7adf73026f4bbe
usr/libexec/dpkg	CREATE_DIRECTORY	DIRECTORY		0o755	
usr/libexec/dpkg/methods	CREATE_DIRECTORY	DIRECTORY		0o755	
usr/libexec/dpkg/methods/apt	CREATE_DIRECTORY	DIRECTORY		0o755	
usr/libexec/dpkg/methods/apt/desc.apt	INSTALL_FILE	PACKAGE_METADATA		0o644	
usr/libexec/dpkg/methods/apt/install	INSTALL_FILE	PACKAGE_METADATA		0o755	
usr/libexec/dpkg/methods/apt/names	INSTALL_FILE	PACKAGE_METADATA		0o644	
usr/libexec/dpkg/methods/apt/setup	INSTALL_FILE	PACKAGE_METADATA		0o755	
usr/libexec/dpkg/methods/apt/update	INSTALL_FILE	PACKAGE_METADATA		0o755	
usr/libexec/firmware	INSTALL_FILE	MACHO		0o755	0a44aa57db3ad11bfc30e2f10afc3fb709f3623dd7a8dc791f9dca014f5a516e
usr/libexec/firmware-wrapper	INSTALL_FILE	OTHER		0o755	
usr/libexec/frcode	INSTALL_FILE	MACHO		0o755	3a635b32b4d91f7097661ac4483f57c05d106f162b117b33d2524ccf7287ba04
usr/libexec/getty	INSTALL_FILE	MACHO		0o755	65a042ba6a10616722309528b5146d76807121b0abe5a966e3ea9e7add40dc0d
usr/libexec/nitotv	CREATE_DIRECTORY	DIRECTORY		0o755	
usr/libexec/nitotv/firmware.sh	CREATE_SYMLINK	SYMLINK	../firmware.sh	0o755	
usr/libexec/path_helper	INSTALL_FILE	MACHO		0o755	c2819ee349f68cf1f5e7eff3fae2d387c187b49be7c1f7d2bdc5a4f5d44ea646
usr/libexec/sftp-server	INSTALL_FILE	MACHO		0o755	df71513ea4155f6e5245911eabe1fbf40400fafb2187b15464c0777c14faefb8
usr/libexec/shshd-wrapper	INSTALL_FILE	OTHER		0o755	
usr/libexec/ssh-keysign	INSTALL_FILE	MACHO		0o711	3061750019b05b96b251c011c133329d8a7e929b0e79cd192aefa5e10b46e994
usr/libexec/ssh-pkcs11-helper	INSTALL_FILE	MACHO		0o755	ca14dc68494968f3791c3c707ab485fba3e32343761bdf42448c36324ad1eb35
usr/libexec/ssh-sk-helper	INSTALL_FILE	MACHO		0o755	685a25f4cd3ec340f0bbc29bca70631ce807ef769d0c27f0c1203acd40372826
usr/libexec/sshd-keygen-wrapper	INSTALL_FILE	OTHER		0o755	
usr/libexec/sudo	CREATE_DIRECTORY	DIRECTORY		0o755	
usr/libexec/sudo/audit_json.so	INSTALL_FILE	MACHO		0o644	6ac05fc1ff95f82e8d2d84cffbd053c5820a20b6dc5ae1f6632bafd794639b90
usr/libexec/sudo/group_file.so	INSTALL_FILE	MACHO		0o644	2d71983f689769a53cb194f6fa796be4823b2d7d44b3198614cc3c09b0aa9217
usr/libexec/sudo/libsudo_util.0.dylib	INSTALL_FILE	MACHO		0o755	00dee8f6415f1d2c08fa7f4341738ce808a30231aa6469e0f8ba2ecacb94a0f1
usr/libexec/sudo/libsudo_util.a	INSTALL_FILE	OTHER		0o644	
usr/libexec/sudo/libsudo_util.dylib	CREATE_SYMLINK	SYMLINK	libsudo_util.0.dylib	0o755	
usr/libexec/sudo/sudo_intercept.so	INSTALL_FILE	MACHO		0o644	275585a8ee184fb8b49526483f4c6b835b345c7562e9a3cdddd9852a0c160d63
usr/libexec/sudo/sudo_noexec.so	INSTALL_FILE	MACHO		0o644	26b326223506ec997a489b13b3a5c2f119f853db78f64d6844cf09707c25895b
usr/libexec/sudo/system_group.so	INSTALL_FILE	MACHO		0o644	02c45ecba0b2ed9cc61958ac07f79536a4ce261cf3292bfa9df4e01fa1389b05
usr/local	CREATE_DIRECTORY	DIRECTORY		0o755	
usr/local/lib	CREATE_DIRECTORY	DIRECTORY		0o755	
usr/local/lib/liblzma.5.dylib	INSTALL_FILE	MACHO		0o755	e4fcee894aee5d61589d6d893b957f234aa663a3cb0435879c65495fe68c1f8b
usr/sbin	CREATE_DIRECTORY	DIRECTORY		0o755	
usr/sbin/ac	INSTALL_FILE	MACHO		0o755	45b14d40c25d9d5aec5b756099ae111b699867880dc366b4f8f1cf97297ee39b
usr/sbin/accton	INSTALL_FILE	MACHO		0o755	6490f9ac78e3775c902284794de3b95ee7881aeec61a70be89c2d4d01f988445
usr/sbin/add-shell	INSTALL_FILE	OTHER		0o755	
usr/sbin/adduser	INSTALL_FILE	OTHER		0o755	
usr/sbin/chown	CREATE_SYMLINK	SYMLINK	/var/jb/usr/bin/chown	0o755	
usr/sbin/chroot	CREATE_SYMLINK	SYMLINK	/var/jb/usr/bin/chroot	0o755	
usr/sbin/dev_mkdb	INSTALL_FILE	MACHO		0o755	f774a11828cf83ff8fa88ca23f62fbb07a376dceae077be90d80964cadfe3cf7
usr/sbin/edquota	INSTALL_FILE	MACHO		0o755	7334aa641ae9c7d8e904a5553be5c252a4c176deaae28eefee64e01c0c378a9a
usr/sbin/fdisk	INSTALL_FILE	MACHO		0o755	b501641445f155f75c029f059678c1225017661fea88a10355d0da947e0b755c
usr/sbin/fstyp	INSTALL_FILE	MACHO		0o755	d00c935f479761d0db8bc08f1ace55702c7f8c5e5c6be649123f9a6d416ee6e1
usr/sbin/fstyp_msdos	INSTALL_FILE	MACHO		0o755	da9344357b0b86454275f80473cbb6579b5eee502582dcc617b301789f052a5c
usr/sbin/fstyp_ntfs	INSTALL_FILE	MACHO		0o755	1de712c0d6cc74df4b12a89b9985ab6498f2cbc50300ef54b6c0b343a516b55d
usr/sbin/fstyp_udf	INSTALL_FILE	MACHO		0o755	b7064b0ab2c02b0b5141e230b2cfa359bbeffa4ff6c9b156c6aabf68af9a2c87
usr/sbin/iostat	INSTALL_FILE	MACHO		0o755	243de5a875dd18a90375ad40f271af4bd58bbd85a03c0b6fdb81e82e9e1099ec
usr/sbin/mkfile	INSTALL_FILE	MACHO		0o755	88dbde7ef70185f1fa3e172249758ac76f9fef655133b0a19147838a6e1ce23b
usr/sbin/mount_devfs	INSTALL_FILE	MACHO		0o755	83cd60176cb0fd6708d1575a7ac16152097235fc4e91acd4d0db99140d4d2618
usr/sbin/mount_fdesc	INSTALL_FILE	MACHO		0o755	2e975b3c4e76a45e26db02ade1d68e69f8fbb7f7492403901454d2165d9e161b
usr/sbin/nologin	CREATE_SYMLINK	SYMLINK	/var/jb/sbin/nologin	0o755	
usr/sbin/pw	INSTALL_FILE	MACHO		0o755	837cb53e560a8a4bc66b8ecd5fd51e47a077fe8fcd01b2baea2594d9162d99da
usr/sbin/pwd_mkdb	INSTALL_FILE	MACHO		0o755	5e94ed6951105806379c350baeb2cd40afb95640b1f2f4b3b4c1fbd203b80246
usr/sbin/quotacheck	INSTALL_FILE	MACHO		0o755	bb4154e44decea3860f94582fc11c37d006b0eda9ff3331c2b46189249b061c7
usr/sbin/quotaon	INSTALL_FILE	MACHO		0o755	5c87ed7acdc30cdec534f76de3761a0cb3a73c068bfb512ffb90ecd45d8f583e
usr/sbin/reboot	CREATE_SYMLINK	SYMLINK	/var/jb/sbin/reboot	0o755	
usr/sbin/remove-shell	INSTALL_FILE	OTHER		0o755	
usr/sbin/repquota	INSTALL_FILE	MACHO		0o755	b8f6b0809274e62d3c2c9afcd70687a59aeccd43f6d25a87de7fcfb59219ccea
usr/sbin/rmuser	INSTALL_FILE	OTHER		0o755	
usr/sbin/shshd	INSTALL_FILE	MACHO		0o4755	cd0e51d542523f4ffd4dd089f1a904e7233284fdb768729e9499be78388f1b07
usr/sbin/sshd	INSTALL_FILE	MACHO		0o755	44110c67ce0af5dace43e2d1ff2faa81814ebdc3ecacb7696f6dc8570409e030
usr/sbin/sudo_logsrvd	INSTALL_FILE	MACHO		0o755	f2eff9eff20f32f233754ee8ae50b93a30bab044be38fbfe4f82865141e6a85b
usr/sbin/sudo_sendlog	INSTALL_FILE	MACHO		0o755	55faead47bb665974314701f5eb707fb5f6f7a0cce156eda7d7520142440f1b8
usr/sbin/sysctl	INSTALL_FILE	MACHO		0o755	5a75cdee83f570119830bdc1b1eb0f7f2c56399450a1dc0d468b31b2ff4745b9
usr/sbin/taskpolicy	INSTALL_FILE	MACHO		0o755	07c33c84968dc85f36cab0065b51d426a914f6fde6d82152a8914420b364ccf8
usr/sbin/update-shells	INSTALL_FILE	OTHER		0o755	
usr/sbin/vifs	INSTALL_FILE	MACHO		0o755	a0c50ca0040255b26f943d2932c6087c3b2b51bc95e0143e79ce5540251416a4
usr/sbin/vipw	INSTALL_FILE	MACHO		0o755	029ea0df0c25bec6c5f6170d92c682335e4bd45786c021ce834323edd81189ba
usr/sbin/visudo	INSTALL_FILE	MACHO		0o755	f7c97aaae717c13d9fc6322c2175610b5b6983bafa867575e400420b45527546
usr/sbin/vsdbutil	INSTALL_FILE	MACHO		0o755	025f73537c4a05c1884705e1b5f6101edccd34bc91a98b88cb0003734ff8e001
usr/sbin/zdump	INSTALL_FILE	MACHO		0o755	65142e9f88a486eb2e77d5d74b78625084e41f8c5dea0f663921038e95e21177
usr/sbin/zic	INSTALL_FILE	MACHO		0o755	5709fc805642dd67987e5829c95b53cd5e2a97f8266adc3b2430bd0cdc26fa51
usr/share	CREATE_DIRECTORY	DIRECTORY		0o755	
usr/share/bash-completion	CREATE_DIRECTORY	DIRECTORY		0o755	
usr/share/bash-completion/completions	CREATE_DIRECTORY	DIRECTORY		0o755	
usr/share/bash-completion/completions/apt	INSTALL_FILE	OTHER		0o644	
usr/share/debianutils	CREATE_DIRECTORY	DIRECTORY		0o755	
usr/share/debianutils/shells	INSTALL_FILE	OTHER		0o644	
usr/share/dict	CREATE_DIRECTORY	DIRECTORY		0o755	
usr/share/dict/web2	INSTALL_FILE	OTHER		0o644	
usr/share/dict/words	CREATE_SYMLINK	SYMLINK	web2	0o755	
usr/share/doc	CREATE_DIRECTORY	DIRECTORY		0o755	
usr/share/doc/apt	CREATE_DIRECTORY	DIRECTORY		0o755	
usr/share/doc/apt/AUTHORS	INSTALL_FILE	OTHER		0o644	
usr/share/doc/apt/COPYING	INSTALL_FILE	OTHER		0o644	
usr/share/doc/bash	CREATE_DIRECTORY	DIRECTORY		0o755	
usr/share/doc/bash/AUTHORS	INSTALL_FILE	OTHER		0o644	
usr/share/doc/bash/COPYING	INSTALL_FILE	OTHER		0o644	
usr/share/doc/bash/NEWS.zst	INSTALL_FILE	OTHER		0o644	
usr/share/doc/bash/README.zst	INSTALL_FILE	OTHER		0o644	
usr/share/doc/coreutils	CREATE_DIRECTORY	DIRECTORY		0o755	
usr/share/doc/coreutils/AUTHORS	INSTALL_FILE	OTHER		0o644	
usr/share/doc/coreutils/COPYING	INSTALL_FILE	OTHER		0o644	
usr/share/doc/coreutils/NEWS.zst	INSTALL_FILE	OTHER		0o644	
usr/share/doc/coreutils/README.zst	INSTALL_FILE	OTHER		0o644	
usr/share/doc/coreutils/THANKS.zst	INSTALL_FILE	OTHER		0o644	
usr/share/doc/coreutils/TODO.zst	INSTALL_FILE	OTHER		0o644	
usr/share/doc/dash	CREATE_DIRECTORY	DIRECTORY		0o755	
usr/share/doc/dash/COPYING	INSTALL_FILE	OTHER		0o644	
usr/share/doc/diffutils	CREATE_DIRECTORY	DIRECTORY		0o755	
usr/share/doc/diffutils/AUTHORS	INSTALL_FILE	OTHER		0o644	
usr/share/doc/diffutils/COPYING	INSTALL_FILE	OTHER		0o644	
usr/share/doc/diffutils/NEWS.zst	INSTALL_FILE	OTHER		0o644	
usr/share/doc/diffutils/README.zst	INSTALL_FILE	OTHER		0o644	
usr/share/doc/diffutils/THANKS.zst	INSTALL_FILE	OTHER		0o644	
usr/share/doc/diffutils/TODO.zst	INSTALL_FILE	OTHER		0o644	
usr/share/doc/dpkg	CREATE_DIRECTORY	DIRECTORY		0o755	
usr/share/doc/dpkg/AUTHORS	INSTALL_FILE	PACKAGE_METADATA		0o644	
usr/share/doc/dpkg/COPYING	INSTALL_FILE	PACKAGE_METADATA		0o644	
usr/share/doc/dpkg/NEWS.zst	INSTALL_FILE	PACKAGE_METADATA		0o644	
usr/share/doc/dpkg/README.zst	INSTALL_FILE	PACKAGE_METADATA		0o644	
usr/share/doc/dpkg/THANKS.zst	INSTALL_FILE	PACKAGE_METADATA		0o644	
usr/share/doc/dpkg/TODO.zst	INSTALL_FILE	PACKAGE_METADATA		0o644	
usr/share/doc/findutils	CREATE_DIRECTORY	DIRECTORY		0o755	
usr/share/doc/findutils/AUTHORS	INSTALL_FILE	OTHER		0o644	
usr/share/doc/findutils/COPYING	INSTALL_FILE	OTHER		0o644	
usr/share/doc/findutils/NEWS.zst	INSTALL_FILE	OTHER		0o644	
usr/share/doc/findutils/README.zst	INSTALL_FILE	OTHER		0o644	
usr/share/doc/findutils/THANKS.zst	INSTALL_FILE	OTHER		0o644	
usr/share/doc/findutils/TODO.zst	INSTALL_FILE	OTHER		0o644	
usr/share/doc/gpgv	CREATE_DIRECTORY	DIRECTORY		0o755	
usr/share/doc/gpgv/AUTHORS	INSTALL_FILE	OTHER		0o644	
usr/share/doc/gpgv/COPYING	INSTALL_FILE	OTHER		0o644	
usr/share/doc/gpgv/NEWS.zst	INSTALL_FILE	OTHER		0o644	
usr/share/doc/gpgv/README.zst	INSTALL_FILE	OTHER		0o644	
usr/share/doc/gpgv/THANKS.zst	INSTALL_FILE	OTHER		0o644	
usr/share/doc/gpgv/TODO.zst	INSTALL_FILE	OTHER		0o644	
usr/share/doc/grep	CREATE_DIRECTORY	DIRECTORY		0o755	
usr/share/doc/grep/AUTHORS	INSTALL_FILE	OTHER		0o644	
usr/share/doc/grep/COPYING	INSTALL_FILE	OTHER		0o644	
usr/share/doc/grep/NEWS.zst	INSTALL_FILE	OTHER		0o644	
usr/share/doc/grep/README.zst	INSTALL_FILE	OTHER		0o644	
usr/share/doc/grep/THANKS.zst	INSTALL_FILE	OTHER		0o444	
usr/share/doc/grep/TODO.zst	INSTALL_FILE	OTHER		0o644	
usr/share/doc/launchctl	CREATE_DIRECTORY	DIRECTORY		0o755	
usr/share/doc/launchctl/LICENSE	INSTALL_FILE	OTHER		0o644	
usr/share/doc/libapt-pkg6.0	CREATE_DIRECTORY	DIRECTORY		0o755	
usr/share/doc/libapt-pkg6.0/AUTHORS	INSTALL_FILE	OTHER		0o644	
usr/share/doc/libapt-pkg6.0/COPYING	INSTALL_FILE	OTHER		0o644	
usr/share/doc/libassuan0	CREATE_DIRECTORY	DIRECTORY		0o755	
usr/share/doc/libassuan0/AUTHORS	INSTALL_FILE	OTHER		0o644	
usr/share/doc/libassuan0/COPYING	INSTALL_FILE	OTHER		0o644	
usr/share/doc/libassuan0/NEWS.zst	INSTALL_FILE	OTHER		0o644	
usr/share/doc/libassuan0/README.zst	INSTALL_FILE	OTHER		0o644	
usr/share/doc/libassuan0/THANKS.zst	INSTALL_FILE	OTHER		0o644	
usr/share/doc/libassuan0/TODO.zst	INSTALL_FILE	OTHER		0o644	
usr/share/doc/libbrotli1	CREATE_DIRECTORY	DIRECTORY		0o755	
usr/share/doc/libbrotli1/LICENSE	INSTALL_FILE	OTHER		0o644	
usr/share/doc/libbrotli1/README.zst	INSTALL_FILE	OTHER		0o644	
usr/share/doc/libcrypt2	CREATE_DIRECTORY	DIRECTORY		0o755	
usr/share/doc/libcrypt2/AUTHORS	INSTALL_FILE	OTHER		0o644	
usr/share/doc/libcrypt2/NEWS.zst	INSTALL_FILE	OTHER		0o644	
usr/share/doc/libcrypt2/README.zst	INSTALL_FILE	OTHER		0o644	
usr/share/doc/libcrypt2/THANKS.zst	INSTALL_FILE	OTHER		0o644	
usr/share/doc/libcrypt2/TODO.zst	INSTALL_FILE	OTHER		0o644	
usr/share/doc/libdimentio0	CREATE_DIRECTORY	DIRECTORY		0o755	
usr/share/doc/libdimentio0/LICENSE	INSTALL_FILE	OTHER		0o644	
usr/share/doc/libedit0	CREATE_DIRECTORY	DIRECTORY		0o755	
usr/share/doc/libedit0/COPYING	INSTALL_FILE	OTHER		0o644	
usr/share/doc/libedit0/THANKS.zst	INSTALL_FILE	OTHER		0o644	
usr/share/doc/libffi8	CREATE_DIRECTORY	DIRECTORY		0o755	
usr/share/doc/libffi8/LICENSE	INSTALL_FILE	OTHER		0o644	
usr/share/doc/libgcrypt20	CREATE_DIRECTORY	DIRECTORY		0o755	
usr/share/doc/libgcrypt20/COPYING	INSTALL_FILE	OTHER		0o644	
usr/share/doc/libgcrypt20/NEWS.zst	INSTALL_FILE	OTHER		0o644	
usr/share/doc/libgcrypt20/README.zst	INSTALL_FILE	OTHER		0o644	
usr/share/doc/libgcrypt20/THANKS.zst	INSTALL_FILE	OTHER		0o644	
usr/share/doc/libgcrypt20/TODO.zst	INSTALL_FILE	OTHER		0o644	
usr/share/doc/libgmp10	CREATE_DIRECTORY	DIRECTORY		0o755	
usr/share/doc/libgmp10/AUTHORS	INSTALL_FILE	OTHER		0o644	
usr/share/doc/libgmp10/COPYING	INSTALL_FILE	OTHER		0o644	
usr/share/doc/libgmp10/NEWS.zst	INSTALL_FILE	OTHER		0o644	
usr/share/doc/libgmp10/README.zst	INSTALL_FILE	OTHER		0o644	
usr/share/doc/libgnutls30	CREATE_DIRECTORY	DIRECTORY		0o755	
usr/share/doc/libgnutls30/AUTHORS	INSTALL_FILE	OTHER		0o644	
usr/share/doc/libgnutls30/LICENSE	INSTALL_FILE	OTHER		0o644	
usr/share/doc/libgnutls30/NEWS.zst	INSTALL_FILE	OTHER		0o644	
usr/share/doc/libgnutls30/THANKS.zst	INSTALL_FILE	OTHER		0o644	
usr/share/doc/libgpg-error0	CREATE_DIRECTORY	DIRECTORY		0o755	
usr/share/doc/libgpg-error0/AUTHORS	INSTALL_FILE	OTHER		0o644	
usr/share/doc/libgpg-error0/COPYING	INSTALL_FILE	OTHER		0o644	
usr/share/doc/libgpg-error0/NEWS.zst	INSTALL_FILE	OTHER		0o644	
usr/share/doc/libgpg-error0/README.zst	INSTALL_FILE	OTHER		0o644	
usr/share/doc/libgpg-error0/THANKS.zst	INSTALL_FILE	OTHER		0o644	
usr/share/doc/libhogweed6	CREATE_DIRECTORY	DIRECTORY		0o755	
usr/share/doc/libhogweed6/AUTHORS	INSTALL_FILE	OTHER		0o644	
usr/share/doc/libhogweed6/NEWS.zst	INSTALL_FILE	OTHER		0o644	
usr/share/doc/libhogweed6/README.zst	INSTALL_FILE	OTHER		0o644	
usr/share/doc/libidn2-0	CREATE_DIRECTORY	DIRECTORY		0o755	
usr/share/doc/libidn2-0/AUTHORS	INSTALL_FILE	OTHER		0o644	
usr/share/doc/libidn2-0/COPYING	INSTALL_FILE	OTHER		0o644	
usr/share/doc/libidn2-0/NEWS.zst	INSTALL_FILE	OTHER		0o644	
usr/share/doc/libidn2-0/README.zst	INSTALL_FILE	OTHER		0o644	
usr/share/doc/libintl8	CREATE_DIRECTORY	DIRECTORY		0o755	
usr/share/doc/libintl8/AUTHORS	INSTALL_FILE	OTHER		0o644	
usr/share/doc/libintl8/COPYING	INSTALL_FILE	OTHER		0o644	
usr/share/doc/libintl8/NEWS.zst	INSTALL_FILE	OTHER		0o644	
usr/share/doc/libintl8/README.zst	INSTALL_FILE	OTHER		0o644	
usr/share/doc/libintl8/THANKS.zst	INSTALL_FILE	OTHER		0o644	
usr/share/doc/libiosexec1	CREATE_DIRECTORY	DIRECTORY		0o755	
usr/share/doc/libiosexec1/LICENSE	INSTALL_FILE	OTHER		0o644	
usr/share/doc/libkrw0	CREATE_DIRECTORY	DIRECTORY		0o755	
usr/share/doc/libkrw0/LICENSE	INSTALL_FILE	OTHER		0o644	
usr/share/doc/liblz4-1	CREATE_DIRECTORY	DIRECTORY		0o755	
usr/share/doc/liblz4-1/LICENSE	INSTALL_FILE	OTHER		0o644	
usr/share/doc/liblz4-1/NEWS.zst	INSTALL_FILE	OTHER		0o644	
usr/share/doc/liblzma5	CREATE_DIRECTORY	DIRECTORY		0o755	
usr/share/doc/liblzma5/AUTHORS	INSTALL_FILE	OTHER		0o644	
usr/share/doc/liblzma5/COPYING	INSTALL_FILE	OTHER		0o644	
usr/share/doc/liblzma5/NEWS.zst	INSTALL_FILE	OTHER		0o644	
usr/share/doc/liblzma5/README.zst	INSTALL_FILE	OTHER		0o644	
usr/share/doc/liblzma5/THANKS.zst	INSTALL_FILE	OTHER		0o644	
usr/share/doc/liblzma5/TODO.zst	INSTALL_FILE	OTHER		0o644	
usr/share/doc/libmd0	CREATE_DIRECTORY	DIRECTORY		0o755	
usr/share/doc/libmd0/COPYING	INSTALL_FILE	OTHER		0o644	
usr/share/doc/libmd0/README.zst	INSTALL_FILE	OTHER		0o644	
usr/share/doc/libncursesw6	CREATE_DIRECTORY	DIRECTORY		0o755	
usr/share/doc/libncursesw6/AUTHORS	INSTALL_FILE	OTHER		0o644	
usr/share/doc/libncursesw6/COPYING	INSTALL_FILE	OTHER		0o644	
usr/share/doc/libncursesw6/NEWS.zst	INSTALL_FILE	OTHER		0o644	
usr/share/doc/libncursesw6/README.zst	INSTALL_FILE	OTHER		0o644	
usr/share/doc/libnettle8	CREATE_DIRECTORY	DIRECTORY		0o755	
usr/share/doc/libnettle8/AUTHORS	INSTALL_FILE	OTHER		0o644	
usr/share/doc/libnettle8/NEWS.zst	INSTALL_FILE	OTHER		0o644	
usr/share/doc/libnettle8/README.zst	INSTALL_FILE	OTHER		0o644	
usr/share/doc/libnpth0	CREATE_DIRECTORY	DIRECTORY		0o755	
usr/share/doc/libnpth0/AUTHORS	INSTALL_FILE	OTHER		0o644	
usr/share/doc/libnpth0/NEWS.zst	INSTALL_FILE	OTHER		0o644	
usr/share/doc/libnpth0/README.zst	INSTALL_FILE	OTHER		0o644	
usr/share/doc/libp11-kit0	CREATE_DIRECTORY	DIRECTORY		0o755	
usr/share/doc/libp11-kit0/AUTHORS	INSTALL_FILE	OTHER		0o644	
usr/share/doc/libp11-kit0/COPYING	INSTALL_FILE	OTHER		0o644	
usr/share/doc/libp11-kit0/NEWS.zst	INSTALL_FILE	OTHER		0o644	
usr/share/doc/libp11-kit0/README.zst	INSTALL_FILE	OTHER		0o644	
usr/share/doc/libpam2	CREATE_DIRECTORY	DIRECTORY		0o755	
usr/share/doc/libpam2/LICENSE	INSTALL_FILE	OTHER		0o644	
usr/share/doc/libpam2/README.zst	INSTALL_FILE	OTHER		0o644	
usr/share/doc/libpam2/TODO.zst	INSTALL_FILE	OTHER		0o644	
usr/share/doc/libpcre1	CREATE_DIRECTORY	DIRECTORY		0o755	
usr/share/doc/libpcre1/AUTHORS	INSTALL_FILE	OTHER		0o644	
usr/share/doc/libpcre1/COPYING	INSTALL_FILE	OTHER		0o644	
usr/share/doc/libpcre1/NEWS.zst	INSTALL_FILE	OTHER		0o644	
usr/share/doc/libpcre1/README.zst	INSTALL_FILE	OTHER		0o644	
usr/share/doc/libpcre2-8-0	CREATE_DIRECTORY	DIRECTORY		0o755	
usr/share/doc/libpcre2-8-0/AUTHORS	INSTALL_FILE	OTHER		0o644	
usr/share/doc/libpcre2-8-0/COPYING	INSTALL_FILE	OTHER		0o644	
usr/share/doc/libpcre2-8-0/NEWS.zst	INSTALL_FILE	OTHER		0o644	
usr/share/doc/libpcre2-8-0/README.zst	INSTALL_FILE	OTHER		0o644	
usr/share/doc/libreadline8	CREATE_DIRECTORY	DIRECTORY		0o755	
usr/share/doc/libreadline8/COPYING	INSTALL_FILE	OTHER		0o644	
usr/share/doc/libreadline8/NEWS.zst	INSTALL_FILE	OTHER		0o644	
usr/share/doc/libreadline8/README.zst	INSTALL_FILE	OTHER		0o644	
usr/share/doc/libssl3	CREATE_DIRECTORY	DIRECTORY		0o755	
usr/share/doc/libssl3/LICENSE.TXT.zst	INSTALL_FILE	OTHER		0o644	
usr/share/doc/libtasn1-6	CREATE_DIRECTORY	DIRECTORY		0o755	
usr/share/doc/libtasn1-6/AUTHORS	INSTALL_FILE	OTHER		0o644	
usr/share/doc/libtasn1-6/COPYING	INSTALL_FILE	OTHER		0o644	
usr/share/doc/libtasn1-6/NEWS.zst	INSTALL_FILE	OTHER		0o644	
usr/share/doc/libtasn1-6/README.zst	INSTALL_FILE	OTHER		0o644	
usr/share/doc/libtasn1-6/THANKS.zst	INSTALL_FILE	OTHER		0o644	
usr/share/doc/libunistring5	CREATE_DIRECTORY	DIRECTORY		0o755	
usr/share/doc/libunistring5/AUTHORS	INSTALL_FILE	OTHER		0o644	
usr/share/doc/libunistring5/COPYING	INSTALL_FILE	OTHER		0o644	
usr/share/doc/libunistring5/NEWS.zst	INSTALL_FILE	OTHER		0o644	
usr/share/doc/libunistring5/README.zst	INSTALL_FILE	OTHER		0o644	
usr/share/doc/libunistring5/THANKS.zst	INSTALL_FILE	OTHER		0o644	
usr/share/doc/libxxhash0	CREATE_DIRECTORY	DIRECTORY		0o755	
usr/share/doc/libxxhash0/LICENSE	INSTALL_FILE	OTHER		0o644	
usr/share/doc/libzstd1	CREATE_DIRECTORY	DIRECTORY		0o755	
usr/share/doc/libzstd1/COPYING	INSTALL_FILE	OTHER		0o644	
usr/share/doc/libzstd1/LICENSE	INSTALL_FILE	OTHER		0o644	
usr/share/doc/ncurses-bin	CREATE_DIRECTORY	DIRECTORY		0o755	
usr/share/doc/ncurses-bin/AUTHORS	INSTALL_FILE	OTHER		0o644	
usr/share/doc/ncurses-bin/COPYING	INSTALL_FILE	OTHER		0o644	
usr/share/doc/ncurses-bin/NEWS.zst	INSTALL_FILE	OTHER		0o644	
usr/share/doc/ncurses-bin/README.zst	INSTALL_FILE	OTHER		0o644	
usr/share/doc/ncurses-term	CREATE_DIRECTORY	DIRECTORY		0o755	
usr/share/doc/ncurses-term/AUTHORS	INSTALL_FILE	OTHER		0o644	
usr/share/doc/ncurses-term/COPYING	INSTALL_FILE	OTHER		0o644	
usr/share/doc/ncurses-term/NEWS.zst	INSTALL_FILE	OTHER		0o644	
usr/share/doc/ncurses-term/README.zst	INSTALL_FILE	OTHER		0o644	
usr/share/doc/openssh-client	CREATE_DIRECTORY	DIRECTORY		0o755	
usr/share/doc/openssh-client/README.zst	INSTALL_FILE	OTHER		0o644	
usr/share/doc/openssh-client/TODO.zst	INSTALL_FILE	OTHER		0o644	
usr/share/doc/openssh-server	CREATE_DIRECTORY	DIRECTORY		0o755	
usr/share/doc/openssh-server/README.zst	INSTALL_FILE	OTHER		0o644	
usr/share/doc/openssh-server/TODO.zst	INSTALL_FILE	OTHER		0o644	
usr/share/doc/openssh-sftp-server	CREATE_DIRECTORY	DIRECTORY		0o755	
usr/share/doc/openssh-sftp-server/README.zst	INSTALL_FILE	OTHER		0o644	
usr/share/doc/openssh-sftp-server/TODO.zst	INSTALL_FILE	OTHER		0o644	
usr/share/doc/sed	CREATE_DIRECTORY	DIRECTORY		0o755	
usr/share/doc/sed/AUTHORS	INSTALL_FILE	OTHER		0o644	
usr/share/doc/sed/COPYING	INSTALL_FILE	OTHER		0o644	
usr/share/doc/sed/NEWS.zst	INSTALL_FILE	OTHER		0o644	
usr/share/doc/sed/README.zst	INSTALL_FILE	OTHER		0o644	
usr/share/doc/sed/THANKS.zst	INSTALL_FILE	OTHER		0o444	
usr/share/doc/shshd	CREATE_DIRECTORY	DIRECTORY		0o755	
usr/share/doc/shshd/LICENSE	INSTALL_FILE	OTHER		0o644	
usr/share/doc/snaputil	CREATE_DIRECTORY	DIRECTORY		0o755	
usr/share/doc/snaputil/LICENSE	INSTALL_FILE	OTHER		0o644	
usr/share/doc/sudo	CREATE_DIRECTORY	DIRECTORY		0o755	
usr/share/doc/sudo/NEWS.zst	INSTALL_FILE	OTHER		0o644	
usr/share/doc/tar	CREATE_DIRECTORY	DIRECTORY		0o755	
usr/share/doc/tar/AUTHORS	INSTALL_FILE	OTHER		0o644	
usr/share/doc/tar/COPYING	INSTALL_FILE	OTHER		0o644	
usr/share/doc/tar/NEWS.zst	INSTALL_FILE	OTHER		0o644	
usr/share/doc/tar/README.zst	INSTALL_FILE	OTHER		0o644	
usr/share/doc/tar/THANKS.zst	INSTALL_FILE	OTHER		0o644	
usr/share/doc/tar/TODO.zst	INSTALL_FILE	OTHER		0o644	
usr/share/doc/uikittools	CREATE_DIRECTORY	DIRECTORY		0o755	
usr/share/doc/uikittools/LICENSE	INSTALL_FILE	OTHER		0o644	
usr/share/doc/vi	CREATE_DIRECTORY	DIRECTORY		0o755	
usr/share/doc/vi/LICENSE	INSTALL_FILE	OTHER		0o644	
usr/share/doc/vi/README.zst	INSTALL_FILE	OTHER		0o644	
usr/share/doc/vi/TODO.zst	INSTALL_FILE	OTHER		0o644	
usr/share/doc/zsh	CREATE_DIRECTORY	DIRECTORY		0o755	
usr/share/doc/zsh/NEWS.zst	INSTALL_FILE	OTHER		0o644	
usr/share/doc/zsh/README.zst	INSTALL_FILE	OTHER		0o644	
usr/share/dpkg	CREATE_DIRECTORY	DIRECTORY		0o755	
usr/share/dpkg/abitable	INSTALL_FILE	PACKAGE_METADATA		0o644	
usr/share/dpkg/cputable	INSTALL_FILE	PACKAGE_METADATA		0o644	
usr/share/dpkg/ostable	INSTALL_FILE	PACKAGE_METADATA		0o644	
usr/share/dpkg/sh	CREATE_DIRECTORY	DIRECTORY		0o755	
usr/share/dpkg/sh/dpkg-error.sh	INSTALL_FILE	PACKAGE_METADATA		0o644	
usr/share/dpkg/tupletable	INSTALL_FILE	PACKAGE_METADATA		0o644	
usr/share/examples	CREATE_DIRECTORY	DIRECTORY		0o755	
usr/share/examples/sudo	CREATE_DIRECTORY	DIRECTORY		0o755	
usr/share/examples/sudo/cvtsudoers.conf	INSTALL_FILE	OTHER		0o644	
usr/share/examples/sudo/pam.conf	INSTALL_FILE	OTHER		0o644	
usr/share/examples/sudo/sudo.conf	INSTALL_FILE	OTHER		0o644	
usr/share/examples/sudo/sudo_logsrvd.conf	INSTALL_FILE	OTHER		0o644	
usr/share/examples/sudo/sudoers	INSTALL_FILE	OTHER		0o644	
usr/share/examples/sudo/syslog.conf	INSTALL_FILE	OTHER		0o644	
usr/share/locale	CREATE_DIRECTORY	DIRECTORY		0o755	
usr/share/locale/af	CREATE_DIRECTORY	DIRECTORY		0o755	
usr/share/locale/af/LC_MESSAGES	CREATE_DIRECTORY	DIRECTORY		0o755	
usr/share/locale/af/LC_MESSAGES/coreutils.mo	INSTALL_FILE	OTHER		0o644	
usr/share/locale/af/LC_MESSAGES/grep.mo	INSTALL_FILE	OTHER		0o644	
usr/share/locale/ar	CREATE_DIRECTORY	DIRECTORY		0o755	
usr/share/locale/ar/LC_MESSAGES	CREATE_DIRECTORY	DIRECTORY		0o755	
usr/share/locale/ar/LC_MESSAGES/apt.mo	INSTALL_FILE	OTHER		0o644	
usr/share/locale/ar/LC_MESSAGES/libapt-pkg6.0.mo	INSTALL_FILE	OTHER		0o644	
usr/share/locale/ast	CREATE_DIRECTORY	DIRECTORY		0o755	
usr/share/locale/ast/LC_MESSAGES	CREATE_DIRECTORY	DIRECTORY		0o755	
usr/share/locale/ast/LC_MESSAGES/apt.mo	INSTALL_FILE	OTHER		0o644	
usr/share/locale/ast/LC_MESSAGES/dpkg.mo	INSTALL_FILE	PACKAGE_METADATA		0o644	
usr/share/locale/ast/LC_MESSAGES/libapt-pkg6.0.mo	INSTALL_FILE	OTHER		0o644	
usr/share/locale/ast/LC_MESSAGES/sudo.mo	INSTALL_FILE	OTHER		0o644	
usr/share/locale/ast/LC_MESSAGES/sudoers.mo	INSTALL_FILE	OTHER		0o644	
usr/share/locale/be	CREATE_DIRECTORY	DIRECTORY		0o755	
usr/share/locale/be/LC_MESSAGES	CREATE_DIRECTORY	DIRECTORY		0o755	
usr/share/locale/be/LC_MESSAGES/coreutils.mo	INSTALL_FILE	OTHER		0o644	
usr/share/locale/be/LC_MESSAGES/findutils.mo	INSTALL_FILE	OTHER		0o644	
usr/share/locale/be/LC_MESSAGES/grep.mo	INSTALL_FILE	OTHER		0o644	
usr/share/locale/bg	CREATE_DIRECTORY	DIRECTORY		0o755	
usr/share/locale/bg/LC_MESSAGES	CREATE_DIRECTORY	DIRECTORY		0o755	
usr/share/locale/bg/LC_MESSAGES/apt.mo	INSTALL_FILE	OTHER		0o644	
usr/share/locale/bg/LC_MESSAGES/coreutils.mo	INSTALL_FILE	OTHER		0o644	
usr/share/locale/bg/LC_MESSAGES/diffutils.mo	INSTALL_FILE	OTHER		0o644	
usr/share/locale/bg/LC_MESSAGES/findutils.mo	INSTALL_FILE	OTHER		0o644	
usr/share/locale/bg/LC_MESSAGES/grep.mo	INSTALL_FILE	OTHER		0o644	
usr/share/locale/bg/LC_MESSAGES/libapt-pkg6.0.mo	INSTALL_FILE	OTHER		0o644	
usr/share/locale/bg/LC_MESSAGES/tar.mo	INSTALL_FILE	OTHER		0o644	
usr/share/locale/bs	CREATE_DIRECTORY	DIRECTORY		0o755	
usr/share/locale/bs/LC_MESSAGES	CREATE_DIRECTORY	DIRECTORY		0o755	
usr/share/locale/bs/LC_MESSAGES/apt.mo	INSTALL_FILE	OTHER		0o644	
usr/share/locale/bs/LC_MESSAGES/dpkg.mo	INSTALL_FILE	PACKAGE_METADATA		0o644	
usr/share/locale/bs/LC_MESSAGES/libapt-pkg6.0.mo	INSTALL_FILE	OTHER		0o644	
usr/share/locale/ca	CREATE_DIRECTORY	DIRECTORY		0o755	
usr/share/locale/ca/LC_MESSAGES	CREATE_DIRECTORY	DIRECTORY		0o755	
usr/share/locale/ca/LC_MESSAGES/apt.mo	INSTALL_FILE	OTHER		0o644	
usr/share/locale/ca/LC_MESSAGES/coreutils.mo	INSTALL_FILE	OTHER		0o644	
usr/share/locale/ca/LC_MESSAGES/diffutils.mo	INSTALL_FILE	OTHER		0o644	
usr/share/locale/ca/LC_MESSAGES/dpkg.mo	INSTALL_FILE	PACKAGE_METADATA		0o644	
usr/share/locale/ca/LC_MESSAGES/findutils.mo	INSTALL_FILE	OTHER		0o644	
usr/share/locale/ca/LC_MESSAGES/grep.mo	INSTALL_FILE	OTHER		0o644	
usr/share/locale/ca/LC_MESSAGES/libapt-pkg6.0.mo	INSTALL_FILE	OTHER		0o644	
usr/share/locale/ca/LC_MESSAGES/sudo.mo	INSTALL_FILE	OTHER		0o644	
usr/share/locale/ca/LC_MESSAGES/sudoers.mo	INSTALL_FILE	OTHER		0o644	
usr/share/locale/ca/LC_MESSAGES/tar.mo	INSTALL_FILE	OTHER		0o644	
usr/share/locale/cs	CREATE_DIRECTORY	DIRECTORY		0o755	
usr/share/locale/cs/LC_MESSAGES	CREATE_DIRECTORY	DIRECTORY		0o755	
usr/share/locale/cs/LC_MESSAGES/apt.mo	INSTALL_FILE	OTHER		0o644	
usr/share/locale/cs/LC_MESSAGES/coreutils.mo	INSTALL_FILE	OTHER		0o644	
usr/share/locale/cs/LC_MESSAGES/diffutils.mo	INSTALL_FILE	OTHER		0o644	
usr/share/locale/cs/LC_MESSAGES/dpkg.mo	INSTALL_FILE	PACKAGE_METADATA		0o644	
usr/share/locale/cs/LC_MESSAGES/findutils.mo	INSTALL_FILE	OTHER		0o644	
usr/share/locale/cs/LC_MESSAGES/grep.mo	INSTALL_FILE	OTHER		0o644	
usr/share/locale/cs/LC_MESSAGES/libapt-pkg6.0.mo	INSTALL_FILE	OTHER		0o644	
usr/share/locale/cs/LC_MESSAGES/libidn2.mo	INSTALL_FILE	OTHER		0o644	
usr/share/locale/cs/LC_MESSAGES/sudo.mo	INSTALL_FILE	OTHER		0o644	
usr/share/locale/cs/LC_MESSAGES/sudoers.mo	INSTALL_FILE	OTHER		0o644	
usr/share/locale/cs/LC_MESSAGES/tar.mo	INSTALL_FILE	OTHER		0o644	
usr/share/locale/cy	CREATE_DIRECTORY	DIRECTORY		0o755	
usr/share/locale/cy/LC_MESSAGES	CREATE_DIRECTORY	DIRECTORY		0o755	
usr/share/locale/cy/LC_MESSAGES/apt.mo	INSTALL_FILE	OTHER		0o644	
usr/share/locale/cy/LC_MESSAGES/libapt-pkg6.0.mo	INSTALL_FILE	OTHER		0o644	
usr/share/locale/da	CREATE_DIRECTORY	DIRECTORY		0o755	
usr/share/locale/da/LC_MESSAGES	CREATE_DIRECTORY	DIRECTORY		0o755	
usr/share/locale/da/LC_MESSAGES/apt.mo	INSTALL_FILE	OTHER		0o644	
usr/share/locale/da/LC_MESSAGES/coreutils.mo	INSTALL_FILE	OTHER		0o644	
usr/share/locale/da/LC_MESSAGES/diffutils.mo	INSTALL_FILE	OTHER		0o644	
usr/share/locale/da/LC_MESSAGES/dpkg.mo	INSTALL_FILE	PACKAGE_METADATA		0o644	
usr/share/locale/da/LC_MESSAGES/findutils.mo	INSTALL_FILE	OTHER		0o644	
usr/share/locale/da/LC_MESSAGES/grep.mo	INSTALL_FILE	OTHER		0o644	
usr/share/locale/da/LC_MESSAGES/libapt-pkg6.0.mo	INSTALL_FILE	OTHER		0o644	
usr/share/locale/da/LC_MESSAGES/libidn2.mo	INSTALL_FILE	OTHER		0o644	
usr/share/locale/da/LC_MESSAGES/sudo.mo	INSTALL_FILE	OTHER		0o644	
usr/share/locale/da/LC_MESSAGES/sudoers.mo	INSTALL_FILE	OTHER		0o644	
usr/share/locale/da/LC_MESSAGES/tar.mo	INSTALL_FILE	OTHER		0o644	
usr/share/locale/de	CREATE_DIRECTORY	DIRECTORY		0o755	
usr/share/locale/de/LC_MESSAGES	CREATE_DIRECTORY	DIRECTORY		0o755	
usr/share/locale/de/LC_MESSAGES/apt.mo	INSTALL_FILE	OTHER		0o644	
usr/share/locale/de/LC_MESSAGES/coreutils.mo	INSTALL_FILE	OTHER		0o644	
usr/share/locale/de/LC_MESSAGES/diffutils.mo	INSTALL_FILE	OTHER		0o644	
usr/share/locale/de/LC_MESSAGES/dpkg.mo	INSTALL_FILE	PACKAGE_METADATA		0o644	
usr/share/locale/de/LC_MESSAGES/findutils.mo	INSTALL_FILE	OTHER		0o644	
usr/share/locale/de/LC_MESSAGES/grep.mo	INSTALL_FILE	OTHER		0o644	
usr/share/locale/de/LC_MESSAGES/libapt-pkg6.0.mo	INSTALL_FILE	OTHER		0o644	
usr/share/locale/de/LC_MESSAGES/libidn2.mo	INSTALL_FILE	OTHER		0o644	
usr/share/locale/de/LC_MESSAGES/sudo.mo	INSTALL_FILE	OTHER		0o644	
usr/share/locale/de/LC_MESSAGES/sudoers.mo	INSTALL_FILE	OTHER		0o644	
usr/share/locale/de/LC_MESSAGES/tar.mo	INSTALL_FILE	OTHER		0o644	
usr/share/locale/de/LC_MESSAGES/uikittools-ng.mo	INSTALL_FILE	OTHER		0o644	
usr/share/locale/dz	CREATE_DIRECTORY	DIRECTORY		0o755	
usr/share/locale/dz/LC_MESSAGES	CREATE_DIRECTORY	DIRECTORY		0o755	
usr/share/locale/dz/LC_MESSAGES/apt.mo	INSTALL_FILE	OTHER		0o644	
usr/share/locale/dz/LC_MESSAGES/dpkg.mo	INSTALL_FILE	PACKAGE_METADATA		0o644	
usr/share/locale/dz/LC_MESSAGES/libapt-pkg6.0.mo	INSTALL_FILE	OTHER		0o644	
usr/share/locale/el	CREATE_DIRECTORY	DIRECTORY		0o755	
usr/share/locale/el/LC_MESSAGES	CREATE_DIRECTORY	DIRECTORY		0o755	
usr/share/locale/el/LC_MESSAGES/apt.mo	INSTALL_FILE	OTHER		0o644	
usr/share/locale/el/LC_MESSAGES/coreutils.mo	INSTALL_FILE	OTHER		0o644	
usr/share/locale/el/LC_MESSAGES/diffutils.mo	INSTALL_FILE	OTHER		0o644	
usr/share/locale/el/LC_MESSAGES/dpkg.mo	INSTALL_FILE	PACKAGE_METADATA		0o644	
usr/share/locale/el/LC_MESSAGES/findutils.mo	INSTALL_FILE	OTHER		0o644	
usr/share/locale/el/LC_MESSAGES/grep.mo	INSTALL_FILE	OTHER		0o644	
usr/share/locale/el/LC_MESSAGES/libapt-pkg6.0.mo	INSTALL_FILE	OTHER		0o644	
usr/share/locale/el/LC_MESSAGES/sudoers.mo	INSTALL_FILE	OTHER		0o644	
usr/share/locale/el/LC_MESSAGES/tar.mo	INSTALL_FILE	OTHER		0o644	
usr/share/locale/en_PT	CREATE_DIRECTORY	DIRECTORY		0o755	
usr/share/locale/en_PT/LC_MESSAGES	CREATE_DIRECTORY	DIRECTORY		0o755	
usr/share/locale/en_PT/LC_MESSAGES/uikittools-ng.mo	INSTALL_FILE	OTHER		0o644	
usr/share/locale/eo	CREATE_DIRECTORY	DIRECTORY		0o755	
usr/share/locale/eo/LC_MESSAGES	CREATE_DIRECTORY	DIRECTORY		0o755	
usr/share/locale/eo/LC_MESSAGES/coreutils.mo	INSTALL_FILE	OTHER		0o644	
usr/share/locale/eo/LC_MESSAGES/diffutils.mo	INSTALL_FILE	OTHER		0o644	
usr/share/locale/eo/LC_MESSAGES/dpkg.mo	INSTALL_FILE	PACKAGE_METADATA		0o644	
usr/share/locale/eo/LC_MESSAGES/findutils.mo	INSTALL_FILE	OTHER		0o644	
usr/share/locale/eo/LC_MESSAGES/grep.mo	INSTALL_FILE	OTHER		0o644	
usr/share/locale/eo/LC_MESSAGES/libidn2.mo	INSTALL_FILE	OTHER		0o644	
usr/share/locale/eo/LC_MESSAGES/sudo.mo	INSTALL_FILE	OTHER		0o644	
usr/share/locale/eo/LC_MESSAGES/sudoers.mo	INSTALL_FILE	OTHER		0o644	
usr/share/locale/eo/LC_MESSAGES/tar.mo	INSTALL_FILE	OTHER		0o644	
usr/share/locale/es	CREATE_DIRECTORY	DIRECTORY		0o755	
usr/share/locale/es/LC_MESSAGES	CREATE_DIRECTORY	DIRECTORY		0o755	
usr/share/locale/es/LC_MESSAGES/apt.mo	INSTALL_FILE	OTHER		0o644	
usr/share/locale/es/LC_MESSAGES/coreutils.mo	INSTALL_FILE	OTHER		0o644	
usr/share/locale/es/LC_MESSAGES/diffutils.mo	INSTALL_FILE	OTHER		0o644	
usr/share/locale/es/LC_MESSAGES/dpkg.mo	INSTALL_FILE	PACKAGE_METADATA		0o644	
usr/share/locale/es/LC_MESSAGES/findutils.mo	INSTALL_FILE	OTHER		0o644	
usr/share/locale/es/LC_MESSAGES/grep.mo	INSTALL_FILE	OTHER		0o644	
usr/share/locale/es/LC_MESSAGES/libapt-pkg6.0.mo	INSTALL_FILE	OTHER		0o644	
usr/share/locale/es/LC_MESSAGES/libidn2.mo	INSTALL_FILE	OTHER		0o644	
usr/share/locale/es/LC_MESSAGES/sudo.mo	INSTALL_FILE	OTHER		0o644	
usr/share/locale/es/LC_MESSAGES/sudoers.mo	INSTALL_FILE	OTHER		0o644	
usr/share/locale/es/LC_MESSAGES/tar.mo	INSTALL_FILE	OTHER		0o644	
usr/share/locale/et	CREATE_DIRECTORY	DIRECTORY		0o755	
usr/share/locale/et/LC_MESSAGES	CREATE_DIRECTORY	DIRECTORY		0o755	
usr/share/locale/et/LC_MESSAGES/coreutils.mo	INSTALL_FILE	OTHER		0o644	
usr/share/locale/et/LC_MESSAGES/dpkg.mo	INSTALL_FILE	PACKAGE_METADATA		0o644	
usr/share/locale/et/LC_MESSAGES/findutils.mo	INSTALL_FILE	OTHER		0o644	
usr/share/locale/et/LC_MESSAGES/grep.mo	INSTALL_FILE	OTHER		0o644	
usr/share/locale/et/LC_MESSAGES/tar.mo	INSTALL_FILE	OTHER		0o644	
usr/share/locale/eu	CREATE_DIRECTORY	DIRECTORY		0o755	
usr/share/locale/eu/LC_MESSAGES	CREATE_DIRECTORY	DIRECTORY		0o755	
usr/share/locale/eu/LC_MESSAGES/apt.mo	INSTALL_FILE	OTHER		0o644	
usr/share/locale/eu/LC_MESSAGES/coreutils.mo	INSTALL_FILE	OTHER		0o644	
usr/share/locale/eu/LC_MESSAGES/dpkg.mo	INSTALL_FILE	PACKAGE_METADATA		0o644	
usr/share/locale/eu/LC_MESSAGES/grep.mo	INSTALL_FILE	OTHER		0o644	
usr/share/locale/eu/LC_MESSAGES/libapt-pkg6.0.mo	INSTALL_FILE	OTHER		0o644	
usr/share/locale/eu/LC_MESSAGES/sudo.mo	INSTALL_FILE	OTHER		0o644	
usr/share/locale/eu/LC_MESSAGES/sudoers.mo	INSTALL_FILE	OTHER		0o644	
usr/share/locale/eu/LC_MESSAGES/tar.mo	INSTALL_FILE	OTHER		0o644	
usr/share/locale/fa	CREATE_DIRECTORY	DIRECTORY		0o755	
usr/share/locale/fa/LC_MESSAGES	CREATE_DIRECTORY	DIRECTORY		0o755	
usr/share/locale/fa/LC_MESSAGES/sudo.mo	INSTALL_FILE	OTHER		0o644	
usr/share/locale/fi	CREATE_DIRECTORY	DIRECTORY		0o755	
usr/share/locale/fi/LC_MESSAGES	CREATE_DIRECTORY	DIRECTORY		0o755	
usr/share/locale/fi/LC_MESSAGES/apt.mo	INSTALL_FILE	OTHER		0o644	
usr/share/locale/fi/LC_MESSAGES/coreutils.mo	INSTALL_FILE	OTHER		0o644	
usr/share/locale/fi/LC_MESSAGES/diffutils.mo	INSTALL_FILE	OTHER		0o644	
usr/share/locale/fi/LC_MESSAGES/findutils.mo	INSTALL_FILE	OTHER		0o644	
usr/share/locale/fi/LC_MESSAGES/grep.mo	INSTALL_FILE	OTHER		0o644	
usr/share/locale/fi/LC_MESSAGES/libapt-pkg6.0.mo	INSTALL_FILE	OTHER		0o644	
usr/share/locale/fi/LC_MESSAGES/libidn2.mo	INSTALL_FILE	OTHER		0o644	
usr/share/locale/fi/LC_MESSAGES/sudo.mo	INSTALL_FILE	OTHER		0o644	
usr/share/locale/fi/LC_MESSAGES/sudoers.mo	INSTALL_FILE	OTHER		0o644	
usr/share/locale/fi/LC_MESSAGES/tar.mo	INSTALL_FILE	OTHER		0o644	
usr/share/locale/fr	CREATE_DIRECTORY	DIRECTORY		0o755	
usr/share/locale/fr/LC_MESSAGES	CREATE_DIRECTORY	DIRECTORY		0o755	
usr/share/locale/fr/LC_MESSAGES/apt.mo	INSTALL_FILE	OTHER		0o644	
usr/share/locale/fr/LC_MESSAGES/coreutils.mo	INSTALL_FILE	OTHER		0o644	
usr/share/locale/fr/LC_MESSAGES/diffutils.mo	INSTALL_FILE	OTHER		0o644	
usr/share/locale/fr/LC_MESSAGES/dpkg.mo	INSTALL_FILE	PACKAGE_METADATA		0o644	
usr/share/locale/fr/LC_MESSAGES/findutils.mo	INSTALL_FILE	OTHER		0o644	
usr/share/locale/fr/LC_MESSAGES/grep.mo	INSTALL_FILE	OTHER		0o644	
usr/share/locale/fr/LC_MESSAGES/libapt-pkg6.0.mo	INSTALL_FILE	OTHER		0o644	
usr/share/locale/fr/LC_MESSAGES/libidn2.mo	INSTALL_FILE	OTHER		0o644	
usr/share/locale/fr/LC_MESSAGES/sudo.mo	INSTALL_FILE	OTHER		0o644	
usr/share/locale/fr/LC_MESSAGES/sudoers.mo	INSTALL_FILE	OTHER		0o644	
usr/share/locale/fr/LC_MESSAGES/tar.mo	INSTALL_FILE	OTHER		0o644	
usr/share/locale/fr/LC_MESSAGES/uikittools-ng.mo	INSTALL_FILE	OTHER		0o644	
usr/share/locale/fur	CREATE_DIRECTORY	DIRECTORY		0o755	
usr/share/locale/fur/LC_MESSAGES	CREATE_DIRECTORY	DIRECTORY		0o755	
usr/share/locale/fur/LC_MESSAGES/libidn2.mo	INSTALL_FILE	OTHER		0o644	
usr/share/locale/fur/LC_MESSAGES/sudo.mo	INSTALL_FILE	OTHER		0o644	
usr/share/locale/fur/LC_MESSAGES/sudoers.mo	INSTALL_FILE	OTHER		0o644	
usr/share/locale/ga	CREATE_DIRECTORY	DIRECTORY		0o755	
usr/share/locale/ga/LC_MESSAGES	CREATE_DIRECTORY	DIRECTORY		0o755	
usr/share/locale/ga/LC_MESSAGES/coreutils.mo	INSTALL_FILE	OTHER		0o644	
usr/share/locale/ga/LC_MESSAGES/diffutils.mo	INSTALL_FILE	OTHER		0o644	
usr/share/locale/ga/LC_MESSAGES/findutils.mo	INSTALL_FILE	OTHER		0o644	
usr/share/locale/ga/LC_MESSAGES/grep.mo	INSTALL_FILE	OTHER		0o644	
usr/share/locale/ga/LC_MESSAGES/tar.mo	INSTALL_FILE	OTHER		0o644	
usr/share/locale/gl	CREATE_DIRECTORY	DIRECTORY		0o755	
usr/share/locale/gl/LC_MESSAGES	CREATE_DIRECTORY	DIRECTORY		0o755	
usr/share/locale/gl/LC_MESSAGES/apt.mo	INSTALL_FILE	OTHER		0o644	
usr/share/locale/gl/LC_MESSAGES/coreutils.mo	INSTALL_FILE	OTHER		0o644	
usr/share/locale/gl/LC_MESSAGES/diffutils.mo	INSTALL_FILE	OTHER		0o644	
usr/share/locale/gl/LC_MESSAGES/dpkg.mo	INSTALL_FILE	PACKAGE_METADATA		0o644	
usr/share/locale/gl/LC_MESSAGES/findutils.mo	INSTALL_FILE	OTHER		0o644	
usr/share/locale/gl/LC_MESSAGES/grep.mo	INSTALL_FILE	OTHER		0o644	
usr/share/locale/gl/LC_MESSAGES/libapt-pkg6.0.mo	INSTALL_FILE	OTHER		0o644	
usr/share/locale/gl/LC_MESSAGES/sudo.mo	INSTALL_FILE	OTHER		0o644	
usr/share/locale/gl/LC_MESSAGES/tar.mo	INSTALL_FILE	OTHER		0o644	
usr/share/locale/he	CREATE_DIRECTORY	DIRECTORY		0o755	
usr/share/locale/he/LC_MESSAGES	CREATE_DIRECTORY	DIRECTORY		0o755	
usr/share/locale/he/LC_MESSAGES/diffutils.mo	INSTALL_FILE	OTHER		0o644	
usr/share/locale/he/LC_MESSAGES/grep.mo	INSTALL_FILE	OTHER		0o644	
usr/share/locale/hr	CREATE_DIRECTORY	DIRECTORY		0o755	
usr/share/locale/hr/LC_MESSAGES	CREATE_DIRECTORY	DIRECTORY		0o755	
usr/share/locale/hr/LC_MESSAGES/coreutils.mo	INSTALL_FILE	OTHER		0o644	
usr/share/locale/hr/LC_MESSAGES/diffutils.mo	INSTALL_FILE	OTHER		0o644	
usr/share/locale/hr/LC_MESSAGES/findutils.mo	INSTALL_FILE	OTHER		0o644	
usr/share/locale/hr/LC_MESSAGES/grep.mo	INSTALL_FILE	OTHER		0o644	
usr/share/locale/hr/LC_MESSAGES/libidn2.mo	INSTALL_FILE	OTHER		0o644	
usr/share/locale/hr/LC_MESSAGES/sudo.mo	INSTALL_FILE	OTHER		0o644	
usr/share/locale/hr/LC_MESSAGES/sudoers.mo	INSTALL_FILE	OTHER		0o644	
usr/share/locale/hr/LC_MESSAGES/tar.mo	INSTALL_FILE	OTHER		0o644	
usr/share/locale/hu	CREATE_DIRECTORY	DIRECTORY		0o755	
usr/share/locale/hu/LC_MESSAGES	CREATE_DIRECTORY	DIRECTORY		0o755	
usr/share/locale/hu/LC_MESSAGES/apt.mo	INSTALL_FILE	OTHER		0o644	
usr/share/locale/hu/LC_MESSAGES/coreutils.mo	INSTALL_FILE	OTHER		0o644	
usr/share/locale/hu/LC_MESSAGES/diffutils.mo	INSTALL_FILE	OTHER		0o644	
usr/share/locale/hu/LC_MESSAGES/dpkg.mo	INSTALL_FILE	PACKAGE_METADATA		0o644	
usr/share/locale/hu/LC_MESSAGES/findutils.mo	INSTALL_FILE	OTHER		0o644	
usr/share/locale/hu/LC_MESSAGES/grep.mo	INSTALL_FILE	OTHER		0o644	
usr/share/locale/hu/LC_MESSAGES/libapt-pkg6.0.mo	INSTALL_FILE	OTHER		0o644	
usr/share/locale/hu/LC_MESSAGES/libidn2.mo	INSTALL_FILE	OTHER		0o644	
usr/share/locale/hu/LC_MESSAGES/sudo.mo	INSTALL_FILE	OTHER		0o644	
usr/share/locale/hu/LC_MESSAGES/sudoers.mo	INSTALL_FILE	OTHER		0o644	
usr/share/locale/hu/LC_MESSAGES/tar.mo	INSTALL_FILE	OTHER		0o644	
usr/share/locale/ia	CREATE_DIRECTORY	DIRECTORY		0o755	
usr/share/locale/ia/LC_MESSAGES	CREATE_DIRECTORY	DIRECTORY		0o755	
usr/share/locale/ia/LC_MESSAGES/coreutils.mo	INSTALL_FILE	OTHER		0o644	
usr/share/locale/id	CREATE_DIRECTORY	DIRECTORY		0o755	
usr/share/locale/id/LC_MESSAGES	CREATE_DIRECTORY	DIRECTORY		0o755	
usr/share/locale/id/LC_MESSAGES/coreutils.mo	INSTALL_FILE	OTHER		0o644	
usr/share/locale/id/LC_MESSAGES/diffutils.mo	INSTALL_FILE	OTHER		0o644	
usr/share/locale/id/LC_MESSAGES/dpkg.mo	INSTALL_FILE	PACKAGE_METADATA		0o644	
usr/share/locale/id/LC_MESSAGES/findutils.mo	INSTALL_FILE	OTHER		0o644	
usr/share/locale/id/LC_MESSAGES/grep.mo	INSTALL_FILE	OTHER		0o644	
usr/share/locale/id/LC_MESSAGES/libidn2.mo	INSTALL_FILE	OTHER		0o644	
usr/share/locale/id/LC_MESSAGES/sudo.mo	INSTALL_FILE	OTHER		0o644	
usr/share/locale/id/LC_MESSAGES/tar.mo	INSTALL_FILE	OTHER		0o644	
usr/share/locale/it	CREATE_DIRECTORY	DIRECTORY		0o755	
usr/share/locale/it/LC_MESSAGES	CREATE_DIRECTORY	DIRECTORY		0o755	
usr/share/locale/it/LC_MESSAGES/apt.mo	INSTALL_FILE	OTHER		0o644	
usr/share/locale/it/LC_MESSAGES/coreutils.mo	INSTALL_FILE	OTHER		0o644	
usr/share/locale/it/LC_MESSAGES/diffutils.mo	INSTALL_FILE	OTHER		0o644	
usr/share/locale/it/LC_MESSAGES/dpkg.mo	INSTALL_FILE	PACKAGE_METADATA		0o644	
usr/share/locale/it/LC_MESSAGES/findutils.mo	INSTALL_FILE	OTHER		0o644	
usr/share/locale/it/LC_MESSAGES/grep.mo	INSTALL_FILE	OTHER		0o644	
usr/share/locale/it/LC_MESSAGES/libapt-pkg6.0.mo	INSTALL_FILE	OTHER		0o644	
usr/share/locale/it/LC_MESSAGES/libidn2.mo	INSTALL_FILE	OTHER		0o644	
usr/share/locale/it/LC_MESSAGES/sudo.mo	INSTALL_FILE	OTHER		0o644	
usr/share/locale/it/LC_MESSAGES/sudoers.mo	INSTALL_FILE	OTHER		0o644	
usr/share/locale/it/LC_MESSAGES/tar.mo	INSTALL_FILE	OTHER		0o644	
usr/share/locale/it/LC_MESSAGES/uikittools-ng.mo	INSTALL_FILE	OTHER		0o644	
usr/share/locale/ja	CREATE_DIRECTORY	DIRECTORY		0o755	
usr/share/locale/ja/LC_MESSAGES	CREATE_DIRECTORY	DIRECTORY		0o755	
usr/share/locale/ja/LC_MESSAGES/apt.mo	INSTALL_FILE	OTHER		0o644	
usr/share/locale/ja/LC_MESSAGES/coreutils.mo	INSTALL_FILE	OTHER		0o644	
usr/share/locale/ja/LC_MESSAGES/diffutils.mo	INSTALL_FILE	OTHER		0o644	
usr/share/locale/ja/LC_MESSAGES/dpkg.mo	INSTALL_FILE	PACKAGE_METADATA		0o644	
usr/share/locale/ja/LC_MESSAGES/findutils.mo	INSTALL_FILE	OTHER		0o644	
usr/share/locale/ja/LC_MESSAGES/grep.mo	INSTALL_FILE	OTHER		0o644	
usr/share/locale/ja/LC_MESSAGES/libapt-pkg6.0.mo	INSTALL_FILE	OTHER		0o644	
usr/share/locale/ja/LC_MESSAGES/libidn2.mo	INSTALL_FILE	OTHER		0o644	
usr/share/locale/ja/LC_MESSAGES/sudo.mo	INSTALL_FILE	OTHER		0o644	
usr/share/locale/ja/LC_MESSAGES/sudoers.mo	INSTALL_FILE	OTHER		0o644	
usr/share/locale/ja/LC_MESSAGES/tar.mo	INSTALL_FILE	OTHER		0o644	
usr/share/locale/ka	CREATE_DIRECTORY	DIRECTORY		0o755	
usr/share/locale/ka/LC_MESSAGES	CREATE_DIRECTORY	DIRECTORY		0o755	
usr/share/locale/ka/LC_MESSAGES/coreutils.mo	INSTALL_FILE	OTHER		0o644	
usr/share/locale/ka/LC_MESSAGES/diffutils.mo	INSTALL_FILE	OTHER		0o644	
usr/share/locale/ka/LC_MESSAGES/grep.mo	INSTALL_FILE	OTHER		0o644	
usr/share/locale/ka/LC_MESSAGES/libidn2.mo	INSTALL_FILE	OTHER		0o644	
usr/share/locale/ka/LC_MESSAGES/sudo.mo	INSTALL_FILE	OTHER		0o644	
usr/share/locale/ka/LC_MESSAGES/sudoers.mo	INSTALL_FILE	OTHER		0o644	
usr/share/locale/ka/LC_MESSAGES/tar.mo	INSTALL_FILE	OTHER		0o644	
usr/share/locale/kk	CREATE_DIRECTORY	DIRECTORY		0o755	
usr/share/locale/kk/LC_MESSAGES	CREATE_DIRECTORY	DIRECTORY		0o755	
usr/share/locale/kk/LC_MESSAGES/coreutils.mo	INSTALL_FILE	OTHER		0o644	
usr/share/locale/km	CREATE_DIRECTORY	DIRECTORY		0o755	
usr/share/locale/km/LC_MESSAGES	CREATE_DIRECTORY	DIRECTORY		0o755	
usr/share/locale/km/LC_MESSAGES/apt.mo	INSTALL_FILE	OTHER		0o644	
usr/share/locale/km/LC_MESSAGES/dpkg.mo	INSTALL_FILE	PACKAGE_METADATA		0o644	
usr/share/locale/km/LC_MESSAGES/libapt-pkg6.0.mo	INSTALL_FILE	OTHER		0o644	
usr/share/locale/ko	CREATE_DIRECTORY	DIRECTORY		0o755	
usr/share/locale/ko/LC_MESSAGES	CREATE_DIRECTORY	DIRECTORY		0o755	
usr/share/locale/ko/LC_MESSAGES/apt.mo	INSTALL_FILE	OTHER		0o644	
usr/share/locale/ko/LC_MESSAGES/coreutils.mo	INSTALL_FILE	OTHER		0o644	
usr/share/locale/ko/LC_MESSAGES/diffutils.mo	INSTALL_FILE	OTHER		0o644	
usr/share/locale/ko/LC_MESSAGES/dpkg.mo	INSTALL_FILE	PACKAGE_METADATA		0o644	
usr/share/locale/ko/LC_MESSAGES/findutils.mo	INSTALL_FILE	OTHER		0o644	
usr/share/locale/ko/LC_MESSAGES/grep.mo	INSTALL_FILE	OTHER		0o644	
usr/share/locale/ko/LC_MESSAGES/libapt-pkg6.0.mo	INSTALL_FILE	OTHER		0o644	
usr/share/locale/ko/LC_MESSAGES/libidn2.mo	INSTALL_FILE	OTHER		0o644	
usr/share/locale/ko/LC_MESSAGES/sudo.mo	INSTALL_FILE	OTHER		0o644	
usr/share/locale/ko/LC_MESSAGES/sudoers.mo	INSTALL_FILE	OTHER		0o644	
usr/share/locale/ko/LC_MESSAGES/tar.mo	INSTALL_FILE	OTHER		0o644	
usr/share/locale/ko/LC_MESSAGES/uikittools-ng.mo	INSTALL_FILE	OTHER		0o644	
usr/share/locale/ku	CREATE_DIRECTORY	DIRECTORY		0o755	
usr/share/locale/ku/LC_MESSAGES	CREATE_DIRECTORY	DIRECTORY		0o755	
usr/share/locale/ku/LC_MESSAGES/apt.mo	INSTALL_FILE	OTHER		0o644	
usr/share/locale/ku/LC_MESSAGES/dpkg.mo	INSTALL_FILE	PACKAGE_METADATA		0o644	
usr/share/locale/ku/LC_MESSAGES/libapt-pkg6.0.mo	INSTALL_FILE	OTHER		0o644	
usr/share/locale/ky	CREATE_DIRECTORY	DIRECTORY		0o755	
usr/share/locale/ky/LC_MESSAGES	CREATE_DIRECTORY	DIRECTORY		0o755	
usr/share/locale/ky/LC_MESSAGES/grep.mo	INSTALL_FILE	OTHER		0o644	
usr/share/locale/ky/LC_MESSAGES/tar.mo	INSTALL_FILE	OTHER		0o644	
usr/share/locale/lg	CREATE_DIRECTORY	DIRECTORY		0o755	
usr/share/locale/lg/LC_MESSAGES	CREATE_DIRECTORY	DIRECTORY		0o755	
usr/share/locale/lg/LC_MESSAGES/coreutils.mo	INSTALL_FILE	OTHER		0o644	
usr/share/locale/lg/LC_MESSAGES/findutils.mo	INSTALL_FILE	OTHER		0o644	
usr/share/locale/lt	CREATE_DIRECTORY	DIRECTORY		0o755	
usr/share/locale/lt/LC_MESSAGES	CREATE_DIRECTORY	DIRECTORY		0o755	
usr/share/locale/lt/LC_MESSAGES/apt.mo	INSTALL_FILE	OTHER		0o644	
usr/share/locale/lt/LC_MESSAGES/coreutils.mo	INSTALL_FILE	OTHER		0o644	
usr/share/locale/lt/LC_MESSAGES/dpkg.mo	INSTALL_FILE	PACKAGE_METADATA		0o644	
usr/share/locale/lt/LC_MESSAGES/findutils.mo	INSTALL_FILE	OTHER		0o644	
usr/share/locale/lt/LC_MESSAGES/grep.mo	INSTALL_FILE	OTHER		0o644	
usr/share/locale/lt/LC_MESSAGES/libapt-pkg6.0.mo	INSTALL_FILE	OTHER		0o644	
usr/share/locale/lt/LC_MESSAGES/sudoers.mo	INSTALL_FILE	OTHER		0o644	
usr/share/locale/lv	CREATE_DIRECTORY	DIRECTORY		0o755	
usr/share/locale/lv/LC_MESSAGES	CREATE_DIRECTORY	DIRECTORY		0o755	
usr/share/locale/lv/LC_MESSAGES/diffutils.mo	INSTALL_FILE	OTHER		0o644	
usr/share/locale/mr	CREATE_DIRECTORY	DIRECTORY		0o755	
usr/share/locale/mr/LC_MESSAGES	CREATE_DIRECTORY	DIRECTORY		0o755	
usr/share/locale/mr/LC_MESSAGES/apt.mo	INSTALL_FILE	OTHER		0o644	
usr/share/locale/mr/LC_MESSAGES/dpkg.mo	INSTALL_FILE	PACKAGE_METADATA		0o644	
usr/share/locale/mr/LC_MESSAGES/libapt-pkg6.0.mo	INSTALL_FILE	OTHER		0o644	
usr/share/locale/ms	CREATE_DIRECTORY	DIRECTORY		0o755	
usr/share/locale/ms/LC_MESSAGES	CREATE_DIRECTORY	DIRECTORY		0o755	
usr/share/locale/ms/LC_MESSAGES/coreutils.mo	INSTALL_FILE	OTHER		0o644	
usr/share/locale/ms/LC_MESSAGES/diffutils.mo	INSTALL_FILE	OTHER		0o644	
usr/share/locale/ms/LC_MESSAGES/findutils.mo	INSTALL_FILE	OTHER		0o644	
usr/share/locale/ms/LC_MESSAGES/tar.mo	INSTALL_FILE	OTHER		0o644	
usr/share/locale/nb	CREATE_DIRECTORY	DIRECTORY		0o755	
usr/share/locale/nb/LC_MESSAGES	CREATE_DIRECTORY	DIRECTORY		0o755	
usr/share/locale/nb/LC_MESSAGES/apt.mo	INSTALL_FILE	OTHER		0o644	
usr/share/locale/nb/LC_MESSAGES/coreutils.mo	INSTALL_FILE	OTHER		0o644	
usr/share/locale/nb/LC_MESSAGES/diffutils.mo	INSTALL_FILE	OTHER		0o644	
usr/share/locale/nb/LC_MESSAGES/dpkg.mo	INSTALL_FILE	PACKAGE_METADATA		0o644	
usr/share/locale/nb/LC_MESSAGES/findutils.mo	INSTALL_FILE	OTHER		0o644	
usr/share/locale/nb/LC_MESSAGES/grep.mo	INSTALL_FILE	OTHER		0o644	
usr/share/locale/nb/LC_MESSAGES/libapt-pkg6.0.mo	INSTALL_FILE	OTHER		0o644	
usr/share/locale/nb/LC_MESSAGES/sudo.mo	INSTALL_FILE	OTHER		0o644	
usr/share/locale/nb/LC_MESSAGES/sudoers.mo	INSTALL_FILE	OTHER		0o644	
usr/share/locale/nb/LC_MESSAGES/tar.mo	INSTALL_FILE	OTHER		0o644	
usr/share/locale/ne	CREATE_DIRECTORY	DIRECTORY		0o755	
usr/share/locale/ne/LC_MESSAGES	CREATE_DIRECTORY	DIRECTORY		0o755	
usr/share/locale/ne/LC_MESSAGES/apt.mo	INSTALL_FILE	OTHER		0o644	
usr/share/locale/ne/LC_MESSAGES/dpkg.mo	INSTALL_FILE	PACKAGE_METADATA		0o644	
usr/share/locale/ne/LC_MESSAGES/libapt-pkg6.0.mo	INSTALL_FILE	OTHER		0o644	
usr/share/locale/nl	CREATE_DIRECTORY	DIRECTORY		0o755	
usr/share/locale/nl/LC_MESSAGES	CREATE_DIRECTORY	DIRECTORY		0o755	
usr/share/locale/nl/LC_MESSAGES/apt.mo	INSTALL_FILE	OTHER		0o644	
usr/share/locale/nl/LC_MESSAGES/coreutils.mo	INSTALL_FILE	OTHER		0o644	
usr/share/locale/nl/LC_MESSAGES/diffutils.mo	INSTALL_FILE	OTHER		0o644	
usr/share/locale/nl/LC_MESSAGES/dpkg.mo	INSTALL_FILE	PACKAGE_METADATA		0o644	
usr/share/locale/nl/LC_MESSAGES/findutils.mo	INSTALL_FILE	OTHER		0o644	
usr/share/locale/nl/LC_MESSAGES/grep.mo	INSTALL_FILE	OTHER		0o644	
usr/share/locale/nl/LC_MESSAGES/libapt-pkg6.0.mo	INSTALL_FILE	OTHER		0o644	
usr/share/locale/nl/LC_MESSAGES/libidn2.mo	INSTALL_FILE	OTHER		0o644	
usr/share/locale/nl/LC_MESSAGES/sudo.mo	INSTALL_FILE	OTHER		0o644	
usr/share/locale/nl/LC_MESSAGES/sudoers.mo	INSTALL_FILE	OTHER		0o644	
usr/share/locale/nl/LC_MESSAGES/tar.mo	INSTALL_FILE	OTHER		0o644	
usr/share/locale/nl/LC_MESSAGES/uikittools-ng.mo	INSTALL_FILE	OTHER		0o644	
usr/share/locale/nn	CREATE_DIRECTORY	DIRECTORY		0o755	
usr/share/locale/nn/LC_MESSAGES	CREATE_DIRECTORY	DIRECTORY		0o755	
usr/share/locale/nn/LC_MESSAGES/apt.mo	INSTALL_FILE	OTHER		0o644	
usr/share/locale/nn/LC_MESSAGES/dpkg.mo	INSTALL_FILE	PACKAGE_METADATA		0o644	
usr/share/locale/nn/LC_MESSAGES/libapt-pkg6.0.mo	INSTALL_FILE	OTHER		0o644	
usr/share/locale/nn/LC_MESSAGES/sudo.mo	INSTALL_FILE	OTHER		0o644	
usr/share/locale/oc	CREATE_DIRECTORY	DIRECTORY		0o755	
usr/share/locale/oc/LC_MESSAGES	CREATE_DIRECTORY	DIRECTORY		0o755	
usr/share/locale/oc/LC_MESSAGES/dpkg.mo	INSTALL_FILE	PACKAGE_METADATA		0o644	
usr/share/locale/pa	CREATE_DIRECTORY	DIRECTORY		0o755	
usr/share/locale/pa/LC_MESSAGES	CREATE_DIRECTORY	DIRECTORY		0o755	
usr/share/locale/pa/LC_MESSAGES/dpkg.mo	INSTALL_FILE	PACKAGE_METADATA		0o644	
usr/share/locale/pa/LC_MESSAGES/grep.mo	INSTALL_FILE	OTHER		0o644	
usr/share/locale/pl	CREATE_DIRECTORY	DIRECTORY		0o755	
usr/share/locale/pl/LC_MESSAGES	CREATE_DIRECTORY	DIRECTORY		0o755	
usr/share/locale/pl/LC_MESSAGES/apt.mo	INSTALL_FILE	OTHER		0o644	
usr/share/locale/pl/LC_MESSAGES/coreutils.mo	INSTALL_FILE	OTHER		0o644	
usr/share/locale/pl/LC_MESSAGES/diffutils.mo	INSTALL_FILE	OTHER		0o644	
usr/share/locale/pl/LC_MESSAGES/dpkg.mo	INSTALL_FILE	PACKAGE_METADATA		0o644	
usr/share/locale/pl/LC_MESSAGES/findutils.mo	INSTALL_FILE	OTHER		0o644	
usr/share/locale/pl/LC_MESSAGES/grep.mo	INSTALL_FILE	OTHER		0o644	
usr/share/locale/pl/LC_MESSAGES/libapt-pkg6.0.mo	INSTALL_FILE	OTHER		0o644	
usr/share/locale/pl/LC_MESSAGES/libidn2.mo	INSTALL_FILE	OTHER		0o644	
usr/share/locale/pl/LC_MESSAGES/sudo.mo	INSTALL_FILE	OTHER		0o644	
usr/share/locale/pl/LC_MESSAGES/sudoers.mo	INSTALL_FILE	OTHER		0o644	
usr/share/locale/pl/LC_MESSAGES/tar.mo	INSTALL_FILE	OTHER		0o644	
usr/share/locale/pl/LC_MESSAGES/uikittools-ng.mo	INSTALL_FILE	OTHER		0o644	
usr/share/locale/pt	CREATE_DIRECTORY	DIRECTORY		0o755	
usr/share/locale/pt/LC_MESSAGES	CREATE_DIRECTORY	DIRECTORY		0o755	
usr/share/locale/pt/LC_MESSAGES/apt.mo	INSTALL_FILE	OTHER		0o644	
usr/share/locale/pt/LC_MESSAGES/coreutils.mo	INSTALL_FILE	OTHER		0o644	
usr/share/locale/pt/LC_MESSAGES/diffutils.mo	INSTALL_FILE	OTHER		0o644	
usr/share/locale/pt/LC_MESSAGES/dpkg.mo	INSTALL_FILE	PACKAGE_METADATA		0o644	
usr/share/locale/pt/LC_MESSAGES/findutils.mo	INSTALL_FILE	OTHER		0o644	
usr/share/locale/pt/LC_MESSAGES/grep.mo	INSTALL_FILE	OTHER		0o644	
usr/share/locale/pt/LC_MESSAGES/libapt-pkg6.0.mo	INSTALL_FILE	OTHER		0o644	
usr/share/locale/pt/LC_MESSAGES/sudo.mo	INSTALL_FILE	OTHER		0o644	
usr/share/locale/pt/LC_MESSAGES/sudoers.mo	INSTALL_FILE	OTHER		0o644	
usr/share/locale/pt/LC_MESSAGES/tar.mo	INSTALL_FILE	OTHER		0o644	
usr/share/locale/pt_BR	CREATE_DIRECTORY	DIRECTORY		0o755	
usr/share/locale/pt_BR/LC_MESSAGES	CREATE_DIRECTORY	DIRECTORY		0o755	
usr/share/locale/pt_BR/LC_MESSAGES/apt.mo	INSTALL_FILE	OTHER		0o644	
usr/share/locale/pt_BR/LC_MESSAGES/coreutils.mo	INSTALL_FILE	OTHER		0o644	
usr/share/locale/pt_BR/LC_MESSAGES/diffutils.mo	INSTALL_FILE	OTHER		0o644	
usr/share/locale/pt_BR/LC_MESSAGES/dpkg.mo	INSTALL_FILE	PACKAGE_METADATA		0o644	
usr/share/locale/pt_BR/LC_MESSAGES/findutils.mo	INSTALL_FILE	OTHER		0o644	
usr/share/locale/pt_BR/LC_MESSAGES/grep.mo	INSTALL_FILE	OTHER		0o644	
usr/share/locale/pt_BR/LC_MESSAGES/libapt-pkg6.0.mo	INSTALL_FILE	OTHER		0o644	
usr/share/locale/pt_BR/LC_MESSAGES/libidn2.mo	INSTALL_FILE	OTHER		0o644	
usr/share/locale/pt_BR/LC_MESSAGES/sudo.mo	INSTALL_FILE	OTHER		0o644	
usr/share/locale/pt_BR/LC_MESSAGES/sudoers.mo	INSTALL_FILE	OTHER		0o644	
usr/share/locale/pt_BR/LC_MESSAGES/tar.mo	INSTALL_FILE	OTHER		0o644	
usr/share/locale/pt_PT	CREATE_DIRECTORY	DIRECTORY		0o755	
usr/share/locale/pt_PT/LC_MESSAGES	CREATE_DIRECTORY	DIRECTORY		0o755	
usr/share/locale/pt_PT/LC_MESSAGES/uikittools-ng.mo	INSTALL_FILE	OTHER		0o644	
usr/share/locale/ro	CREATE_DIRECTORY	DIRECTORY		0o755	
usr/share/locale/ro/LC_MESSAGES	CREATE_DIRECTORY	DIRECTORY		0o755	
usr/share/locale/ro/LC_MESSAGES/apt.mo	INSTALL_FILE	OTHER		0o644	
usr/share/locale/ro/LC_MESSAGES/coreutils.mo	INSTALL_FILE	OTHER		0o644	
usr/share/locale/ro/LC_MESSAGES/diffutils.mo	INSTALL_FILE	OTHER		0o644	
usr/share/locale/ro/LC_MESSAGES/dpkg.mo	INSTALL_FILE	PACKAGE_METADATA		0o644	
usr/share/locale/ro/LC_MESSAGES/findutils.mo	INSTALL_FILE	OTHER		0o644	
usr/share/locale/ro/LC_MESSAGES/grep.mo	INSTALL_FILE	OTHER		0o644	
usr/share/locale/ro/LC_MESSAGES/libapt-pkg6.0.mo	INSTALL_FILE	OTHER		0o644	
usr/share/locale/ro/LC_MESSAGES/libidn2.mo	INSTALL_FILE	OTHER		0o644	
usr/share/locale/ro/LC_MESSAGES/sudo.mo	INSTALL_FILE	OTHER		0o644	
usr/share/locale/ro/LC_MESSAGES/sudoers.mo	INSTALL_FILE	OTHER		0o644	
usr/share/locale/ro/LC_MESSAGES/tar.mo	INSTALL_FILE	OTHER		0o644	
usr/share/locale/ru	CREATE_DIRECTORY	DIRECTORY		0o755	
usr/share/locale/ru/LC_MESSAGES	CREATE_DIRECTORY	DIRECTORY		0o755	
usr/share/locale/ru/LC_MESSAGES/apt.mo	INSTALL_FILE	OTHER		0o644	
usr/share/locale/ru/LC_MESSAGES/coreutils.mo	INSTALL_FILE	OTHER		0o644	
usr/share/locale/ru/LC_MESSAGES/diffutils.mo	INSTALL_FILE	OTHER		0o644	
usr/share/locale/ru/LC_MESSAGES/dpkg.mo	INSTALL_FILE	PACKAGE_METADATA		0o644	
usr/share/locale/ru/LC_MESSAGES/findutils.mo	INSTALL_FILE	OTHER		0o644	
usr/share/locale/ru/LC_MESSAGES/grep.mo	INSTALL_FILE	OTHER		0o644	
usr/share/locale/ru/LC_MESSAGES/libapt-pkg6.0.mo	INSTALL_FILE	OTHER		0o644	
usr/share/locale/ru/LC_MESSAGES/libidn2.mo	INSTALL_FILE	OTHER		0o644	
usr/share/locale/ru/LC_MESSAGES/sudo.mo	INSTALL_FILE	OTHER		0o644	
usr/share/locale/ru/LC_MESSAGES/sudoers.mo	INSTALL_FILE	OTHER		0o644	
usr/share/locale/ru/LC_MESSAGES/tar.mo	INSTALL_FILE	OTHER		0o644	
usr/share/locale/ru/LC_MESSAGES/uikittools-ng.mo	INSTALL_FILE	OTHER		0o644	
usr/share/locale/sk	CREATE_DIRECTORY	DIRECTORY		0o755	
usr/share/locale/sk/LC_MESSAGES	CREATE_DIRECTORY	DIRECTORY		0o755	
usr/share/locale/sk/LC_MESSAGES/apt.mo	INSTALL_FILE	OTHER		0o644	
usr/share/locale/sk/LC_MESSAGES/coreutils.mo	INSTALL_FILE	OTHER		0o644	
usr/share/locale/sk/LC_MESSAGES/dpkg.mo	INSTALL_FILE	PACKAGE_METADATA		0o644	
usr/share/locale/sk/LC_MESSAGES/findutils.mo	INSTALL_FILE	OTHER		0o644	
usr/share/locale/sk/LC_MESSAGES/grep.mo	INSTALL_FILE	OTHER		0o644	
usr/share/locale/sk/LC_MESSAGES/libapt-pkg6.0.mo	INSTALL_FILE	OTHER		0o644	
usr/share/locale/sk/LC_MESSAGES/sudo.mo	INSTALL_FILE	OTHER		0o644	
usr/share/locale/sk/LC_MESSAGES/sudoers.mo	INSTALL_FILE	OTHER		0o644	
usr/share/locale/sk/LC_MESSAGES/tar.mo	INSTALL_FILE	OTHER		0o644	
usr/share/locale/sl	CREATE_DIRECTORY	DIRECTORY		0o755	
usr/share/locale/sl/LC_MESSAGES	CREATE_DIRECTORY	DIRECTORY		0o755	
usr/share/locale/sl/LC_MESSAGES/apt.mo	INSTALL_FILE	OTHER		0o644	
usr/share/locale/sl/LC_MESSAGES/coreutils.mo	INSTALL_FILE	OTHER		0o644	
usr/share/locale/sl/LC_MESSAGES/findutils.mo	INSTALL_FILE	OTHER		0o644	
usr/share/locale/sl/LC_MESSAGES/grep.mo	INSTALL_FILE	OTHER		0o644	
usr/share/locale/sl/LC_MESSAGES/libapt-pkg6.0.mo	INSTALL_FILE	OTHER		0o644	
usr/share/locale/sl/LC_MESSAGES/sudo.mo	INSTALL_FILE	OTHER		0o644	
usr/share/locale/sl/LC_MESSAGES/sudoers.mo	INSTALL_FILE	OTHER		0o644	
usr/share/locale/sl/LC_MESSAGES/tar.mo	INSTALL_FILE	OTHER		0o644	
usr/share/locale/sq	CREATE_DIRECTORY	DIRECTORY		0o755	
usr/share/locale/sq/LC_MESSAGES	CREATE_DIRECTORY	DIRECTORY		0o755	
usr/share/locale/sq/LC_MESSAGES/sudo.mo	INSTALL_FILE	OTHER		0o644	
usr/share/locale/sr	CREATE_DIRECTORY	DIRECTORY		0o755	
usr/share/locale/sr/LC_MESSAGES	CREATE_DIRECTORY	DIRECTORY		0o755	
usr/share/locale/sr/LC_MESSAGES/coreutils.mo	INSTALL_FILE	OTHER		0o644	
usr/share/locale/sr/LC_MESSAGES/diffutils.mo	INSTALL_FILE	OTHER		0o644	
usr/share/locale/sr/LC_MESSAGES/findutils.mo	INSTALL_FILE	OTHER		0o644	
usr/share/locale/sr/LC_MESSAGES/grep.mo	INSTALL_FILE	OTHER		0o644	
usr/share/locale/sr/LC_MESSAGES/libidn2.mo	INSTALL_FILE	OTHER		0o644	
usr/share/locale/sr/LC_MESSAGES/sudo.mo	INSTALL_FILE	OTHER		0o644	
usr/share/locale/sr/LC_MESSAGES/sudoers.mo	INSTALL_FILE	OTHER		0o644	
usr/share/locale/sr/LC_MESSAGES/tar.mo	INSTALL_FILE	OTHER		0o644	
usr/share/locale/sv	CREATE_DIRECTORY	DIRECTORY		0o755	
usr/share/locale/sv/LC_MESSAGES	CREATE_DIRECTORY	DIRECTORY		0o755	
usr/share/locale/sv/LC_MESSAGES/apt.mo	INSTALL_FILE	OTHER		0o644	
usr/share/locale/sv/LC_MESSAGES/coreutils.mo	INSTALL_FILE	OTHER		0o644	
usr/share/locale/sv/LC_MESSAGES/diffutils.mo	INSTALL_FILE	OTHER		0o644	
usr/share/locale/sv/LC_MESSAGES/dpkg.mo	INSTALL_FILE	PACKAGE_METADATA		0o644	
usr/share/locale/sv/LC_MESSAGES/findutils.mo	INSTALL_FILE	OTHER		0o644	
usr/share/locale/sv/LC_MESSAGES/grep.mo	INSTALL_FILE	OTHER		0o644	
usr/share/locale/sv/LC_MESSAGES/libapt-pkg6.0.mo	INSTALL_FILE	OTHER		0o644	
usr/share/locale/sv/LC_MESSAGES/libidn2.mo	INSTALL_FILE	OTHER		0o644	
usr/share/locale/sv/LC_MESSAGES/sudo.mo	INSTALL_FILE	OTHER		0o644	
usr/share/locale/sv/LC_MESSAGES/sudoers.mo	INSTALL_FILE	OTHER		0o644	
usr/share/locale/sv/LC_MESSAGES/tar.mo	INSTALL_FILE	OTHER		0o644	
usr/share/locale/sv_SE	CREATE_DIRECTORY	DIRECTORY		0o755	
usr/share/locale/sv_SE/LC_MESSAGES	CREATE_DIRECTORY	DIRECTORY		0o755	
usr/share/locale/sv_SE/LC_MESSAGES/uikittools-ng.mo	INSTALL_FILE	OTHER		0o644	
usr/share/locale/ta	CREATE_DIRECTORY	DIRECTORY		0o755	
usr/share/locale/ta/LC_MESSAGES	CREATE_DIRECTORY	DIRECTORY		0o755	
usr/share/locale/ta/LC_MESSAGES/coreutils.mo	INSTALL_FILE	OTHER		0o644	
usr/share/locale/ta/LC_MESSAGES/grep.mo	INSTALL_FILE	OTHER		0o644	
usr/share/locale/th	CREATE_DIRECTORY	DIRECTORY		0o755	
usr/share/locale/th/LC_MESSAGES	CREATE_DIRECTORY	DIRECTORY		0o755	
usr/share/locale/th/LC_MESSAGES/apt.mo	INSTALL_FILE	OTHER		0o644	
usr/share/locale/th/LC_MESSAGES/dpkg.mo	INSTALL_FILE	PACKAGE_METADATA		0o644	
usr/share/locale/th/LC_MESSAGES/grep.mo	INSTALL_FILE	OTHER		0o644	
usr/share/locale/th/LC_MESSAGES/libapt-pkg6.0.mo	INSTALL_FILE	OTHER		0o644	
usr/share/locale/tl	CREATE_DIRECTORY	DIRECTORY		0o755	
usr/share/locale/tl/LC_MESSAGES	CREATE_DIRECTORY	DIRECTORY		0o755	
usr/share/locale/tl/LC_MESSAGES/apt.mo	INSTALL_FILE	OTHER		0o644	
usr/share/locale/tl/LC_MESSAGES/dpkg.mo	INSTALL_FILE	PACKAGE_METADATA		0o644	
usr/share/locale/tl/LC_MESSAGES/libapt-pkg6.0.mo	INSTALL_FILE	OTHER		0o644	
usr/share/locale/tr	CREATE_DIRECTORY	DIRECTORY		0o755	
usr/share/locale/tr/LC_MESSAGES	CREATE_DIRECTORY	DIRECTORY		0o755	
usr/share/locale/tr/LC_MESSAGES/apt.mo	INSTALL_FILE	OTHER		0o644	
usr/share/locale/tr/LC_MESSAGES/coreutils.mo	INSTALL_FILE	OTHER		0o644	
usr/share/locale/tr/LC_MESSAGES/diffutils.mo	INSTALL_FILE	OTHER		0o644	
usr/share/locale/tr/LC_MESSAGES/dpkg.mo	INSTALL_FILE	PACKAGE_METADATA		0o644	
usr/share/locale/tr/LC_MESSAGES/findutils.mo	INSTALL_FILE	OTHER		0o644	
usr/share/locale/tr/LC_MESSAGES/grep.mo	INSTALL_FILE	OTHER		0o644	
usr/share/locale/tr/LC_MESSAGES/libapt-pkg6.0.mo	INSTALL_FILE	OTHER		0o644	
usr/share/locale/tr/LC_MESSAGES/sudo.mo	INSTALL_FILE	OTHER		0o644	
usr/share/locale/tr/LC_MESSAGES/sudoers.mo	INSTALL_FILE	OTHER		0o644	
usr/share/locale/tr/LC_MESSAGES/tar.mo	INSTALL_FILE	OTHER		0o644	
usr/share/locale/tr/LC_MESSAGES/uikittools-ng.mo	INSTALL_FILE	OTHER		0o644	
usr/share/locale/uk	CREATE_DIRECTORY	DIRECTORY		0o755	
usr/share/locale/uk/LC_MESSAGES	CREATE_DIRECTORY	DIRECTORY		0o755	
usr/share/locale/uk/LC_MESSAGES/apt.mo	INSTALL_FILE	OTHER		0o644	
usr/share/locale/uk/LC_MESSAGES/coreutils.mo	INSTALL_FILE	OTHER		0o644	
usr/share/locale/uk/LC_MESSAGES/diffutils.mo	INSTALL_FILE	OTHER		0o644	
usr/share/locale/uk/LC_MESSAGES/findutils.mo	INSTALL_FILE	OTHER		0o644	
usr/share/locale/uk/LC_MESSAGES/grep.mo	INSTALL_FILE	OTHER		0o644	
usr/share/locale/uk/LC_MESSAGES/libapt-pkg6.0.mo	INSTALL_FILE	OTHER		0o644	
usr/share/locale/uk/LC_MESSAGES/libidn2.mo	INSTALL_FILE	OTHER		0o644	
usr/share/locale/uk/LC_MESSAGES/sudo.mo	INSTALL_FILE	OTHER		0o644	
usr/share/locale/uk/LC_MESSAGES/sudoers.mo	INSTALL_FILE	OTHER		0o644	
usr/share/locale/uk/LC_MESSAGES/tar.mo	INSTALL_FILE	OTHER		0o644	
usr/share/locale/uk/LC_MESSAGES/uikittools-ng.mo	INSTALL_FILE	OTHER		0o644	
usr/share/locale/vi	CREATE_DIRECTORY	DIRECTORY		0o755	
usr/share/locale/vi/LC_MESSAGES	CREATE_DIRECTORY	DIRECTORY		0o755	
usr/share/locale/vi/LC_MESSAGES/apt.mo	INSTALL_FILE	OTHER		0o644	
usr/share/locale/vi/LC_MESSAGES/coreutils.mo	INSTALL_FILE	OTHER		0o644	
usr/share/locale/vi/LC_MESSAGES/diffutils.mo	INSTALL_FILE	OTHER		0o644	
usr/share/locale/vi/LC_MESSAGES/dpkg.mo	INSTALL_FILE	PACKAGE_METADATA		0o644	
usr/share/locale/vi/LC_MESSAGES/findutils.mo	INSTALL_FILE	OTHER		0o644	
usr/share/locale/vi/LC_MESSAGES/grep.mo	INSTALL_FILE	OTHER		0o644	
usr/share/locale/vi/LC_MESSAGES/libapt-pkg6.0.mo	INSTALL_FILE	OTHER		0o644	
usr/share/locale/vi/LC_MESSAGES/libidn2.mo	INSTALL_FILE	OTHER		0o644	
usr/share/locale/vi/LC_MESSAGES/sudo.mo	INSTALL_FILE	OTHER		0o644	
usr/share/locale/vi/LC_MESSAGES/sudoers.mo	INSTALL_FILE	OTHER		0o644	
usr/share/locale/vi/LC_MESSAGES/tar.mo	INSTALL_FILE	OTHER		0o644	
usr/share/locale/vi/LC_MESSAGES/uikittools-ng.mo	INSTALL_FILE	OTHER		0o644	
usr/share/locale/zh_CN	CREATE_DIRECTORY	DIRECTORY		0o755	
usr/share/locale/zh_CN/LC_MESSAGES	CREATE_DIRECTORY	DIRECTORY		0o755	
usr/share/locale/zh_CN/LC_MESSAGES/apt.mo	INSTALL_FILE	OTHER		0o644	
usr/share/locale/zh_CN/LC_MESSAGES/coreutils.mo	INSTALL_FILE	OTHER		0o644	
usr/share/locale/zh_CN/LC_MESSAGES/diffutils.mo	INSTALL_FILE	OTHER		0o644	
usr/share/locale/zh_CN/LC_MESSAGES/dpkg.mo	INSTALL_FILE	PACKAGE_METADATA		0o644	
usr/share/locale/zh_CN/LC_MESSAGES/findutils.mo	INSTALL_FILE	OTHER		0o644	
usr/share/locale/zh_CN/LC_MESSAGES/grep.mo	INSTALL_FILE	OTHER		0o644	
usr/share/locale/zh_CN/LC_MESSAGES/libapt-pkg6.0.mo	INSTALL_FILE	OTHER		0o644	
usr/share/locale/zh_CN/LC_MESSAGES/libidn2.mo	INSTALL_FILE	OTHER		0o644	
usr/share/locale/zh_CN/LC_MESSAGES/sudo.mo	INSTALL_FILE	OTHER		0o644	
usr/share/locale/zh_CN/LC_MESSAGES/sudoers.mo	INSTALL_FILE	OTHER		0o644	
usr/share/locale/zh_CN/LC_MESSAGES/tar.mo	INSTALL_FILE	OTHER		0o644	
usr/share/locale/zh_CN/LC_MESSAGES/uikittools-ng.mo	INSTALL_FILE	OTHER		0o644	
usr/share/locale/zh_TW	CREATE_DIRECTORY	DIRECTORY		0o755	
usr/share/locale/zh_TW/LC_MESSAGES	CREATE_DIRECTORY	DIRECTORY		0o755	
usr/share/locale/zh_TW/LC_MESSAGES/apt.mo	INSTALL_FILE	OTHER		0o644	
usr/share/locale/zh_TW/LC_MESSAGES/coreutils.mo	INSTALL_FILE	OTHER		0o644	
usr/share/locale/zh_TW/LC_MESSAGES/diffutils.mo	INSTALL_FILE	OTHER		0o644	
usr/share/locale/zh_TW/LC_MESSAGES/dpkg.mo	INSTALL_FILE	PACKAGE_METADATA		0o644	
usr/share/locale/zh_TW/LC_MESSAGES/findutils.mo	INSTALL_FILE	OTHER		0o644	
usr/share/locale/zh_TW/LC_MESSAGES/grep.mo	INSTALL_FILE	OTHER		0o644	
usr/share/locale/zh_TW/LC_MESSAGES/libapt-pkg6.0.mo	INSTALL_FILE	OTHER		0o644	
usr/share/locale/zh_TW/LC_MESSAGES/sudo.mo	INSTALL_FILE	OTHER		0o644	
usr/share/locale/zh_TW/LC_MESSAGES/sudoers.mo	INSTALL_FILE	OTHER		0o644	
usr/share/locale/zh_TW/LC_MESSAGES/tar.mo	INSTALL_FILE	OTHER		0o644	
usr/share/locale/zh_TW/LC_MESSAGES/uikittools-ng.mo	INSTALL_FILE	OTHER		0o644	
usr/share/man	CREATE_DIRECTORY	DIRECTORY		0o755	
usr/share/man/de	CREATE_DIRECTORY	DIRECTORY		0o755	
usr/share/man/de/man1	CREATE_DIRECTORY	DIRECTORY		0o755	
usr/share/man/de/man1/apt-transport-http.1.zst	INSTALL_FILE	OTHER		0o644	
usr/share/man/de/man1/apt-transport-https.1.zst	INSTALL_FILE	OTHER		0o644	
usr/share/man/de/man1/apt-transport-mirror.1.zst	INSTALL_FILE	OTHER		0o644	
usr/share/man/de/man1/dpkg-deb.1.zst	INSTALL_FILE	PACKAGE_METADATA		0o644	
usr/share/man/de/man1/dpkg-divert.1.zst	INSTALL_FILE	PACKAGE_METADATA		0o644	
usr/share/man/de/man1/dpkg-maintscript-helper.1.zst	INSTALL_FILE	PACKAGE_METADATA		0o644	
usr/share/man/de/man1/dpkg-query.1.zst	INSTALL_FILE	PACKAGE_METADATA		0o644	
usr/share/man/de/man1/dpkg-realpath.1.zst	INSTALL_FILE	PACKAGE_METADATA		0o644	
usr/share/man/de/man1/dpkg-split.1.zst	INSTALL_FILE	PACKAGE_METADATA		0o644	
usr/share/man/de/man1/dpkg-statoverride.1.zst	INSTALL_FILE	PACKAGE_METADATA		0o644	
usr/share/man/de/man1/dpkg-trigger.1.zst	INSTALL_FILE	PACKAGE_METADATA		0o644	
usr/share/man/de/man1/dpkg.1.zst	INSTALL_FILE	PACKAGE_METADATA		0o644	
usr/share/man/de/man1/update-alternatives.1.zst	INSTALL_FILE	OTHER		0o644	
usr/share/man/de/man5	CREATE_DIRECTORY	DIRECTORY		0o755	
usr/share/man/de/man5/apt.conf.5.zst	INSTALL_FILE	OTHER		0o644	
usr/share/man/de/man5/apt_auth.conf.5.zst	INSTALL_FILE	OTHER		0o644	
usr/share/man/de/man5/apt_preferences.5.zst	INSTALL_FILE	OTHER		0o644	
usr/share/man/de/man5/sources.list.5.zst	INSTALL_FILE	OTHER		0o644	
usr/share/man/de/man7	CREATE_DIRECTORY	DIRECTORY		0o755	
usr/share/man/de/man7/apt-patterns.7.zst	INSTALL_FILE	OTHER		0o644	
usr/share/man/de/man8	CREATE_DIRECTORY	DIRECTORY		0o755	
usr/share/man/de/man8/add-shell.8.zst	INSTALL_FILE	OTHER		0o644	
usr/share/man/de/man8/apt-cache.8.zst	INSTALL_FILE	OTHER		0o644	
usr/share/man/de/man8/apt-cdrom.8.zst	INSTALL_FILE	OTHER		0o644	
usr/share/man/de/man8/apt-config.8.zst	INSTALL_FILE	OTHER		0o644	
usr/share/man/de/man8/apt-get.8.zst	INSTALL_FILE	OTHER		0o644	
usr/share/man/de/man8/apt-mark.8.zst	INSTALL_FILE	OTHER		0o644	
usr/share/man/de/man8/apt-secure.8.zst	INSTALL_FILE	OTHER		0o644	
usr/share/man/de/man8/apt.8.zst	INSTALL_FILE	OTHER		0o644	
usr/share/man/de/man8/remove-shell.8.zst	INSTALL_FILE	OTHER		0o644	
usr/share/man/de/man8/run-parts.8.zst	INSTALL_FILE	OTHER		0o644	
usr/share/man/de/man8/savelog.8.zst	INSTALL_FILE	OTHER		0o644	
usr/share/man/es	CREATE_DIRECTORY	DIRECTORY		0o755	
usr/share/man/es/man1	CREATE_DIRECTORY	DIRECTORY		0o755	
usr/share/man/es/man5	CREATE_DIRECTORY	DIRECTORY		0o755	
usr/share/man/es/man5/apt_preferences.5.zst	INSTALL_FILE	OTHER		0o644	
usr/share/man/es/man7	CREATE_DIRECTORY	DIRECTORY		0o755	
usr/share/man/es/man8	CREATE_DIRECTORY	DIRECTORY		0o755	
usr/share/man/es/man8/add-shell.8.zst	INSTALL_FILE	OTHER		0o644	
usr/share/man/es/man8/apt-cache.8.zst	INSTALL_FILE	OTHER		0o644	
usr/share/man/es/man8/apt-cdrom.8.zst	INSTALL_FILE	OTHER		0o644	
usr/share/man/es/man8/apt-config.8.zst	INSTALL_FILE	OTHER		0o644	
usr/share/man/es/man8/remove-shell.8.zst	INSTALL_FILE	OTHER		0o644	
usr/share/man/es/man8/run-parts.8.zst	INSTALL_FILE	OTHER		0o644	
usr/share/man/es/man8/savelog.8.zst	INSTALL_FILE	OTHER		0o644	
usr/share/man/fr	CREATE_DIRECTORY	DIRECTORY		0o755	
usr/share/man/fr/man1	CREATE_DIRECTORY	DIRECTORY		0o755	
usr/share/man/fr/man1/apt-transport-http.1.zst	INSTALL_FILE	OTHER		0o644	
usr/share/man/fr/man1/apt-transport-https.1.zst	INSTALL_FILE	OTHER		0o644	
usr/share/man/fr/man1/apt-transport-mirror.1.zst	INSTALL_FILE	OTHER		0o644	
usr/share/man/fr/man1/dpkg-deb.1.zst	INSTALL_FILE	PACKAGE_METADATA		0o644	
usr/share/man/fr/man1/dpkg-divert.1.zst	INSTALL_FILE	PACKAGE_METADATA		0o644	
usr/share/man/fr/man1/dpkg-maintscript-helper.1.zst	INSTALL_FILE	PACKAGE_METADATA		0o644	
usr/share/man/fr/man1/dpkg-query.1.zst	INSTALL_FILE	PACKAGE_METADATA		0o644	
usr/share/man/fr/man1/dpkg-realpath.1.zst	INSTALL_FILE	PACKAGE_METADATA		0o644	
usr/share/man/fr/man1/dpkg-split.1.zst	INSTALL_FILE	PACKAGE_METADATA		0o644	
usr/share/man/fr/man1/dpkg-statoverride.1.zst	INSTALL_FILE	PACKAGE_METADATA		0o644	
usr/share/man/fr/man1/dpkg-trigger.1.zst	INSTALL_FILE	PACKAGE_METADATA		0o644	
usr/share/man/fr/man1/update-alternatives.1.zst	INSTALL_FILE	OTHER		0o644	
usr/share/man/fr/man5	CREATE_DIRECTORY	DIRECTORY		0o755	
usr/share/man/fr/man5/apt.conf.5.zst	INSTALL_FILE	OTHER		0o644	
usr/share/man/fr/man5/apt_auth.conf.5.zst	INSTALL_FILE	OTHER		0o644	
usr/share/man/fr/man5/apt_preferences.5.zst	INSTALL_FILE	OTHER		0o644	
usr/share/man/fr/man5/sources.list.5.zst	INSTALL_FILE	OTHER		0o644	
usr/share/man/fr/man7	CREATE_DIRECTORY	DIRECTORY		0o755	
usr/share/man/fr/man8	CREATE_DIRECTORY	DIRECTORY		0o755	
usr/share/man/fr/man8/add-shell.8.zst	INSTALL_FILE	OTHER		0o644	
usr/share/man/fr/man8/apt-cache.8.zst	INSTALL_FILE	OTHER		0o644	
usr/share/man/fr/man8/apt-cdrom.8.zst	INSTALL_FILE	OTHER		0o644	
usr/share/man/fr/man8/apt-config.8.zst	INSTALL_FILE	OTHER		0o644	
usr/share/man/fr/man8/apt-get.8.zst	INSTALL_FILE	OTHER		0o644	
usr/share/man/fr/man8/apt-mark.8.zst	INSTALL_FILE	OTHER		0o644	
usr/share/man/fr/man8/apt-secure.8.zst	INSTALL_FILE	OTHER		0o644	
usr/share/man/fr/man8/apt.8.zst	INSTALL_FILE	OTHER		0o644	
usr/share/man/fr/man8/remove-shell.8.zst	INSTALL_FILE	OTHER		0o644	
usr/share/man/fr/man8/run-parts.8.zst	INSTALL_FILE	OTHER		0o644	
usr/share/man/fr/man8/savelog.8.zst	INSTALL_FILE	OTHER		0o644	
usr/share/man/it	CREATE_DIRECTORY	DIRECTORY		0o755	
usr/share/man/it/man1	CREATE_DIRECTORY	DIRECTORY		0o755	
usr/share/man/it/man5	CREATE_DIRECTORY	DIRECTORY		0o755	
usr/share/man/it/man5/apt.conf.5.zst	INSTALL_FILE	OTHER		0o644	
usr/share/man/it/man5/apt_preferences.5.zst	INSTALL_FILE	OTHER		0o644	
usr/share/man/it/man7	CREATE_DIRECTORY	DIRECTORY		0o755	
usr/share/man/it/man8	CREATE_DIRECTORY	DIRECTORY		0o755	
usr/share/man/it/man8/add-shell.8.zst	INSTALL_FILE	OTHER		0o644	
usr/share/man/it/man8/apt-cache.8.zst	INSTALL_FILE	OTHER		0o644	
usr/share/man/it/man8/apt-cdrom.8.zst	INSTALL_FILE	OTHER		0o644	
usr/share/man/it/man8/apt-config.8.zst	INSTALL_FILE	OTHER		0o644	
usr/share/man/it/man8/apt-mark.8.zst	INSTALL_FILE	OTHER		0o644	
usr/share/man/it/man8/apt-secure.8.zst	INSTALL_FILE	OTHER		0o644	
usr/share/man/it/man8/apt.8.zst	INSTALL_FILE	OTHER		0o644	
usr/share/man/it/man8/remove-shell.8.zst	INSTALL_FILE	OTHER		0o644	
usr/share/man/it/man8/run-parts.8.zst	INSTALL_FILE	OTHER		0o644	
usr/share/man/it/man8/savelog.8.zst	INSTALL_FILE	OTHER		0o644	
usr/share/man/ja	CREATE_DIRECTORY	DIRECTORY		0o755	
usr/share/man/ja/man1	CREATE_DIRECTORY	DIRECTORY		0o755	
usr/share/man/ja/man5	CREATE_DIRECTORY	DIRECTORY		0o755	
usr/share/man/ja/man5/apt.conf.5.zst	INSTALL_FILE	OTHER		0o644	
usr/share/man/ja/man5/apt_preferences.5.zst	INSTALL_FILE	OTHER		0o644	
usr/share/man/ja/man7	CREATE_DIRECTORY	DIRECTORY		0o755	
usr/share/man/ja/man8	CREATE_DIRECTORY	DIRECTORY		0o755	
usr/share/man/ja/man8/add-shell.8.zst	INSTALL_FILE	OTHER		0o644	
usr/share/man/ja/man8/apt-cache.8.zst	INSTALL_FILE	OTHER		0o644	
usr/share/man/ja/man8/apt-cdrom.8.zst	INSTALL_FILE	OTHER		0o644	
usr/share/man/ja/man8/apt-config.8.zst	INSTALL_FILE	OTHER		0o644	
usr/share/man/ja/man8/apt-mark.8.zst	INSTALL_FILE	OTHER		0o644	
usr/share/man/ja/man8/apt-secure.8.zst	INSTALL_FILE	OTHER		0o644	
usr/share/man/ja/man8/apt.8.zst	INSTALL_FILE	OTHER		0o644	
usr/share/man/ja/man8/remove-shell.8.zst	INSTALL_FILE	OTHER		0o644	
usr/share/man/ja/man8/run-parts.8.zst	INSTALL_FILE	OTHER		0o644	
usr/share/man/ja/man8/savelog.8.zst	INSTALL_FILE	OTHER		0o644	
usr/share/man/man1	CREATE_DIRECTORY	DIRECTORY		0o755	
usr/share/man/man1/apply.1.zst	INSTALL_FILE	OTHER		0o644	
usr/share/man/man1/apt-transport-http.1.zst	INSTALL_FILE	OTHER		0o644	
usr/share/man/man1/apt-transport-https.1.zst	INSTALL_FILE	OTHER		0o644	
usr/share/man/man1/apt-transport-mirror.1.zst	INSTALL_FILE	OTHER		0o644	
usr/share/man/man1/arch.1.zst	INSTALL_FILE	OTHER		0o644	
usr/share/man/man1/at.1.zst	INSTALL_FILE	OTHER		0o644	
usr/share/man/man1/b2sum.1.zst	INSTALL_FILE	OTHER		0o644	
usr/share/man/man1/base32.1.zst	INSTALL_FILE	OTHER		0o644	
usr/share/man/man1/base64.1.zst	INSTALL_FILE	OTHER		0o644	
usr/share/man/man1/basename.1.zst	INSTALL_FILE	OTHER		0o644	
usr/share/man/man1/basenc.1.zst	INSTALL_FILE	OTHER		0o644	
usr/share/man/man1/bash.1.zst	INSTALL_FILE	OTHER		0o644	
usr/share/man/man1/bashbug.1.zst	INSTALL_FILE	OTHER		0o644	
usr/share/man/man1/captoinfo.1m.zst	INSTALL_FILE	OTHER		0o644	
usr/share/man/man1/cat.1.zst	INSTALL_FILE	OTHER		0o644	
usr/share/man/man1/chcon.1.zst	INSTALL_FILE	OTHER		0o644	
usr/share/man/man1/chflags.1.zst	INSTALL_FILE	OTHER		0o644	
usr/share/man/man1/chfn.1.zst	CREATE_SYMLINK	SYMLINK	chpass.1.zst	0o755	
usr/share/man/man1/chgrp.1.zst	INSTALL_FILE	OTHER		0o644	
usr/share/man/man1/chmod.1.zst	INSTALL_FILE	OTHER		0o644	
usr/share/man/man1/chown.1.zst	INSTALL_FILE	OTHER		0o644	
usr/share/man/man1/chpass.1.zst	INSTALL_FILE	OTHER		0o644	
usr/share/man/man1/chroot.1.zst	INSTALL_FILE	OTHER		0o644	
usr/share/man/man1/chsh.1.zst	CREATE_SYMLINK	SYMLINK	chpass.1.zst	0o755	
usr/share/man/man1/cksum.1.zst	INSTALL_FILE	OTHER		0o644	
usr/share/man/man1/clear.1.zst	INSTALL_FILE	OTHER		0o644	
usr/share/man/man1/cmp.1.zst	INSTALL_FILE	OTHER		0o644	
usr/share/man/man1/comm.1.zst	INSTALL_FILE	OTHER		0o644	
usr/share/man/man1/compress.1.zst	INSTALL_FILE	OTHER		0o644	
usr/share/man/man1/cp.1.zst	INSTALL_FILE	OTHER		0o644	
usr/share/man/man1/csplit.1.zst	INSTALL_FILE	OTHER		0o644	
usr/share/man/man1/cut.1.zst	INSTALL_FILE	OTHER		0o644	
usr/share/man/man1/cvtsudoers.1.zst	INSTALL_FILE	OTHER		0o644	
usr/share/man/man1/dash.1.zst	INSTALL_FILE	OTHER		0o644	
usr/share/man/man1/date.1.zst	INSTALL_FILE	OTHER		0o644	
usr/share/man/man1/dd.1.zst	INSTALL_FILE	OTHER		0o644	
usr/share/man/man1/deviceinfo.1.zst	INSTALL_FILE	OTHER		0o644	
usr/share/man/man1/diff.1.zst	INSTALL_FILE	OTHER		0o644	
usr/share/man/man1/diff3.1.zst	INSTALL_FILE	OTHER		0o644	
usr/share/man/man1/dir.1.zst	INSTALL_FILE	OTHER		0o644	
usr/share/man/man1/dircolors.1.zst	INSTALL_FILE	OTHER		0o644	
usr/share/man/man1/dirname.1.zst	INSTALL_FILE	OTHER		0o644	
usr/share/man/man1/dpkg-deb.1.zst	INSTALL_FILE	PACKAGE_METADATA		0o644	
usr/share/man/man1/dpkg-divert.1.zst	INSTALL_FILE	PACKAGE_METADATA		0o644	
usr/share/man/man1/dpkg-maintscript-helper.1.zst	INSTALL_FILE	PACKAGE_METADATA		0o644	
usr/share/man/man1/dpkg-query.1.zst	INSTALL_FILE	PACKAGE_METADATA		0o644	
usr/share/man/man1/dpkg-realpath.1.zst	INSTALL_FILE	PACKAGE_METADATA		0o644	
usr/share/man/man1/dpkg-split.1.zst	INSTALL_FILE	PACKAGE_METADATA		0o644	
usr/share/man/man1/dpkg-statoverride.1.zst	INSTALL_FILE	PACKAGE_METADATA		0o644	
usr/share/man/man1/dpkg-trigger.1.zst	INSTALL_FILE	PACKAGE_METADATA		0o644	
usr/share/man/man1/dpkg.1.zst	INSTALL_FILE	PACKAGE_METADATA		0o644	
usr/share/man/man1/du.1.zst	INSTALL_FILE	OTHER		0o644	
usr/share/man/man1/echo.1.zst	INSTALL_FILE	OTHER		0o644	
usr/share/man/man1/env.1.zst	INSTALL_FILE	OTHER		0o644	
usr/share/man/man1/exa.1.zst	INSTALL_FILE	OTHER		0o644	
usr/share/man/man1/expand.1.zst	INSTALL_FILE	OTHER		0o644	
usr/share/man/man1/expr.1.zst	INSTALL_FILE	OTHER		0o644	
usr/share/man/man1/factor.1.zst	INSTALL_FILE	OTHER		0o644	
usr/share/man/man1/false.1.zst	INSTALL_FILE	OTHER		0o644	
usr/share/man/man1/find.1.zst	INSTALL_FILE	OTHER		0o644	
usr/share/man/man1/fmt.1.zst	INSTALL_FILE	OTHER		0o644	
usr/share/man/man1/fold.1.zst	INSTALL_FILE	OTHER		0o644	
usr/share/man/man1/fs_usage.1.zst	INSTALL_FILE	OTHER		0o644	
usr/share/man/man1/getconf.1.zst	INSTALL_FILE	OTHER		0o644	
usr/share/man/man1/getent.1.zst	INSTALL_FILE	OTHER		0o644	
usr/share/man/man1/getopt.1.zst	INSTALL_FILE	OTHER		0o644	
usr/share/man/man1/gpgv.1.zst	INSTALL_FILE	OTHER		0o644	
usr/share/man/man1/grep.1.zst	INSTALL_FILE	OTHER		0o644	
usr/share/man/man1/groups.1.zst	INSTALL_FILE	OTHER		0o644	
usr/share/man/man1/head.1.zst	INSTALL_FILE	OTHER		0o644	
usr/share/man/man1/hexdump.1.zst	INSTALL_FILE	OTHER		0o644	
usr/share/man/man1/hostid.1.zst	INSTALL_FILE	OTHER		0o644	
usr/share/man/man1/id.1.zst	INSTALL_FILE	OTHER		0o644	
usr/share/man/man1/infocmp.1m.zst	INSTALL_FILE	OTHER		0o644	
usr/share/man/man1/infotocap.1m.zst	INSTALL_FILE	OTHER		0o644	
usr/share/man/man1/install.1.zst	INSTALL_FILE	OTHER		0o644	
usr/share/man/man1/ipcrm.1.zst	INSTALL_FILE	OTHER		0o644	
usr/share/man/man1/ipcs.1.zst	INSTALL_FILE	OTHER		0o644	
usr/share/man/man1/join.1.zst	INSTALL_FILE	OTHER		0o644	
usr/share/man/man1/jot.1.zst	INSTALL_FILE	OTHER		0o644	
usr/share/man/man1/kill.1.zst	INSTALL_FILE	OTHER		0o644	
usr/share/man/man1/killall.1.zst	INSTALL_FILE	OTHER		0o644	
usr/share/man/man1/lastcomm.1.zst	INSTALL_FILE	OTHER		0o644	
usr/share/man/man1/latency.1.zst	INSTALL_FILE	OTHER		0o644	
usr/share/man/man1/launchctl.1.zst	INSTALL_FILE	OTHER		0o644	
usr/share/man/man1/ldrestart.1.zst	INSTALL_FILE	OTHER		0o644	
usr/share/man/man1/link.1.zst	INSTALL_FILE	OTHER		0o644	
usr/share/man/man1/ln.1.zst	INSTALL_FILE	OTHER		0o644	
usr/share/man/man1/locate.1.zst	INSTALL_FILE	OTHER		0o644	
usr/share/man/man1/login.1.zst	INSTALL_FILE	OTHER		0o644	
usr/share/man/man1/logname.1.zst	INSTALL_FILE	OTHER		0o644	
usr/share/man/man1/ls.1.zst	INSTALL_FILE	OTHER		0o644	
usr/share/man/man1/lskq.1.zst	INSTALL_FILE	OTHER		0o644	
usr/share/man/man1/lsmp.1.zst	INSTALL_FILE	OTHER		0o644	
usr/share/man/man1/ltop.1.zst	INSTALL_FILE	OTHER		0o644	
usr/share/man/man1/machine.1.zst	INSTALL_FILE	OTHER		0o644	
usr/share/man/man1/md5sum.1.zst	INSTALL_FILE	OTHER		0o644	
usr/share/man/man1/memory_pressure.1.zst	INSTALL_FILE	OTHER		0o644	
usr/share/man/man1/mgask.1.zst	INSTALL_FILE	OTHER		0o644	
usr/share/man/man1/mkdir.1.zst	INSTALL_FILE	OTHER		0o644	
usr/share/man/man1/mkfifo.1.zst	INSTALL_FILE	OTHER		0o644	
usr/share/man/man1/mknod.1.zst	INSTALL_FILE	OTHER		0o644	
usr/share/man/man1/mktemp.1.zst	INSTALL_FILE	OTHER		0o644	
usr/share/man/man1/mv.1.zst	INSTALL_FILE	OTHER		0o644	
usr/share/man/man1/newgrp.1.zst	INSTALL_FILE	OTHER		0o644	
usr/share/man/man1/nice.1.zst	INSTALL_FILE	OTHER		0o644	
usr/share/man/man1/nl.1.zst	INSTALL_FILE	OTHER		0o644	
usr/share/man/man1/nohup.1.zst	INSTALL_FILE	OTHER		0o644	
usr/share/man/man1/nproc.1.zst	INSTALL_FILE	OTHER		0o644	
usr/share/man/man1/numfmt.1.zst	INSTALL_FILE	OTHER		0o644	
usr/share/man/man1/od.1.zst	INSTALL_FILE	OTHER		0o644	
usr/share/man/man1/pagesize.1.zst	INSTALL_FILE	OTHER		0o644	
usr/share/man/man1/passwd.1.zst	INSTALL_FILE	OTHER		0o644	
usr/share/man/man1/paste.1.zst	INSTALL_FILE	OTHER		0o644	
usr/share/man/man1/pathchk.1.zst	INSTALL_FILE	OTHER		0o644	
usr/share/man/man1/pax.1.zst	INSTALL_FILE	OTHER		0o644	
usr/share/man/man1/pinky.1.zst	INSTALL_FILE	OTHER		0o644	
usr/share/man/man1/pr.1.zst	INSTALL_FILE	OTHER		0o644	
usr/share/man/man1/printenv.1.zst	INSTALL_FILE	OTHER		0o644	
usr/share/man/man1/printf.1.zst	INSTALL_FILE	OTHER		0o644	
usr/share/man/man1/ptx.1.zst	INSTALL_FILE	OTHER		0o644	
usr/share/man/man1/pwd.1.zst	INSTALL_FILE	OTHER		0o644	
usr/share/man/man1/quota.1.zst	INSTALL_FILE	OTHER		0o644	
usr/share/man/man1/readlink.1.zst	INSTALL_FILE	OTHER		0o644	
usr/share/man/man1/realpath.1.zst	INSTALL_FILE	OTHER		0o644	
usr/share/man/man1/reset.1.zst	CREATE_SYMLINK	SYMLINK	tset.1.zst	0o755	
usr/share/man/man1/rm.1.zst	INSTALL_FILE	OTHER		0o644	
usr/share/man/man1/rmdir.1.zst	INSTALL_FILE	OTHER		0o644	
usr/share/man/man1/runcon.1.zst	INSTALL_FILE	OTHER		0o644	
usr/share/man/man1/sbreload.1.zst	INSTALL_FILE	OTHER		0o644	
usr/share/man/man1/scp.1.zst	INSTALL_FILE	OTHER		0o644	
usr/share/man/man1/script.1.zst	INSTALL_FILE	OTHER		0o644	
usr/share/man/man1/sdiff.1.zst	INSTALL_FILE	OTHER		0o644	
usr/share/man/man1/sed.1.zst	INSTALL_FILE	OTHER		0o644	
usr/share/man/man1/seq.1.zst	INSTALL_FILE	OTHER		0o644	
usr/share/man/man1/sftp.1.zst	INSTALL_FILE	OTHER		0o644	
usr/share/man/man1/sha1sum.1.zst	INSTALL_FILE	OTHER		0o644	
usr/share/man/man1/sha224sum.1.zst	INSTALL_FILE	OTHER		0o644	
usr/share/man/man1/sha256sum.1.zst	INSTALL_FILE	OTHER		0o644	
usr/share/man/man1/sha384sum.1.zst	INSTALL_FILE	OTHER		0o644	
usr/share/man/man1/sha512sum.1.zst	INSTALL_FILE	OTHER		0o644	
usr/share/man/man1/shar.1.zst	INSTALL_FILE	OTHER		0o644	
usr/share/man/man1/shlock.1.zst	INSTALL_FILE	OTHER		0o644	
usr/share/man/man1/shred.1.zst	INSTALL_FILE	OTHER		0o644	
usr/share/man/man1/shuf.1.zst	INSTALL_FILE	OTHER		0o644	
usr/share/man/man1/sleep.1.zst	INSTALL_FILE	OTHER		0o644	
usr/share/man/man1/snaputil.1.zst	INSTALL_FILE	OTHER		0o644	
usr/share/man/man1/sort.1.zst	INSTALL_FILE	OTHER		0o644	
usr/share/man/man1/split.1.zst	INSTALL_FILE	OTHER		0o644	
usr/share/man/man1/ssh-add.1.zst	INSTALL_FILE	OTHER		0o644	
usr/share/man/man1/ssh-agent.1.zst	INSTALL_FILE	OTHER		0o644	
usr/share/man/man1/ssh-copy-id.1.zst	INSTALL_FILE	OTHER		0o644	
usr/share/man/man1/ssh-keygen.1.zst	INSTALL_FILE	OTHER		0o644	
usr/share/man/man1/ssh-keyscan.1.zst	INSTALL_FILE	OTHER		0o644	
usr/share/man/man1/ssh.1.zst	INSTALL_FILE	OTHER		0o644	
usr/share/man/man1/stat.1.zst	INSTALL_FILE	OTHER		0o644	
usr/share/man/man1/stdbuf.1.zst	INSTALL_FILE	OTHER		0o644	
usr/share/man/man1/stty.1.zst	INSTALL_FILE	OTHER		0o644	
usr/share/man/man1/su.1.zst	INSTALL_FILE	OTHER		0o644	
usr/share/man/man1/sum.1.zst	INSTALL_FILE	OTHER		0o644	
usr/share/man/man1/sync.1.zst	INSTALL_FILE	OTHER		0o644	
usr/share/man/man1/systime.1.zst	INSTALL_FILE	OTHER		0o644	
usr/share/man/man1/tac.1.zst	INSTALL_FILE	OTHER		0o644	
usr/share/man/man1/tail.1.zst	INSTALL_FILE	OTHER		0o644	
usr/share/man/man1/tar.1.zst	INSTALL_FILE	OTHER		0o644	
usr/share/man/man1/tee.1.zst	INSTALL_FILE	OTHER		0o644	
usr/share/man/man1/test.1.zst	INSTALL_FILE	OTHER		0o644	
usr/share/man/man1/tic.1m.zst	INSTALL_FILE	OTHER		0o644	
usr/share/man/man1/time.1.zst	INSTALL_FILE	OTHER		0o644	
usr/share/man/man1/timeout.1.zst	INSTALL_FILE	OTHER		0o644	
usr/share/man/man1/toe.1m.zst	INSTALL_FILE	OTHER		0o644	
usr/share/man/man1/touch.1.zst	INSTALL_FILE	OTHER		0o644	
usr/share/man/man1/tput.1.zst	INSTALL_FILE	OTHER		0o644	
usr/share/man/man1/tr.1.zst	INSTALL_FILE	OTHER		0o644	
usr/share/man/man1/true.1.zst	INSTALL_FILE	OTHER		0o644	
usr/share/man/man1/truncate.1.zst	INSTALL_FILE	OTHER		0o644	
usr/share/man/man1/tset.1.zst	INSTALL_FILE	OTHER		0o644	
usr/share/man/man1/tsort.1.zst	INSTALL_FILE	OTHER		0o644	
usr/share/man/man1/tty.1.zst	INSTALL_FILE	OTHER		0o644	
usr/share/man/man1/uialert.1.zst	INSTALL_FILE	OTHER		0o644	
usr/share/man/man1/uicache.1.zst	INSTALL_FILE	OTHER		0o644	
usr/share/man/man1/uiopen.1.zst	INSTALL_FILE	OTHER		0o644	
usr/share/man/man1/uname.1.zst	INSTALL_FILE	OTHER		0o644	
usr/share/man/man1/unexpand.1.zst	INSTALL_FILE	OTHER		0o644	
usr/share/man/man1/uniq.1.zst	INSTALL_FILE	OTHER		0o644	
usr/share/man/man1/unlink.1.zst	INSTALL_FILE	OTHER		0o644	
usr/share/man/man1/update-alternatives.1.zst	INSTALL_FILE	OTHER		0o644	
usr/share/man/man1/updatedb.1.zst	INSTALL_FILE	OTHER		0o644	
usr/share/man/man1/uptime.1.zst	INSTALL_FILE	OTHER		0o644	
usr/share/man/man1/users.1.zst	INSTALL_FILE	OTHER		0o644	
usr/share/man/man1/vdir.1.zst	INSTALL_FILE	OTHER		0o644	
usr/share/man/man1/via.1.zst	INSTALL_FILE	OTHER		0o644	
usr/share/man/man1/vm_stat.1.zst	INSTALL_FILE	OTHER		0o644	
usr/share/man/man1/w.1.zst	INSTALL_FILE	OTHER		0o644	
usr/share/man/man1/wait4path.1.zst	INSTALL_FILE	OTHER		0o644	
usr/share/man/man1/wc.1.zst	INSTALL_FILE	OTHER		0o644	
usr/share/man/man1/what.1.zst	INSTALL_FILE	OTHER		0o644	
usr/share/man/man1/whereis.1.zst	INSTALL_FILE	OTHER		0o644	
usr/share/man/man1/which.1.zst	INSTALL_FILE	OTHER		0o644	
usr/share/man/man1/who.1.zst	INSTALL_FILE	OTHER		0o644	
usr/share/man/man1/whoami.1.zst	INSTALL_FILE	OTHER		0o644	
usr/share/man/man1/xargs.1.zst	INSTALL_FILE	OTHER		0o644	
usr/share/man/man1/xattr.1.zst	INSTALL_FILE	OTHER		0o644	
usr/share/man/man1/yes.1.zst	INSTALL_FILE	OTHER		0o644	
usr/share/man/man1/zprint.1.zst	INSTALL_FILE	OTHER		0o644	
usr/share/man/man1/zsh.1.zst	INSTALL_FILE	OTHER		0o644	
usr/share/man/man1/zshall.1.zst	INSTALL_FILE	OTHER		0o644	
usr/share/man/man1/zshbuiltins.1.zst	INSTALL_FILE	OTHER		0o644	
usr/share/man/man1/zshcalsys.1.zst	INSTALL_FILE	OTHER		0o644	
usr/share/man/man1/zshcompctl.1.zst	INSTALL_FILE	OTHER		0o644	
usr/share/man/man1/zshcompsys.1.zst	INSTALL_FILE	OTHER		0o644	
usr/share/man/man1/zshcompwid.1.zst	INSTALL_FILE	OTHER		0o644	
usr/share/man/man1/zshcontrib.1.zst	INSTALL_FILE	OTHER		0o644	
usr/share/man/man1/zshexpn.1.zst	INSTALL_FILE	OTHER		0o644	
usr/share/man/man1/zshmisc.1.zst	INSTALL_FILE	OTHER		0o644	
usr/share/man/man1/zshmodules.1.zst	INSTALL_FILE	OTHER		0o644	
usr/share/man/man1/zshoptions.1.zst	INSTALL_FILE	OTHER		0o644	
usr/share/man/man1/zshparam.1.zst	INSTALL_FILE	OTHER		0o644	
usr/share/man/man1/zshroadmap.1.zst	INSTALL_FILE	OTHER		0o644	
usr/share/man/man1/zshtcpsys.1.zst	INSTALL_FILE	OTHER		0o644	
usr/share/man/man1/zshzftpsys.1.zst	INSTALL_FILE	OTHER		0o644	
usr/share/man/man1/zshzle.1.zst	INSTALL_FILE	OTHER		0o644	
usr/share/man/man5	CREATE_DIRECTORY	DIRECTORY		0o755	
usr/share/man/man5/adduser.conf.5.zst	INSTALL_FILE	OTHER		0o644	
usr/share/man/man5/apt.conf.5.zst	INSTALL_FILE	OTHER		0o644	
usr/share/man/man5/apt_auth.conf.5.zst	INSTALL_FILE	OTHER		0o644	
usr/share/man/man5/apt_preferences.5.zst	INSTALL_FILE	OTHER		0o644	
usr/share/man/man5/editrc.5.zst	INSTALL_FILE	OTHER		0o644	
usr/share/man/man5/fstab.5.zst	INSTALL_FILE	OTHER		0o644	
usr/share/man/man5/gettytab.5.zst	INSTALL_FILE	OTHER		0o644	
usr/share/man/man5/group.5.zst	INSTALL_FILE	OTHER		0o644	
usr/share/man/man5/hosts.5.zst	INSTALL_FILE	OTHER		0o644	
usr/share/man/man5/intro.5.zst	INSTALL_FILE	OTHER		0o644	
usr/share/man/man5/launchd.plist.5.zst	INSTALL_FILE	OTHER		0o644	
usr/share/man/man5/locatedb.5.zst	INSTALL_FILE	OTHER		0o644	
usr/share/man/man5/master.passwd.5.zst	INSTALL_FILE	OTHER		0o644	
usr/share/man/man5/moduli.5.zst	INSTALL_FILE	OTHER		0o644	
usr/share/man/man5/motd.5.zst	INSTALL_FILE	OTHER		0o644	
usr/share/man/man5/networks.5.zst	INSTALL_FILE	OTHER		0o644	
usr/share/man/man5/nologin.5.zst	INSTALL_FILE	OTHER		0o644	
usr/share/man/man5/passwd.5.zst	INSTALL_FILE	OTHER		0o644	
usr/share/man/man5/protocols.5.zst	INSTALL_FILE	OTHER		0o644	
usr/share/man/man5/pw.conf.5.zst	INSTALL_FILE	OTHER		0o644	
usr/share/man/man5/rpc.5.zst	INSTALL_FILE	OTHER		0o644	
usr/share/man/man5/scr_dump.5.zst	INSTALL_FILE	OTHER		0o644	
usr/share/man/man5/services.5.zst	INSTALL_FILE	OTHER		0o644	
usr/share/man/man5/shells.5.zst	INSTALL_FILE	OTHER		0o644	
usr/share/man/man5/sources.list.5.zst	INSTALL_FILE	OTHER		0o644	
usr/share/man/man5/ssh_config.5.zst	INSTALL_FILE	OTHER		0o644	
usr/share/man/man5/sshd_config.5.zst	INSTALL_FILE	OTHER		0o644	
usr/share/man/man5/sudo.conf.5.zst	INSTALL_FILE	OTHER		0o644	
usr/share/man/man5/sudo_logsrv.proto.5.zst	INSTALL_FILE	OTHER		0o644	
usr/share/man/man5/sudo_logsrvd.conf.5.zst	INSTALL_FILE	OTHER		0o644	
usr/share/man/man5/sudo_plugin.5.zst	INSTALL_FILE	OTHER		0o644	
usr/share/man/man5/sudoers.5.zst	INSTALL_FILE	OTHER		0o644	
usr/share/man/man5/sudoers_timestamp.5.zst	INSTALL_FILE	OTHER		0o644	
usr/share/man/man5/sysctl.conf.5.zst	INSTALL_FILE	OTHER		0o644	
usr/share/man/man5/term.5.zst	INSTALL_FILE	OTHER		0o644	
usr/share/man/man5/terminfo.5.zst	INSTALL_FILE	OTHER		0o644	
usr/share/man/man5/ttys.5.zst	INSTALL_FILE	OTHER		0o644	
usr/share/man/man5/user_caps.5.zst	INSTALL_FILE	OTHER		0o644	
usr/share/man/man7	CREATE_DIRECTORY	DIRECTORY		0o755	
usr/share/man/man7/apt-patterns.7.zst	INSTALL_FILE	OTHER		0o644	
usr/share/man/man7/ascii.7.zst	INSTALL_FILE	OTHER		0o644	
usr/share/man/man7/editline.7.zst	INSTALL_FILE	OTHER		0o644	
usr/share/man/man7/hier.7.zst	INSTALL_FILE	OTHER		0o644	
usr/share/man/man7/hostname.7.zst	INSTALL_FILE	OTHER		0o644	
usr/share/man/man7/intro.7.zst	INSTALL_FILE	OTHER		0o644	
usr/share/man/man7/mailaddr.7.zst	INSTALL_FILE	OTHER		0o644	
usr/share/man/man7/operator.7.zst	INSTALL_FILE	OTHER		0o644	
usr/share/man/man7/term.7.zst	INSTALL_FILE	OTHER		0o644	
usr/share/man/man8	CREATE_DIRECTORY	DIRECTORY		0o755	
usr/share/man/man8/ac.8.zst	INSTALL_FILE	OTHER		0o644	
usr/share/man/man8/accton.8.zst	INSTALL_FILE	OTHER		0o644	
usr/share/man/man8/add-shell.8.zst	INSTALL_FILE	OTHER		0o644	
usr/share/man/man8/adduser.8.zst	INSTALL_FILE	OTHER		0o644	
usr/share/man/man8/apt-cache.8.zst	INSTALL_FILE	OTHER		0o644	
usr/share/man/man8/apt-cdrom.8.zst	INSTALL_FILE	OTHER		0o644	
usr/share/man/man8/apt-config.8.zst	INSTALL_FILE	OTHER		0o644	
usr/share/man/man8/apt-get.8.zst	INSTALL_FILE	OTHER		0o644	
usr/share/man/man8/apt-key.8.zst	INSTALL_FILE	OTHER		0o644	
usr/share/man/man8/apt-mark.8.zst	INSTALL_FILE	OTHER		0o644	
usr/share/man/man8/apt-secure.8.zst	INSTALL_FILE	OTHER		0o644	
usr/share/man/man8/apt.8.zst	INSTALL_FILE	OTHER		0o644	
usr/share/man/man8/atrun.8.zst	INSTALL_FILE	OTHER		0o644	
usr/share/man/man8/cpuctl.8.zst	INSTALL_FILE	OTHER		0o644	
usr/share/man/man8/dev_mkdb.8.zst	INSTALL_FILE	OTHER		0o644	
usr/share/man/man8/dirs_cleaner.8.zst	INSTALL_FILE	OTHER		0o644	
usr/share/man/man8/dmesg.8.zst	INSTALL_FILE	OTHER		0o644	
usr/share/man/man8/dynamic_pager.8.zst	INSTALL_FILE	OTHER		0o644	
usr/share/man/man8/edquota.8.zst	INSTALL_FILE	OTHER		0o644	
usr/share/man/man8/fdisk.8.zst	INSTALL_FILE	OTHER		0o644	
usr/share/man/man8/fsck.8.zst	INSTALL_FILE	OTHER		0o644	
usr/share/man/man8/fstyp.8.zst	INSTALL_FILE	OTHER		0o644	
usr/share/man/man8/fstyp_msdos.8.zst	INSTALL_FILE	OTHER		0o644	
usr/share/man/man8/fstyp_ntfs.8.zst	INSTALL_FILE	OTHER		0o644	
usr/share/man/man8/fstyp_udf.8.zst	INSTALL_FILE	OTHER		0o644	
usr/share/man/man8/getty.8.zst	INSTALL_FILE	OTHER		0o644	
usr/share/man/man8/halt.8.zst	CREATE_SYMLINK	SYMLINK	reboot.8.zst	0o755	
usr/share/man/man8/hostinfo.8.zst	INSTALL_FILE	OTHER		0o644	
usr/share/man/man8/intro.8.zst	INSTALL_FILE	OTHER		0o644	
usr/share/man/man8/iostat.8.zst	INSTALL_FILE	OTHER		0o644	
usr/share/man/man8/launchd.8.zst	INSTALL_FILE	OTHER		0o644	
usr/share/man/man8/mkfile.8.zst	INSTALL_FILE	OTHER		0o644	
usr/share/man/man8/mount.8.zst	INSTALL_FILE	OTHER		0o644	
usr/share/man/man8/mount_fdesc.8.zst	INSTALL_FILE	OTHER		0o644	
usr/share/man/man8/nologin.8.zst	INSTALL_FILE	OTHER		0o644	
usr/share/man/man8/nvram.8.zst	INSTALL_FILE	OTHER		0o644	
usr/share/man/man8/pam_deny.8.zst	INSTALL_FILE	OTHER		0o644	
usr/share/man/man8/pam_group.8.zst	INSTALL_FILE	OTHER		0o644	
usr/share/man/man8/pam_launchd.8.zst	INSTALL_FILE	OTHER		0o644	
usr/share/man/man8/pam_nologin.8.zst	INSTALL_FILE	OTHER		0o644	
usr/share/man/man8/pam_permit.8.zst	INSTALL_FILE	OTHER		0o644	
usr/share/man/man8/pam_rootok.8.zst	INSTALL_FILE	OTHER		0o644	
usr/share/man/man8/pam_sacl.8.zst	INSTALL_FILE	OTHER		0o644	
usr/share/man/man8/pam_self.8.zst	INSTALL_FILE	OTHER		0o644	
usr/share/man/man8/pam_unix.8.zst	INSTALL_FILE	OTHER		0o644	
usr/share/man/man8/pam_uwtmp.8.zst	INSTALL_FILE	OTHER		0o644	
usr/share/man/man8/path_helper.8.zst	INSTALL_FILE	OTHER		0o644	
usr/share/man/man8/purge.8.zst	INSTALL_FILE	OTHER		0o644	
usr/share/man/man8/pw.8.zst	INSTALL_FILE	OTHER		0o644	
usr/share/man/man8/pwd_mkdb.8.zst	INSTALL_FILE	OTHER		0o644	
usr/share/man/man8/quotacheck.8.zst	INSTALL_FILE	OTHER		0o644	
usr/share/man/man8/quotaon.8.zst	INSTALL_FILE	OTHER		0o644	
usr/share/man/man8/reboot.8.zst	INSTALL_FILE	OTHER		0o644	
usr/share/man/man8/remove-shell.8.zst	INSTALL_FILE	OTHER		0o644	
usr/share/man/man8/renice.8.zst	INSTALL_FILE	OTHER		0o644	
usr/share/man/man8/repquota.8.zst	INSTALL_FILE	OTHER		0o644	
usr/share/man/man8/rmuser.8.zst	INSTALL_FILE	OTHER		0o644	
usr/share/man/man8/run-parts.8.zst	INSTALL_FILE	OTHER		0o644	
usr/share/man/man8/sa.8.zst	INSTALL_FILE	OTHER		0o644	
usr/share/man/man8/savelog.8.zst	INSTALL_FILE	OTHER		0o644	
usr/share/man/man8/sftp-server.8.zst	INSTALL_FILE	OTHER		0o644	
usr/share/man/man8/shutdown.8.zst	INSTALL_FILE	OTHER		0o644	
usr/share/man/man8/ssh-keysign.8.zst	INSTALL_FILE	OTHER		0o644	
usr/share/man/man8/ssh-pkcs11-helper.8.zst	INSTALL_FILE	OTHER		0o644	
usr/share/man/man8/ssh-sk-helper.8.zst	INSTALL_FILE	OTHER		0o644	
usr/share/man/man8/sshd.8.zst	INSTALL_FILE	OTHER		0o644	
usr/share/man/man8/sudo.8.zst	INSTALL_FILE	OTHER		0o644	
usr/share/man/man8/sudo_logsrvd.8.zst	INSTALL_FILE	OTHER		0o644	
usr/share/man/man8/sudo_sendlog.8.zst	INSTALL_FILE	OTHER		0o644	
usr/share/man/man8/sudoedit.8.zst	CREATE_SYMLINK	SYMLINK	sudo.8.zst	0o755	
usr/share/man/man8/sudoreplay.8.zst	INSTALL_FILE	OTHER		0o644	
usr/share/man/man8/sync.8.zst	INSTALL_FILE	OTHER		0o644	
usr/share/man/man8/sysctl.8.zst	INSTALL_FILE	OTHER		0o644	
usr/share/man/man8/taskpolicy.8.zst	INSTALL_FILE	OTHER		0o644	
usr/share/man/man8/umount.8.zst	INSTALL_FILE	OTHER		0o644	
usr/share/man/man8/update-shells.8.zst	INSTALL_FILE	OTHER		0o644	
usr/share/man/man8/vifs.8.zst	INSTALL_FILE	OTHER		0o644	
usr/share/man/man8/vipw.8.zst	INSTALL_FILE	OTHER		0o644	
usr/share/man/man8/visudo.8.zst	INSTALL_FILE	OTHER		0o644	
usr/share/man/man8/vsdbutil.8.zst	INSTALL_FILE	OTHER		0o644	
usr/share/man/man8/zdump.8.zst	INSTALL_FILE	OTHER		0o644	
usr/share/man/man8/zic.8.zst	INSTALL_FILE	OTHER		0o644	
usr/share/man/nl	CREATE_DIRECTORY	DIRECTORY		0o755	
usr/share/man/nl/man1	CREATE_DIRECTORY	DIRECTORY		0o755	
usr/share/man/nl/man1/apt-transport-http.1.zst	INSTALL_FILE	OTHER		0o644	
usr/share/man/nl/man1/apt-transport-https.1.zst	INSTALL_FILE	OTHER		0o644	
usr/share/man/nl/man1/apt-transport-mirror.1.zst	INSTALL_FILE	OTHER		0o644	
usr/share/man/nl/man1/dpkg-deb.1.zst	INSTALL_FILE	PACKAGE_METADATA		0o644	
usr/share/man/nl/man1/dpkg-divert.1.zst	INSTALL_FILE	PACKAGE_METADATA		0o644	
usr/share/man/nl/man1/dpkg-maintscript-helper.1.zst	INSTALL_FILE	PACKAGE_METADATA		0o644	
usr/share/man/nl/man1/dpkg-query.1.zst	INSTALL_FILE	PACKAGE_METADATA		0o644	
usr/share/man/nl/man1/dpkg-realpath.1.zst	INSTALL_FILE	PACKAGE_METADATA		0o644	
usr/share/man/nl/man1/dpkg-split.1.zst	INSTALL_FILE	PACKAGE_METADATA		0o644	
usr/share/man/nl/man1/dpkg-statoverride.1.zst	INSTALL_FILE	PACKAGE_METADATA		0o644	
usr/share/man/nl/man1/dpkg-trigger.1.zst	INSTALL_FILE	PACKAGE_METADATA		0o644	
usr/share/man/nl/man1/dpkg.1.zst	INSTALL_FILE	PACKAGE_METADATA		0o644	
usr/share/man/nl/man1/update-alternatives.1.zst	INSTALL_FILE	OTHER		0o644	
usr/share/man/nl/man5	CREATE_DIRECTORY	DIRECTORY		0o755	
usr/share/man/nl/man5/apt.conf.5.zst	INSTALL_FILE	OTHER		0o644	
usr/share/man/nl/man5/apt_auth.conf.5.zst	INSTALL_FILE	OTHER		0o644	
usr/share/man/nl/man5/apt_preferences.5.zst	INSTALL_FILE	OTHER		0o644	
usr/share/man/nl/man5/sources.list.5.zst	INSTALL_FILE	OTHER		0o644	
usr/share/man/nl/man7	CREATE_DIRECTORY	DIRECTORY		0o755	
usr/share/man/nl/man7/apt-patterns.7.zst	INSTALL_FILE	OTHER		0o644	
usr/share/man/nl/man8	CREATE_DIRECTORY	DIRECTORY		0o755	
usr/share/man/nl/man8/apt-cache.8.zst	INSTALL_FILE	OTHER		0o644	
usr/share/man/nl/man8/apt-cdrom.8.zst	INSTALL_FILE	OTHER		0o644	
usr/share/man/nl/man8/apt-config.8.zst	INSTALL_FILE	OTHER		0o644	
usr/share/man/nl/man8/apt-get.8.zst	INSTALL_FILE	OTHER		0o644	
usr/share/man/nl/man8/apt-key.8.zst	INSTALL_FILE	OTHER		0o644	
usr/share/man/nl/man8/apt-mark.8.zst	INSTALL_FILE	OTHER		0o644	
usr/share/man/nl/man8/apt-secure.8.zst	INSTALL_FILE	OTHER		0o644	
usr/share/man/nl/man8/apt.8.zst	INSTALL_FILE	OTHER		0o644	
usr/share/man/pl	CREATE_DIRECTORY	DIRECTORY		0o755	
usr/share/man/pl/man1	CREATE_DIRECTORY	DIRECTORY		0o755	
usr/share/man/pl/man5	CREATE_DIRECTORY	DIRECTORY		0o755	
usr/share/man/pl/man5/apt_preferences.5.zst	INSTALL_FILE	OTHER		0o644	
usr/share/man/pl/man7	CREATE_DIRECTORY	DIRECTORY		0o755	
usr/share/man/pl/man8	CREATE_DIRECTORY	DIRECTORY		0o755	
usr/share/man/pl/man8/add-shell.8.zst	INSTALL_FILE	OTHER		0o644	
usr/share/man/pl/man8/apt-cache.8.zst	INSTALL_FILE	OTHER		0o644	
usr/share/man/pl/man8/apt-cdrom.8.zst	INSTALL_FILE	OTHER		0o644	
usr/share/man/pl/man8/apt-config.8.zst	INSTALL_FILE	OTHER		0o644	
usr/share/man/pl/man8/remove-shell.8.zst	INSTALL_FILE	OTHER		0o644	
usr/share/man/pl/man8/run-parts.8.zst	INSTALL_FILE	OTHER		0o644	
usr/share/man/pl/man8/savelog.8.zst	INSTALL_FILE	OTHER		0o644	
usr/share/man/pt	CREATE_DIRECTORY	DIRECTORY		0o755	
usr/share/man/pt/man1	CREATE_DIRECTORY	DIRECTORY		0o755	
usr/share/man/pt/man1/apt-transport-http.1.zst	INSTALL_FILE	OTHER		0o644	
usr/share/man/pt/man1/apt-transport-https.1.zst	INSTALL_FILE	OTHER		0o644	
usr/share/man/pt/man1/apt-transport-mirror.1.zst	INSTALL_FILE	OTHER		0o644	
usr/share/man/pt/man1/dpkg-deb.1.zst	INSTALL_FILE	PACKAGE_METADATA		0o644	
usr/share/man/pt/man1/dpkg-divert.1.zst	INSTALL_FILE	PACKAGE_METADATA		0o644	
usr/share/man/pt/man1/dpkg-maintscript-helper.1.zst	INSTALL_FILE	PACKAGE_METADATA		0o644	
usr/share/man/pt/man1/dpkg-query.1.zst	INSTALL_FILE	PACKAGE_METADATA		0o644	
usr/share/man/pt/man1/dpkg-realpath.1.zst	INSTALL_FILE	PACKAGE_METADATA		0o644	
usr/share/man/pt/man1/dpkg-split.1.zst	INSTALL_FILE	PACKAGE_METADATA		0o644	
usr/share/man/pt/man1/dpkg-statoverride.1.zst	INSTALL_FILE	PACKAGE_METADATA		0o644	
usr/share/man/pt/man1/dpkg-trigger.1.zst	INSTALL_FILE	PACKAGE_METADATA		0o644	
usr/share/man/pt/man1/dpkg.1.zst	INSTALL_FILE	PACKAGE_METADATA		0o644	
usr/share/man/pt/man1/update-alternatives.1.zst	INSTALL_FILE	OTHER		0o644	
usr/share/man/pt/man5	CREATE_DIRECTORY	DIRECTORY		0o755	
usr/share/man/pt/man5/apt.conf.5.zst	INSTALL_FILE	OTHER		0o644	
usr/share/man/pt/man5/apt_auth.conf.5.zst	INSTALL_FILE	OTHER		0o644	
usr/share/man/pt/man5/apt_preferences.5.zst	INSTALL_FILE	OTHER		0o644	
usr/share/man/pt/man5/sources.list.5.zst	INSTALL_FILE	OTHER		0o644	
usr/share/man/pt/man7	CREATE_DIRECTORY	DIRECTORY		0o755	
usr/share/man/pt/man7/apt-patterns.7.zst	INSTALL_FILE	OTHER		0o644	
usr/share/man/pt/man8	CREATE_DIRECTORY	DIRECTORY		0o755	
usr/share/man/pt/man8/add-shell.8.zst	INSTALL_FILE	OTHER		0o644	
usr/share/man/pt/man8/apt-cache.8.zst	INSTALL_FILE	OTHER		0o644	
usr/share/man/pt/man8/apt-cdrom.8.zst	INSTALL_FILE	OTHER		0o644	
usr/share/man/pt/man8/apt-config.8.zst	INSTALL_FILE	OTHER		0o644	
usr/share/man/pt/man8/apt-get.8.zst	INSTALL_FILE	OTHER		0o644	
usr/share/man/pt/man8/apt-key.8.zst	INSTALL_FILE	OTHER		0o644	
usr/share/man/pt/man8/apt-mark.8.zst	INSTALL_FILE	OTHER		0o644	
usr/share/man/pt/man8/apt-secure.8.zst	INSTALL_FILE	OTHER		0o644	
usr/share/man/pt/man8/apt.8.zst	INSTALL_FILE	OTHER		0o644	
usr/share/man/pt/man8/remove-shell.8.zst	INSTALL_FILE	OTHER		0o644	
usr/share/man/pt/man8/run-parts.8.zst	INSTALL_FILE	OTHER		0o644	
usr/share/man/pt/man8/savelog.8.zst	INSTALL_FILE	OTHER		0o644	
usr/share/man/pt_BR	CREATE_DIRECTORY	DIRECTORY		0o755	
usr/share/man/pt_BR/man1	CREATE_DIRECTORY	DIRECTORY		0o755	
usr/share/man/pt_BR/man5	CREATE_DIRECTORY	DIRECTORY		0o755	
usr/share/man/pt_BR/man7	CREATE_DIRECTORY	DIRECTORY		0o755	
usr/share/man/pt_BR/man8	CREATE_DIRECTORY	DIRECTORY		0o755	
usr/share/man/sl	CREATE_DIRECTORY	DIRECTORY		0o755	
usr/share/man/sl/man8	CREATE_DIRECTORY	DIRECTORY		0o755	
usr/share/man/sl/man8/add-shell.8.zst	INSTALL_FILE	OTHER		0o644	
usr/share/man/sl/man8/remove-shell.8.zst	INSTALL_FILE	OTHER		0o644	
usr/share/man/sl/man8/run-parts.8.zst	INSTALL_FILE	OTHER		0o644	
usr/share/man/sl/man8/savelog.8.zst	INSTALL_FILE	OTHER		0o644	
usr/share/man/sv	CREATE_DIRECTORY	DIRECTORY		0o755	
usr/share/man/sv/man1	CREATE_DIRECTORY	DIRECTORY		0o755	
usr/share/man/sv/man1/dpkg-deb.1.zst	INSTALL_FILE	PACKAGE_METADATA		0o644	
usr/share/man/sv/man1/dpkg-divert.1.zst	INSTALL_FILE	PACKAGE_METADATA		0o644	
usr/share/man/sv/man1/dpkg-maintscript-helper.1.zst	INSTALL_FILE	PACKAGE_METADATA		0o644	
usr/share/man/sv/man1/dpkg-query.1.zst	INSTALL_FILE	PACKAGE_METADATA		0o644	
usr/share/man/sv/man1/dpkg-realpath.1.zst	INSTALL_FILE	PACKAGE_METADATA		0o644	
usr/share/man/sv/man1/dpkg-split.1.zst	INSTALL_FILE	PACKAGE_METADATA		0o644	
usr/share/man/sv/man1/dpkg-statoverride.1.zst	INSTALL_FILE	PACKAGE_METADATA		0o644	
usr/share/man/sv/man1/dpkg-trigger.1.zst	INSTALL_FILE	PACKAGE_METADATA		0o644	
usr/share/man/sv/man1/dpkg.1.zst	INSTALL_FILE	PACKAGE_METADATA		0o644	
usr/share/man/sv/man1/update-alternatives.1.zst	INSTALL_FILE	OTHER		0o644	
usr/share/man/zh_CN	CREATE_DIRECTORY	DIRECTORY		0o755	
usr/share/man/zh_CN/man1	CREATE_DIRECTORY	DIRECTORY		0o755	
usr/share/man/zh_CN/man1/deviceinfo.1.zst	INSTALL_FILE	OTHER		0o644	
usr/share/man/zh_CN/man1/ldrestart.1.zst	INSTALL_FILE	OTHER		0o644	
usr/share/man/zh_CN/man1/mgask.1.zst	INSTALL_FILE	OTHER		0o644	
usr/share/man/zh_CN/man1/sbreload.1.zst	INSTALL_FILE	OTHER		0o644	
usr/share/man/zh_CN/man1/uialert.1.zst	INSTALL_FILE	OTHER		0o644	
usr/share/man/zh_CN/man1/uicache.1.zst	INSTALL_FILE	OTHER		0o644	
usr/share/man/zh_CN/man1/uiopen.1.zst	INSTALL_FILE	OTHER		0o644	
usr/share/man/zh_TW	CREATE_DIRECTORY	DIRECTORY		0o755	
usr/share/man/zh_TW/man1	CREATE_DIRECTORY	DIRECTORY		0o755	
usr/share/man/zh_TW/man1/deviceinfo.1.zst	INSTALL_FILE	OTHER		0o644	
usr/share/man/zh_TW/man1/ldrestart.1.zst	INSTALL_FILE	OTHER		0o644	
usr/share/man/zh_TW/man1/mgask.1.zst	INSTALL_FILE	OTHER		0o644	
usr/share/man/zh_TW/man1/sbreload.1.zst	INSTALL_FILE	OTHER		0o644	
usr/share/man/zh_TW/man1/uialert.1.zst	INSTALL_FILE	OTHER		0o644	
usr/share/man/zh_TW/man1/uicache.1.zst	INSTALL_FILE	OTHER		0o644	
usr/share/man/zh_TW/man1/uiopen.1.zst	INSTALL_FILE	OTHER		0o644	
usr/share/polkit-1	CREATE_DIRECTORY	DIRECTORY		0o755	
usr/share/polkit-1/actions	CREATE_DIRECTORY	DIRECTORY		0o755	
usr/share/polkit-1/actions/org.dpkg.pkexec.update-alternatives.policy	INSTALL_FILE	PACKAGE_METADATA		0o644	
usr/share/skel	CREATE_DIRECTORY	DIRECTORY		0o755	
usr/share/terminfo	CREATE_DIRECTORY	DIRECTORY		0o755	
usr/share/terminfo/61	CREATE_SYMLINK	SYMLINK	a	0o755	
usr/share/terminfo/63	CREATE_SYMLINK	SYMLINK	c	0o755	
usr/share/terminfo/64	CREATE_SYMLINK	SYMLINK	d	0o755	
usr/share/terminfo/65	CREATE_SYMLINK	SYMLINK	e	0o755	
usr/share/terminfo/67	CREATE_SYMLINK	SYMLINK	g	0o755	
usr/share/terminfo/6b	CREATE_SYMLINK	SYMLINK	k	0o755	
usr/share/terminfo/6c	CREATE_SYMLINK	SYMLINK	l	0o755	
usr/share/terminfo/6d	CREATE_SYMLINK	SYMLINK	m	0o755	
usr/share/terminfo/70	CREATE_SYMLINK	SYMLINK	p	0o755	
usr/share/terminfo/72	CREATE_SYMLINK	SYMLINK	r	0o755	
usr/share/terminfo/73	CREATE_SYMLINK	SYMLINK	s	0o755	
usr/share/terminfo/74	CREATE_SYMLINK	SYMLINK	t	0o755	
usr/share/terminfo/75	CREATE_SYMLINK	SYMLINK	u	0o755	
usr/share/terminfo/76	CREATE_SYMLINK	SYMLINK	v	0o755	
usr/share/terminfo/78	CREATE_SYMLINK	SYMLINK	x	0o755	
usr/share/terminfo/a	CREATE_DIRECTORY	DIRECTORY		0o755	
usr/share/terminfo/a/Apple_Terminal	CREATE_SYMLINK	SYMLINK	../n/nsterm	0o755	
usr/share/terminfo/a/ansi	INSTALL_FILE	OTHER		0o644	
usr/share/terminfo/a/ansi+arrows	INSTALL_FILE	OTHER		0o644	
usr/share/terminfo/a/ansi+cpr	INSTALL_FILE	OTHER		0o644	
usr/share/terminfo/a/ansi+csr	INSTALL_FILE	OTHER		0o644	
usr/share/terminfo/a/ansi+cup	INSTALL_FILE	OTHER		0o644	
usr/share/terminfo/a/ansi+enq	INSTALL_FILE	OTHER		0o644	
usr/share/terminfo/a/ansi+erase	INSTALL_FILE	OTHER		0o644	
usr/share/terminfo/a/ansi+idc	INSTALL_FILE	OTHER		0o644	
usr/share/terminfo/a/ansi+idc1	INSTALL_FILE	OTHER		0o644	
usr/share/terminfo/a/ansi+idl	INSTALL_FILE	OTHER		0o644	
usr/share/terminfo/a/ansi+idl1	INSTALL_FILE	OTHER		0o644	
usr/share/terminfo/a/ansi+inittabs	INSTALL_FILE	OTHER		0o644	
usr/share/terminfo/a/ansi+local	INSTALL_FILE	OTHER		0o644	
usr/share/terminfo/a/ansi+local1	INSTALL_FILE	OTHER		0o644	
usr/share/terminfo/a/ansi+pp	INSTALL_FILE	OTHER		0o644	
usr/share/terminfo/a/ansi+rca	INSTALL_FILE	OTHER		0o644	
usr/share/terminfo/a/ansi+rca2	INSTALL_FILE	OTHER		0o644	
usr/share/terminfo/a/ansi+rep	INSTALL_FILE	OTHER		0o644	
usr/share/terminfo/a/ansi+sgr	INSTALL_FILE	OTHER		0o644	
usr/share/terminfo/a/ansi+sgrbold	INSTALL_FILE	OTHER		0o644	
usr/share/terminfo/a/ansi+sgrdim	INSTALL_FILE	OTHER		0o644	
usr/share/terminfo/a/ansi+sgrso	INSTALL_FILE	OTHER		0o644	
usr/share/terminfo/a/ansi+sgrul	INSTALL_FILE	OTHER		0o644	
usr/share/terminfo/a/ansi+tabs	INSTALL_FILE	OTHER		0o644	
usr/share/terminfo/a/ansi-color-2-emx	INSTALL_FILE	OTHER		0o644	
usr/share/terminfo/a/ansi-color-3-emx	INSTALL_FILE	OTHER		0o644	
usr/share/terminfo/a/ansi-emx	INSTALL_FILE	OTHER		0o644	
usr/share/terminfo/a/ansi-generic	INSTALL_FILE	OTHER		0o644	
usr/share/terminfo/a/ansi-m	INSTALL_FILE	OTHER		0o644	
usr/share/terminfo/a/ansi-mini	INSTALL_FILE	OTHER		0o644	
usr/share/terminfo/a/ansi-mono	CREATE_SYMLINK	SYMLINK	ansi-m	0o755	
usr/share/terminfo/a/ansi-mr	INSTALL_FILE	OTHER		0o644	
usr/share/terminfo/a/ansi-mtabs	INSTALL_FILE	OTHER		0o644	
usr/share/terminfo/a/ansi-nt	INSTALL_FILE	OTHER		0o644	
usr/share/terminfo/a/ansi.sys	INSTALL_FILE	OTHER		0o644	
usr/share/terminfo/a/ansi.sys-old	INSTALL_FILE	OTHER		0o644	
usr/share/terminfo/a/ansi.sysk	INSTALL_FILE	OTHER		0o644	
usr/share/terminfo/a/apple-80	INSTALL_FILE	OTHER		0o644	
usr/share/terminfo/a/apple-ae	INSTALL_FILE	OTHER		0o644	
usr/share/terminfo/a/apple-soroc	INSTALL_FILE	OTHER		0o644	
usr/share/terminfo/a/apple-uterm	INSTALL_FILE	OTHER		0o644	
usr/share/terminfo/a/apple-uterm-vb	INSTALL_FILE	OTHER		0o644	
usr/share/terminfo/a/apple-videx	INSTALL_FILE	OTHER		0o644	
usr/share/terminfo/a/apple-videx2	INSTALL_FILE	OTHER		0o644	
usr/share/terminfo/a/apple-videx3	INSTALL_FILE	OTHER		0o644	
usr/share/terminfo/a/apple-vm80	INSTALL_FILE	OTHER		0o644	
usr/share/terminfo/c	CREATE_DIRECTORY	DIRECTORY		0o755	
usr/share/terminfo/c/cons25	INSTALL_FILE	OTHER		0o644	
usr/share/terminfo/c/cons25-debian	INSTALL_FILE	OTHER		0o644	
usr/share/terminfo/c/cons25-iso-m	CREATE_SYMLINK	SYMLINK	cons25l1-m	0o755	
usr/share/terminfo/c/cons25-iso8859	CREATE_SYMLINK	SYMLINK	cons25l1	0o755	
usr/share/terminfo/c/cons25-koi8-r	CREATE_SYMLINK	SYMLINK	cons25r	0o755	
usr/share/terminfo/c/cons25-koi8r-m	CREATE_SYMLINK	SYMLINK	cons25r-m	0o755	
usr/share/terminfo/c/cons25-m	INSTALL_FILE	OTHER		0o644	
usr/share/terminfo/c/cygwin	INSTALL_FILE	OTHER		0o644	
usr/share/terminfo/d	CREATE_DIRECTORY	DIRECTORY		0o755	
usr/share/terminfo/d/dumb	INSTALL_FILE	OTHER		0o644	
usr/share/terminfo/d/dumb-emacs-ansi	INSTALL_FILE	OTHER		0o644	
usr/share/terminfo/e	CREATE_DIRECTORY	DIRECTORY		0o755	
usr/share/terminfo/e/Eterm	INSTALL_FILE	OTHER		0o644	
usr/share/terminfo/e/Eterm-256color	INSTALL_FILE	OTHER		0o644	
usr/share/terminfo/e/Eterm-88color	INSTALL_FILE	OTHER		0o644	
usr/share/terminfo/e/Eterm-color	CREATE_SYMLINK	SYMLINK	Eterm	0o755	
usr/share/terminfo/g	CREATE_DIRECTORY	DIRECTORY		0o755	
usr/share/terminfo/g/gnome	INSTALL_FILE	OTHER		0o644	
usr/share/terminfo/g/gnome+pcfkeys	INSTALL_FILE	OTHER		0o644	
usr/share/terminfo/g/gnome-2007	INSTALL_FILE	OTHER		0o644	
usr/share/terminfo/g/gnome-2008	INSTALL_FILE	OTHER		0o644	
usr/share/terminfo/g/gnome-2012	INSTALL_FILE	OTHER		0o644	
usr/share/terminfo/g/gnome-256color	INSTALL_FILE	OTHER		0o644	
usr/share/terminfo/g/gnome-fc5	INSTALL_FILE	OTHER		0o644	
usr/share/terminfo/g/gnome-rh62	INSTALL_FILE	OTHER		0o644	
usr/share/terminfo/g/gnome-rh72	INSTALL_FILE	OTHER		0o644	
usr/share/terminfo/g/gnome-rh80	INSTALL_FILE	OTHER		0o644	
usr/share/terminfo/g/gnome-rh90	INSTALL_FILE	OTHER		0o644	
usr/share/terminfo/k	CREATE_DIRECTORY	DIRECTORY		0o755	
usr/share/terminfo/k/konsole	INSTALL_FILE	OTHER		0o644	
usr/share/terminfo/k/konsole+pcfkeys	INSTALL_FILE	OTHER		0o644	
usr/share/terminfo/k/konsole-16color	INSTALL_FILE	OTHER		0o644	
usr/share/terminfo/k/konsole-256color	INSTALL_FILE	OTHER		0o644	
usr/share/terminfo/k/konsole-base	INSTALL_FILE	OTHER		0o644	
usr/share/terminfo/k/konsole-direct	INSTALL_FILE	OTHER		0o644	
usr/share/terminfo/k/konsole-linux	INSTALL_FILE	OTHER		0o644	
usr/share/terminfo/k/konsole-solaris	INSTALL_FILE	OTHER		0o644	
usr/share/terminfo/k/konsole-vt100	INSTALL_FILE	OTHER		0o644	
usr/share/terminfo/k/konsole-vt420pc	INSTALL_FILE	OTHER		0o644	
usr/share/terminfo/k/konsole-xf3x	INSTALL_FILE	OTHER		0o644	
usr/share/terminfo/k/konsole-xf4x	INSTALL_FILE	OTHER		0o644	
usr/share/terminfo/l	CREATE_DIRECTORY	DIRECTORY		0o755	
usr/share/terminfo/l/linux	INSTALL_FILE	OTHER		0o644	
usr/share/terminfo/l/linux+decid	INSTALL_FILE	OTHER		0o644	
usr/share/terminfo/l/linux+sfkeys	INSTALL_FILE	OTHER		0o644	
usr/share/terminfo/l/linux-16color	INSTALL_FILE	OTHER		0o644	
usr/share/terminfo/l/linux-basic	INSTALL_FILE	OTHER		0o644	
usr/share/terminfo/l/linux-c	INSTALL_FILE	OTHER		0o644	
usr/share/terminfo/l/linux-c-nc	INSTALL_FILE	OTHER		0o644	
usr/share/terminfo/l/linux-koi8	INSTALL_FILE	OTHER		0o644	
usr/share/terminfo/l/linux-koi8r	INSTALL_FILE	OTHER		0o644	
usr/share/terminfo/l/linux-lat	INSTALL_FILE	OTHER		0o644	
usr/share/terminfo/l/linux-m	INSTALL_FILE	OTHER		0o644	
usr/share/terminfo/l/linux-m1	INSTALL_FILE	OTHER		0o644	
usr/share/terminfo/l/linux-m1b	INSTALL_FILE	OTHER		0o644	
usr/share/terminfo/l/linux-m2	INSTALL_FILE	OTHER		0o644	
usr/share/terminfo/l/linux-nic	INSTALL_FILE	OTHER		0o644	
usr/share/terminfo/l/linux-s	INSTALL_FILE	OTHER		0o644	
usr/share/terminfo/l/linux-vt	INSTALL_FILE	OTHER		0o644	
usr/share/terminfo/m	CREATE_DIRECTORY	DIRECTORY		0o755	
usr/share/terminfo/m/mach	INSTALL_FILE	OTHER		0o644	
usr/share/terminfo/m/mach-bold	INSTALL_FILE	OTHER		0o644	
usr/share/terminfo/m/mach-color	INSTALL_FILE	OTHER		0o644	
usr/share/terminfo/m/mach-gnu	INSTALL_FILE	OTHER		0o644	
usr/share/terminfo/m/mach-gnu-color	INSTALL_FILE	OTHER		0o644	
usr/share/terminfo/p	CREATE_DIRECTORY	DIRECTORY		0o755	
usr/share/terminfo/p/pcansi	INSTALL_FILE	OTHER		0o644	
usr/share/terminfo/p/pcansi-25	INSTALL_FILE	OTHER		0o644	
usr/share/terminfo/p/pcansi-25-m	INSTALL_FILE	OTHER		0o644	
usr/share/terminfo/p/pcansi-33	INSTALL_FILE	OTHER		0o644	
usr/share/terminfo/p/pcansi-33-m	INSTALL_FILE	OTHER		0o644	
usr/share/terminfo/p/pcansi-43	INSTALL_FILE	OTHER		0o644	
usr/share/terminfo/p/pcansi-43-m	INSTALL_FILE	OTHER		0o644	
usr/share/terminfo/p/pcansi-m	INSTALL_FILE	OTHER		0o644	
usr/share/terminfo/p/pcansi-mono	CREATE_SYMLINK	SYMLINK	pcansi-m	0o755	
usr/share/terminfo/p/putty	INSTALL_FILE	OTHER		0o644	
usr/share/terminfo/p/putty+fnkeys	INSTALL_FILE	OTHER		0o644	
usr/share/terminfo/p/putty+fnkeys+esc	INSTALL_FILE	OTHER		0o644	
usr/share/terminfo/p/putty+fnkeys+linux	INSTALL_FILE	OTHER		0o644	
usr/share/terminfo/p/putty+fnkeys+sco	INSTALL_FILE	OTHER		0o644	
usr/share/terminfo/p/putty+fnkeys+vt100	INSTALL_FILE	OTHER		0o644	
usr/share/terminfo/p/putty+fnkeys+vt400	INSTALL_FILE	OTHER		0o644	
usr/share/terminfo/p/putty+fnkeys+xterm	INSTALL_FILE	OTHER		0o644	
usr/share/terminfo/p/putty+keypad	INSTALL_FILE	OTHER		0o644	
usr/share/terminfo/p/putty+screen	INSTALL_FILE	OTHER		0o644	
usr/share/terminfo/p/putty-256color	INSTALL_FILE	OTHER		0o644	
usr/share/terminfo/p/putty-m1	INSTALL_FILE	OTHER		0o644	
usr/share/terminfo/p/putty-m1b	INSTALL_FILE	OTHER		0o644	
usr/share/terminfo/p/putty-m2	INSTALL_FILE	OTHER		0o644	
usr/share/terminfo/p/putty-noapp	INSTALL_FILE	OTHER		0o644	
usr/share/terminfo/p/putty-sco	INSTALL_FILE	OTHER		0o644	
usr/share/terminfo/p/putty-screen	INSTALL_FILE	OTHER		0o644	
usr/share/terminfo/p/putty-vt100	INSTALL_FILE	OTHER		0o644	
usr/share/terminfo/r	CREATE_DIRECTORY	DIRECTORY		0o755	
usr/share/terminfo/r/rxvt	INSTALL_FILE	OTHER		0o644	
usr/share/terminfo/r/rxvt+pcfkeys	INSTALL_FILE	OTHER		0o644	
usr/share/terminfo/r/rxvt-16color	INSTALL_FILE	OTHER		0o644	
usr/share/terminfo/r/rxvt-256color	INSTALL_FILE	OTHER		0o644	
usr/share/terminfo/r/rxvt-88color	INSTALL_FILE	OTHER		0o644	
usr/share/terminfo/r/rxvt-basic	INSTALL_FILE	OTHER		0o644	
usr/share/terminfo/r/rxvt-color	CREATE_SYMLINK	SYMLINK	rxvt	0o755	
usr/share/terminfo/r/rxvt-cygwin	INSTALL_FILE	OTHER		0o644	
usr/share/terminfo/r/rxvt-cygwin-native	INSTALL_FILE	OTHER		0o644	
usr/share/terminfo/r/rxvt-xpm	INSTALL_FILE	OTHER		0o644	
usr/share/terminfo/s	CREATE_DIRECTORY	DIRECTORY		0o755	
usr/share/terminfo/s/screen	INSTALL_FILE	OTHER		0o644	
usr/share/terminfo/s/screen+fkeys	INSTALL_FILE	OTHER		0o644	
usr/share/terminfo/s/screen+italics	INSTALL_FILE	OTHER		0o644	
usr/share/terminfo/s/screen-16color	INSTALL_FILE	OTHER		0o644	
usr/share/terminfo/s/screen-16color-bce	INSTALL_FILE	OTHER		0o644	
usr/share/terminfo/s/screen-16color-bce-s	INSTALL_FILE	OTHER		0o644	
usr/share/terminfo/s/screen-16color-s	INSTALL_FILE	OTHER		0o644	
usr/share/terminfo/s/screen-256color	INSTALL_FILE	OTHER		0o644	
usr/share/terminfo/s/screen-256color-bce	INSTALL_FILE	OTHER		0o644	
usr/share/terminfo/s/screen-256color-bce-s	INSTALL_FILE	OTHER		0o644	
usr/share/terminfo/s/screen-256color-s	INSTALL_FILE	OTHER		0o644	
usr/share/terminfo/s/screen-base	INSTALL_FILE	OTHER		0o644	
usr/share/terminfo/s/screen-bce	INSTALL_FILE	OTHER		0o644	
usr/share/terminfo/s/screen-bce.Eterm	INSTALL_FILE	OTHER		0o644	
usr/share/terminfo/s/screen-bce.gnome	INSTALL_FILE	OTHER		0o644	
usr/share/terminfo/s/screen-bce.konsole	INSTALL_FILE	OTHER		0o644	
usr/share/terminfo/s/screen-bce.linux	INSTALL_FILE	OTHER		0o644	
usr/share/terminfo/s/screen-bce.mrxvt	INSTALL_FILE	OTHER		0o644	
usr/share/terminfo/s/screen-bce.rxvt	INSTALL_FILE	OTHER		0o644	
usr/share/terminfo/s/screen-bce.xterm-new	INSTALL_FILE	OTHER		0o644	
usr/share/terminfo/s/screen-s	INSTALL_FILE	OTHER		0o644	
usr/share/terminfo/s/screen-w	INSTALL_FILE	OTHER		0o644	
usr/share/terminfo/s/screen.Eterm	INSTALL_FILE	OTHER		0o644	
usr/share/terminfo/s/screen.gnome	INSTALL_FILE	OTHER		0o644	
usr/share/terminfo/s/screen.konsole	INSTALL_FILE	OTHER		0o644	
usr/share/terminfo/s/screen.konsole-256color	INSTALL_FILE	OTHER		0o644	
usr/share/terminfo/s/screen.linux	INSTALL_FILE	OTHER		0o644	
usr/share/terminfo/s/screen.linux-m1	INSTALL_FILE	OTHER		0o644	
usr/share/terminfo/s/screen.linux-m1b	INSTALL_FILE	OTHER		0o644	
usr/share/terminfo/s/screen.linux-m2	INSTALL_FILE	OTHER		0o644	
usr/share/terminfo/s/screen.linux-s	CREATE_SYMLINK	SYMLINK	screen.linux	0o755	
usr/share/terminfo/s/screen.minitel1	INSTALL_FILE	OTHER		0o644	
usr/share/terminfo/s/screen.minitel1-nb	INSTALL_FILE	OTHER		0o644	
usr/share/terminfo/s/screen.minitel12-80	CREATE_SYMLINK	SYMLINK	screen.minitel1b-80	0o755	
usr/share/terminfo/s/screen.minitel1b	INSTALL_FILE	OTHER		0o644	
usr/share/terminfo/s/screen.minitel1b-80	INSTALL_FILE	OTHER		0o644	
usr/share/terminfo/s/screen.minitel1b-nb	INSTALL_FILE	OTHER		0o644	
usr/share/terminfo/s/screen.minitel2-80	CREATE_SYMLINK	SYMLINK	screen.minitel1b-80	0o755	
usr/share/terminfo/s/screen.mlterm	INSTALL_FILE	OTHER		0o644	
usr/share/terminfo/s/screen.mlterm-256color	INSTALL_FILE	OTHER		0o644	
usr/share/terminfo/s/screen.mrxvt	INSTALL_FILE	OTHER		0o644	
usr/share/terminfo/s/screen.putty	INSTALL_FILE	OTHER		0o644	
usr/share/terminfo/s/screen.putty-256color	INSTALL_FILE	OTHER		0o644	
usr/share/terminfo/s/screen.putty-m1	INSTALL_FILE	OTHER		0o644	
usr/share/terminfo/s/screen.putty-m1b	INSTALL_FILE	OTHER		0o644	
usr/share/terminfo/s/screen.putty-m2	INSTALL_FILE	OTHER		0o644	
usr/share/terminfo/s/screen.rxvt	INSTALL_FILE	OTHER		0o644	
usr/share/terminfo/s/screen.teraterm	INSTALL_FILE	OTHER		0o644	
usr/share/terminfo/s/screen.vte	INSTALL_FILE	OTHER		0o644	
usr/share/terminfo/s/screen.vte-256color	INSTALL_FILE	OTHER		0o644	
usr/share/terminfo/s/screen.xterm-256color	INSTALL_FILE	OTHER		0o644	
usr/share/terminfo/s/screen.xterm-new	CREATE_SYMLINK	SYMLINK	screen.xterm-xfree86	0o755	
usr/share/terminfo/s/screen.xterm-r6	INSTALL_FILE	OTHER		0o644	
usr/share/terminfo/s/screen.xterm-xfree86	INSTALL_FILE	OTHER		0o644	
usr/share/terminfo/s/sun	INSTALL_FILE	OTHER		0o644	
usr/share/terminfo/s/sun+sl	INSTALL_FILE	OTHER		0o644	
usr/share/terminfo/s/sun-1	INSTALL_FILE	OTHER		0o644	
usr/share/terminfo/s/sun-12	INSTALL_FILE	OTHER		0o644	
usr/share/terminfo/s/sun-17	INSTALL_FILE	OTHER		0o644	
usr/share/terminfo/s/sun-24	INSTALL_FILE	OTHER		0o644	
usr/share/terminfo/s/sun-34	INSTALL_FILE	OTHER		0o644	
usr/share/terminfo/s/sun-48	INSTALL_FILE	OTHER		0o644	
usr/share/terminfo/s/sun-c	INSTALL_FILE	OTHER		0o644	
usr/share/terminfo/s/sun-cgsix	INSTALL_FILE	OTHER		0o644	
usr/share/terminfo/s/sun-cmd	CREATE_SYMLINK	SYMLINK	sun-c	0o755	
usr/share/terminfo/s/sun-color	INSTALL_FILE	OTHER		0o644	
usr/share/terminfo/s/sun-e	INSTALL_FILE	OTHER		0o644	
usr/share/terminfo/s/sun-e-s	INSTALL_FILE	OTHER		0o644	
usr/share/terminfo/s/sun-il	INSTALL_FILE	OTHER		0o644	
usr/share/terminfo/s/sun-nic	CREATE_SYMLINK	SYMLINK	sun-e	0o755	
usr/share/terminfo/s/sun-s	INSTALL_FILE	OTHER		0o644	
usr/share/terminfo/s/sun-s-e	CREATE_SYMLINK	SYMLINK	sun-e-s	0o755	
usr/share/terminfo/s/sun-ss5	CREATE_SYMLINK	SYMLINK	sun-cgsix	0o755	
usr/share/terminfo/s/sun-type4	INSTALL_FILE	OTHER		0o644	
usr/share/terminfo/t	CREATE_DIRECTORY	DIRECTORY		0o755	
usr/share/terminfo/t/tmux	INSTALL_FILE	OTHER		0o644	
usr/share/terminfo/t/tmux-256color	INSTALL_FILE	OTHER		0o644	
usr/share/terminfo/t/tmux-direct	INSTALL_FILE	OTHER		0o644	
usr/share/terminfo/u	CREATE_DIRECTORY	DIRECTORY		0o755	
usr/share/terminfo/u/unknown	INSTALL_FILE	OTHER		0o644	
usr/share/terminfo/v	CREATE_DIRECTORY	DIRECTORY		0o755	
usr/share/terminfo/v/vt100	INSTALL_FILE	OTHER		0o644	
usr/share/terminfo/v/vt100+	CREATE_SYMLINK	SYMLINK	../m/ms-vt100+	0o755	
usr/share/terminfo/v/vt100+4bsd	INSTALL_FILE	OTHER		0o644	
usr/share/terminfo/v/vt100+enq	INSTALL_FILE	OTHER		0o644	
usr/share/terminfo/v/vt100+fnkeys	INSTALL_FILE	OTHER		0o644	
usr/share/terminfo/v/vt100+keypad	INSTALL_FILE	OTHER		0o644	
usr/share/terminfo/v/vt100+pfkeys	INSTALL_FILE	OTHER		0o644	
usr/share/terminfo/v/vt100-am	CREATE_SYMLINK	SYMLINK	vt100	0o755	
usr/share/terminfo/v/vt100-bm	CREATE_SYMLINK	SYMLINK	../n/nwp512	0o755	
usr/share/terminfo/v/vt100-bm-o	CREATE_SYMLINK	SYMLINK	../n/nwp512	0o755	
usr/share/terminfo/v/vt100-bot-s	CREATE_SYMLINK	SYMLINK	vt100-s-bot	0o755	
usr/share/terminfo/v/vt100-nam	CREATE_SYMLINK	SYMLINK	vt100nam	0o755	
usr/share/terminfo/v/vt100-nam-w	CREATE_SYMLINK	SYMLINK	vt100-w-nam	0o755	
usr/share/terminfo/v/vt100-nav	INSTALL_FILE	OTHER		0o644	
usr/share/terminfo/v/vt100-nav-w	INSTALL_FILE	OTHER		0o644	
usr/share/terminfo/v/vt100-putty	INSTALL_FILE	OTHER		0o644	
usr/share/terminfo/v/vt100-s	INSTALL_FILE	OTHER		0o644	
usr/share/terminfo/v/vt100-s-bot	INSTALL_FILE	OTHER		0o644	
usr/share/terminfo/v/vt100-s-top	CREATE_SYMLINK	SYMLINK	vt100-s	0o755	
usr/share/terminfo/v/vt100-top-s	CREATE_SYMLINK	SYMLINK	vt100-s	0o755	
usr/share/terminfo/v/vt100-vb	INSTALL_FILE	OTHER		0o644	
usr/share/terminfo/v/vt100-w	INSTALL_FILE	OTHER		0o644	
usr/share/terminfo/v/vt100-w-am	CREATE_SYMLINK	SYMLINK	vt100-w	0o755	
usr/share/terminfo/v/vt100-w-nam	INSTALL_FILE	OTHER		0o644	
usr/share/terminfo/v/vt100-w-nav	CREATE_SYMLINK	SYMLINK	vt100-nav-w	0o755	
usr/share/terminfo/v/vt102	INSTALL_FILE	OTHER		0o644	
usr/share/terminfo/v/vt102+enq	INSTALL_FILE	OTHER		0o644	
usr/share/terminfo/v/vt102-nsgr	INSTALL_FILE	OTHER		0o644	
usr/share/terminfo/v/vt102-w	INSTALL_FILE	OTHER		0o644	
usr/share/terminfo/v/vt220	INSTALL_FILE	OTHER		0o644	
usr/share/terminfo/v/vt220+cvis	INSTALL_FILE	OTHER		0o644	
usr/share/terminfo/v/vt220+cvis8	INSTALL_FILE	OTHER		0o644	
usr/share/terminfo/v/vt220+keypad	INSTALL_FILE	OTHER		0o644	
usr/share/terminfo/v/vt220+pcedit	INSTALL_FILE	OTHER		0o644	
usr/share/terminfo/v/vt220+vtedit	INSTALL_FILE	OTHER		0o644	
usr/share/terminfo/v/vt220-8	CREATE_SYMLINK	SYMLINK	vt220-8bit	0o755	
usr/share/terminfo/v/vt220-8bit	INSTALL_FILE	OTHER		0o644	
usr/share/terminfo/v/vt220-base	INSTALL_FILE	OTHER		0o644	
usr/share/terminfo/v/vt220-js	CREATE_SYMLINK	SYMLINK	vt200-js	0o755	
usr/share/terminfo/v/vt220-nam	INSTALL_FILE	OTHER		0o644	
usr/share/terminfo/v/vt220-old	INSTALL_FILE	OTHER		0o644	
usr/share/terminfo/v/vt220-w	INSTALL_FILE	OTHER		0o644	
usr/share/terminfo/v/vt52	INSTALL_FILE	OTHER		0o644	
usr/share/terminfo/v/vt52+keypad	INSTALL_FILE	OTHER		0o644	
usr/share/terminfo/v/vt52-basic	INSTALL_FILE	OTHER		0o644	
usr/share/terminfo/x	CREATE_DIRECTORY	DIRECTORY		0o755	
usr/share/terminfo/x/xterm	INSTALL_FILE	OTHER		0o644	
usr/share/terminfo/x/xterm+256color	INSTALL_FILE	OTHER		0o644	
usr/share/terminfo/x/xterm+256color2	INSTALL_FILE	OTHER		0o644	
usr/share/terminfo/x/xterm+256setaf	INSTALL_FILE	OTHER		0o644	
usr/share/terminfo/x/xterm+88color	INSTALL_FILE	OTHER		0o644	
usr/share/terminfo/x/xterm+88color2	INSTALL_FILE	OTHER		0o644	
usr/share/terminfo/x/xterm+acs	INSTALL_FILE	OTHER		0o644	
usr/share/terminfo/x/xterm+alt+title	INSTALL_FILE	OTHER		0o644	
usr/share/terminfo/x/xterm+alt1049	INSTALL_FILE	OTHER		0o644	
usr/share/terminfo/x/xterm+alt47	INSTALL_FILE	OTHER		0o644	
usr/share/terminfo/x/xterm+app	INSTALL_FILE	OTHER		0o644	
usr/share/terminfo/x/xterm+direct	INSTALL_FILE	OTHER		0o644	
usr/share/terminfo/x/xterm+direct16	INSTALL_FILE	OTHER		0o644	
usr/share/terminfo/x/xterm+direct2	INSTALL_FILE	OTHER		0o644	
usr/share/terminfo/x/xterm+direct256	INSTALL_FILE	OTHER		0o644	
usr/share/terminfo/x/xterm+edit	INSTALL_FILE	OTHER		0o644	
usr/share/terminfo/x/xterm+focus	INSTALL_FILE	OTHER		0o644	
usr/share/terminfo/x/xterm+indirect	INSTALL_FILE	OTHER		0o644	
usr/share/terminfo/x/xterm+kbs	INSTALL_FILE	OTHER		0o644	
usr/share/terminfo/x/xterm+keypad	INSTALL_FILE	OTHER		0o644	
usr/share/terminfo/x/xterm+meta	INSTALL_FILE	OTHER		0o644	
usr/share/terminfo/x/xterm+noalt	INSTALL_FILE	OTHER		0o644	
usr/share/terminfo/x/xterm+noapp	INSTALL_FILE	OTHER		0o644	
usr/share/terminfo/x/xterm+nofkeys	INSTALL_FILE	OTHER		0o644	
usr/share/terminfo/x/xterm+nopcfkeys	INSTALL_FILE	OTHER		0o644	
usr/share/terminfo/x/xterm+osc104	INSTALL_FILE	OTHER		0o644	
usr/share/terminfo/x/xterm+pc+edit	INSTALL_FILE	OTHER		0o644	
usr/share/terminfo/x/xterm+pcc0	INSTALL_FILE	OTHER		0o644	
usr/share/terminfo/x/xterm+pcc1	INSTALL_FILE	OTHER		0o644	
usr/share/terminfo/x/xterm+pcc2	INSTALL_FILE	OTHER		0o644	
usr/share/terminfo/x/xterm+pcc3	INSTALL_FILE	OTHER		0o644	
usr/share/terminfo/x/xterm+pce2	INSTALL_FILE	OTHER		0o644	
usr/share/terminfo/x/xterm+pcf0	INSTALL_FILE	OTHER		0o644	
usr/share/terminfo/x/xterm+pcf2	INSTALL_FILE	OTHER		0o644	
usr/share/terminfo/x/xterm+pcfkeys	INSTALL_FILE	OTHER		0o644	
usr/share/terminfo/x/xterm+r6f2	INSTALL_FILE	OTHER		0o644	
usr/share/terminfo/x/xterm+sl	INSTALL_FILE	OTHER		0o644	
usr/share/terminfo/x/xterm+sl-alt	INSTALL_FILE	OTHER		0o644	
usr/share/terminfo/x/xterm+sl-twm	INSTALL_FILE	OTHER		0o644	
usr/share/terminfo/x/xterm+sm+1002	INSTALL_FILE	OTHER		0o644	
usr/share/terminfo/x/xterm+sm+1003	INSTALL_FILE	OTHER		0o644	
usr/share/terminfo/x/xterm+sm+1005	INSTALL_FILE	OTHER		0o644	
usr/share/terminfo/x/xterm+sm+1006	INSTALL_FILE	OTHER		0o644	
usr/share/terminfo/x/xterm+titlestack	INSTALL_FILE	OTHER		0o644	
usr/share/terminfo/x/xterm+tmux	INSTALL_FILE	OTHER		0o644	
usr/share/terminfo/x/xterm+tmux2	INSTALL_FILE	OTHER		0o644	
usr/share/terminfo/x/xterm+vt+edit	INSTALL_FILE	OTHER		0o644	
usr/share/terminfo/x/xterm+x10mouse	INSTALL_FILE	OTHER		0o644	
usr/share/terminfo/x/xterm+x11hilite	INSTALL_FILE	OTHER		0o644	
usr/share/terminfo/x/xterm+x11mouse	INSTALL_FILE	OTHER		0o644	
usr/share/terminfo/x/xterm-1002	INSTALL_FILE	OTHER		0o644	
usr/share/terminfo/x/xterm-1003	INSTALL_FILE	OTHER		0o644	
usr/share/terminfo/x/xterm-1005	INSTALL_FILE	OTHER		0o644	
usr/share/terminfo/x/xterm-1006	INSTALL_FILE	OTHER		0o644	
usr/share/terminfo/x/xterm-16color	INSTALL_FILE	OTHER		0o644	
usr/share/terminfo/x/xterm-24	INSTALL_FILE	OTHER		0o644	
usr/share/terminfo/x/xterm-256color	INSTALL_FILE	OTHER		0o644	
usr/share/terminfo/x/xterm-88color	INSTALL_FILE	OTHER		0o644	
usr/share/terminfo/x/xterm-8bit	INSTALL_FILE	OTHER		0o644	
usr/share/terminfo/x/xterm-basic	INSTALL_FILE	OTHER		0o644	
usr/share/terminfo/x/xterm-bold	INSTALL_FILE	OTHER		0o644	
usr/share/terminfo/x/xterm-color	INSTALL_FILE	OTHER		0o644	
usr/share/terminfo/x/xterm-direct	INSTALL_FILE	OTHER		0o644	
usr/share/terminfo/x/xterm-direct16	INSTALL_FILE	OTHER		0o644	
usr/share/terminfo/x/xterm-direct2	INSTALL_FILE	OTHER		0o644	
usr/share/terminfo/x/xterm-direct256	INSTALL_FILE	OTHER		0o644	
usr/share/terminfo/x/xterm-hp	INSTALL_FILE	OTHER		0o644	
usr/share/terminfo/x/xterm-mono	INSTALL_FILE	OTHER		0o644	
usr/share/terminfo/x/xterm-new	INSTALL_FILE	OTHER		0o644	
usr/share/terminfo/x/xterm-nic	INSTALL_FILE	OTHER		0o644	
usr/share/terminfo/x/xterm-noapp	INSTALL_FILE	OTHER		0o644	
usr/share/terminfo/x/xterm-old	INSTALL_FILE	OTHER		0o644	
usr/share/terminfo/x/xterm-p370	INSTALL_FILE	OTHER		0o644	
usr/share/terminfo/x/xterm-p371	INSTALL_FILE	OTHER		0o644	
usr/share/terminfo/x/xterm-pcolor	INSTALL_FILE	OTHER		0o644	
usr/share/terminfo/x/xterm-r5	INSTALL_FILE	OTHER		0o644	
usr/share/terminfo/x/xterm-r6	INSTALL_FILE	OTHER		0o644	
usr/share/terminfo/x/xterm-sco	INSTALL_FILE	OTHER		0o644	
usr/share/terminfo/x/xterm-sun	INSTALL_FILE	OTHER		0o644	
usr/share/terminfo/x/xterm-utf8	INSTALL_FILE	OTHER		0o644	
usr/share/terminfo/x/xterm-vt220	INSTALL_FILE	OTHER		0o644	
usr/share/terminfo/x/xterm-vt52	INSTALL_FILE	OTHER		0o644	
usr/share/terminfo/x/xterm-x10mouse	INSTALL_FILE	OTHER		0o644	
usr/share/terminfo/x/xterm-x11hilite	INSTALL_FILE	OTHER		0o644	
usr/share/terminfo/x/xterm-x11mouse	INSTALL_FILE	OTHER		0o644	
usr/share/terminfo/x/xterm-xf86-v32	INSTALL_FILE	OTHER		0o644	
usr/share/terminfo/x/xterm-xf86-v33	INSTALL_FILE	OTHER		0o644	
usr/share/terminfo/x/xterm-xf86-v333	INSTALL_FILE	OTHER		0o644	
usr/share/terminfo/x/xterm-xf86-v40	INSTALL_FILE	OTHER		0o644	
usr/share/terminfo/x/xterm-xf86-v43	INSTALL_FILE	OTHER		0o644	
usr/share/terminfo/x/xterm-xf86-v44	INSTALL_FILE	OTHER		0o644	
usr/share/terminfo/x/xterm-xfree86	INSTALL_FILE	OTHER		0o644	
usr/share/terminfo/x/xterm-xi	INSTALL_FILE	OTHER		0o644	
usr/share/terminfo/x/xterm.js	CREATE_SYMLINK	SYMLINK	../v/vscode	0o755	
usr/share/zsh	CREATE_DIRECTORY	DIRECTORY		0o755	
usr/share/zsh/functions	CREATE_DIRECTORY	DIRECTORY		0o755	
usr/share/zsh/functions/Calendar	CREATE_DIRECTORY	DIRECTORY		0o755	
usr/share/zsh/functions/Calendar/after	INSTALL_FILE	OTHER		0o644	
usr/share/zsh/functions/Calendar/age	INSTALL_FILE	OTHER		0o644	
usr/share/zsh/functions/Calendar/before	INSTALL_FILE	OTHER		0o644	
usr/share/zsh/functions/Calendar/calendar	INSTALL_FILE	OTHER		0o644	
usr/share/zsh/functions/Calendar/calendar_add	INSTALL_FILE	OTHER		0o755	
usr/share/zsh/functions/Calendar/calendar_edit	INSTALL_FILE	OTHER		0o644	
usr/share/zsh/functions/Calendar/calendar_lockfiles	INSTALL_FILE	OTHER		0o644	
usr/share/zsh/functions/Calendar/calendar_parse	INSTALL_FILE	OTHER		0o644	
usr/share/zsh/functions/Calendar/calendar_read	INSTALL_FILE	OTHER		0o644	
usr/share/zsh/functions/Calendar/calendar_scandate	INSTALL_FILE	OTHER		0o644	
usr/share/zsh/functions/Calendar/calendar_show	INSTALL_FILE	OTHER		0o644	
usr/share/zsh/functions/Calendar/calendar_showdate	INSTALL_FILE	OTHER		0o644	
usr/share/zsh/functions/Calendar/calendar_sort	INSTALL_FILE	OTHER		0o644	
usr/share/zsh/functions/Chpwd	CREATE_DIRECTORY	DIRECTORY		0o755	
usr/share/zsh/functions/Chpwd/_cdr	INSTALL_FILE	OTHER		0o644	
usr/share/zsh/functions/Chpwd/cdr	INSTALL_FILE	OTHER		0o644	
usr/share/zsh/functions/Chpwd/chpwd_recent_add	INSTALL_FILE	OTHER		0o644	
usr/share/zsh/functions/Chpwd/chpwd_recent_dirs	INSTALL_FILE	OTHER		0o644	
usr/share/zsh/functions/Chpwd/chpwd_recent_filehandler	INSTALL_FILE	OTHER		0o644	
usr/share/zsh/functions/Chpwd/zsh_directory_name_cdr	INSTALL_FILE	OTHER		0o644	
usr/share/zsh/functions/Chpwd/zsh_directory_name_generic	INSTALL_FILE	OTHER		0o644	
usr/share/zsh/functions/Completion	CREATE_DIRECTORY	DIRECTORY		0o755	
usr/share/zsh/functions/Completion/AIX	CREATE_DIRECTORY	DIRECTORY		0o755	
usr/share/zsh/functions/Completion/AIX/_floppy	INSTALL_FILE	OTHER		0o644	
usr/share/zsh/functions/Completion/AIX/_logical_volumes	INSTALL_FILE	OTHER		0o644	
usr/share/zsh/functions/Completion/AIX/_lscfg	INSTALL_FILE	OTHER		0o644	
usr/share/zsh/functions/Completion/AIX/_lsdev	INSTALL_FILE	OTHER		0o644	
usr/share/zsh/functions/Completion/AIX/_lslv	INSTALL_FILE	OTHER		0o644	
usr/share/zsh/functions/Completion/AIX/_lspv	INSTALL_FILE	OTHER		0o644	
usr/share/zsh/functions/Completion/AIX/_lsvg	INSTALL_FILE	OTHER		0o644	
usr/share/zsh/functions/Completion/AIX/_object_classes	INSTALL_FILE	OTHER		0o644	
usr/share/zsh/functions/Completion/AIX/_physical_volumes	INSTALL_FILE	OTHER		0o644	
usr/share/zsh/functions/Completion/AIX/_smit	INSTALL_FILE	OTHER		0o644	
usr/share/zsh/functions/Completion/AIX/_volume_groups	INSTALL_FILE	OTHER		0o644	
usr/share/zsh/functions/Completion/BSD	CREATE_DIRECTORY	DIRECTORY		0o755	
usr/share/zsh/functions/Completion/BSD/_bsd_disks	INSTALL_FILE	OTHER		0o644	
usr/share/zsh/functions/Completion/BSD/_bsd_pkg	INSTALL_FILE	OTHER		0o644	
usr/share/zsh/functions/Completion/BSD/_bsdconfig	INSTALL_FILE	OTHER		0o644	
usr/share/zsh/functions/Completion/BSD/_bsdinstall	INSTALL_FILE	OTHER		0o644	
usr/share/zsh/functions/Completion/BSD/_chflags	INSTALL_FILE	OTHER		0o644	
usr/share/zsh/functions/Completion/BSD/_csup	INSTALL_FILE	OTHER		0o644	
usr/share/zsh/functions/Completion/BSD/_cu	INSTALL_FILE	OTHER		0o644	
usr/share/zsh/functions/Completion/BSD/_cvsup	INSTALL_FILE	OTHER		0o644	
usr/share/zsh/functions/Completion/BSD/_fbsd_architectures	INSTALL_FILE	OTHER		0o644	
usr/share/zsh/functions/Completion/BSD/_fbsd_device_types	INSTALL_FILE	OTHER		0o644	
usr/share/zsh/functions/Completion/BSD/_fetch	INSTALL_FILE	OTHER		0o644	
usr/share/zsh/functions/Completion/BSD/_file_flags	INSTALL_FILE	OTHER		0o644	
usr/share/zsh/functions/Completion/BSD/_freebsd-update	INSTALL_FILE	OTHER		0o644	
usr/share/zsh/functions/Completion/BSD/_fstat	INSTALL_FILE	OTHER		0o644	
usr/share/zsh/functions/Completion/BSD/_fw_update	INSTALL_FILE	OTHER		0o644	
usr/share/zsh/functions/Completion/BSD/_gstat	INSTALL_FILE	OTHER		0o644	
usr/share/zsh/functions/Completion/BSD/_ipfw	INSTALL_FILE	OTHER		0o644	
usr/share/zsh/functions/Completion/BSD/_jail	INSTALL_FILE	OTHER		0o644	
usr/share/zsh/functions/Completion/BSD/_jails	INSTALL_FILE	OTHER		0o644	
usr/share/zsh/functions/Completion/BSD/_jexec	INSTALL_FILE	OTHER		0o644	
usr/share/zsh/functions/Completion/BSD/_jls	INSTALL_FILE	OTHER		0o644	
usr/share/zsh/functions/Completion/BSD/_jot	INSTALL_FILE	OTHER		0o644	
usr/share/zsh/functions/Completion/BSD/_kdump	INSTALL_FILE	OTHER		0o644	
usr/share/zsh/functions/Completion/BSD/_kld	INSTALL_FILE	OTHER		0o644	
usr/share/zsh/functions/Completion/BSD/_ktrace	INSTALL_FILE	OTHER		0o644	
usr/share/zsh/functions/Completion/BSD/_ktrace_points	INSTALL_FILE	OTHER		0o644	
usr/share/zsh/functions/Completion/BSD/_ldap	INSTALL_FILE	OTHER		0o644	
usr/share/zsh/functions/Completion/BSD/_login_classes	INSTALL_FILE	OTHER		0o644	
usr/share/zsh/functions/Completion/BSD/_mixerctl	INSTALL_FILE	OTHER		0o644	
usr/share/zsh/functions/Completion/BSD/_nbsd_architectures	INSTALL_FILE	OTHER		0o644	
usr/share/zsh/functions/Completion/BSD/_obsd_architectures	INSTALL_FILE	OTHER		0o644	
usr/share/zsh/functions/Completion/BSD/_pfctl	INSTALL_FILE	OTHER		0o644	
usr/share/zsh/functions/Completion/BSD/_pkgin	INSTALL_FILE	OTHER		0o644	
usr/share/zsh/functions/Completion/BSD/_portaudit	INSTALL_FILE	OTHER		0o644	
usr/share/zsh/functions/Completion/BSD/_portlint	INSTALL_FILE	OTHER		0o644	
usr/share/zsh/functions/Completion/BSD/_portmaster	INSTALL_FILE	OTHER		0o644	
usr/share/zsh/functions/Completion/BSD/_portsnap	INSTALL_FILE	OTHER		0o644	
usr/share/zsh/functions/Completion/BSD/_powerd	INSTALL_FILE	OTHER		0o644	
usr/share/zsh/functions/Completion/BSD/_procstat	INSTALL_FILE	OTHER		0o644	
usr/share/zsh/functions/Completion/BSD/_rcctl	INSTALL_FILE	OTHER		0o644	
usr/share/zsh/functions/Completion/BSD/_routing_domains	INSTALL_FILE	OTHER		0o644	
usr/share/zsh/functions/Completion/BSD/_routing_tables	INSTALL_FILE	OTHER		0o644	
usr/share/zsh/functions/Completion/BSD/_signify	INSTALL_FILE	OTHER		0o644	
usr/share/zsh/functions/Completion/BSD/_sockstat	INSTALL_FILE	OTHER		0o644	
usr/share/zsh/functions/Completion/BSD/_sysclean	INSTALL_FILE	OTHER		0o644	
usr/share/zsh/functions/Completion/BSD/_sysmerge	INSTALL_FILE	OTHER		0o644	
usr/share/zsh/functions/Completion/BSD/_syspatch	INSTALL_FILE	OTHER		0o644	
usr/share/zsh/functions/Completion/BSD/_sysrc	INSTALL_FILE	OTHER		0o644	
usr/share/zsh/functions/Completion/BSD/_systat	INSTALL_FILE	OTHER		0o644	
usr/share/zsh/functions/Completion/BSD/_sysupgrade	INSTALL_FILE	OTHER		0o644	
usr/share/zsh/functions/Completion/BSD/_usbconfig	INSTALL_FILE	OTHER		0o644	
usr/share/zsh/functions/Completion/BSD/_vmctl	INSTALL_FILE	OTHER		0o644	
usr/share/zsh/functions/Completion/BSD/_watch-snoop	INSTALL_FILE	OTHER		0o644	
usr/share/zsh/functions/Completion/Base	CREATE_DIRECTORY	DIRECTORY		0o755	
usr/share/zsh/functions/Completion/Base/_all_labels	INSTALL_FILE	OTHER		0o644	
usr/share/zsh/functions/Completion/Base/_all_matches	INSTALL_FILE	OTHER		0o644	
usr/share/zsh/functions/Completion/Base/_alternative	INSTALL_FILE	OTHER		0o644	
usr/share/zsh/functions/Completion/Base/_approximate	INSTALL_FILE	OTHER		0o644	
usr/share/zsh/functions/Completion/Base/_arg_compile	INSTALL_FILE	OTHER		0o644	
usr/share/zsh/functions/Completion/Base/_arguments	INSTALL_FILE	OTHER		0o644	
usr/share/zsh/functions/Completion/Base/_bash_completions	INSTALL_FILE	OTHER		0o644	
usr/share/zsh/functions/Completion/Base/_cache_invalid	INSTALL_FILE	OTHER		0o644	
usr/share/zsh/functions/Completion/Base/_call_function	INSTALL_FILE	OTHER		0o644	
usr/share/zsh/functions/Completion/Base/_call_program	INSTALL_FILE	OTHER		0o644	
usr/share/zsh/functions/Completion/Base/_combination	INSTALL_FILE	OTHER		0o644	
usr/share/zsh/functions/Completion/Base/_comp_locale	INSTALL_FILE	OTHER		0o644	
usr/share/zsh/functions/Completion/Base/_complete	INSTALL_FILE	OTHER		0o644	
usr/share/zsh/functions/Completion/Base/_complete_debug	INSTALL_FILE	OTHER		0o644	
usr/share/zsh/functions/Completion/Base/_complete_help	INSTALL_FILE	OTHER		0o644	
usr/share/zsh/functions/Completion/Base/_complete_help_generic	INSTALL_FILE	OTHER		0o644	
usr/share/zsh/functions/Completion/Base/_complete_tag	INSTALL_FILE	OTHER		0o644	
usr/share/zsh/functions/Completion/Base/_correct	INSTALL_FILE	OTHER		0o644	
usr/share/zsh/functions/Completion/Base/_correct_filename	INSTALL_FILE	OTHER		0o644	
usr/share/zsh/functions/Completion/Base/_correct_word	INSTALL_FILE	OTHER		0o644	
usr/share/zsh/functions/Completion/Base/_describe	INSTALL_FILE	OTHER		0o644	
usr/share/zsh/functions/Completion/Base/_description	INSTALL_FILE	OTHER		0o644	
usr/share/zsh/functions/Completion/Base/_dispatch	INSTALL_FILE	OTHER		0o644	
usr/share/zsh/functions/Completion/Base/_expand	INSTALL_FILE	OTHER		0o644	
usr/share/zsh/functions/Completion/Base/_expand_alias	INSTALL_FILE	OTHER		0o644	
usr/share/zsh/functions/Completion/Base/_expand_word	INSTALL_FILE	OTHER		0o644	
usr/share/zsh/functions/Completion/Base/_extensions	INSTALL_FILE	OTHER		0o644	
usr/share/zsh/functions/Completion/Base/_external_pwds	INSTALL_FILE	OTHER		0o644	
usr/share/zsh/functions/Completion/Base/_generic	INSTALL_FILE	OTHER		0o644	
usr/share/zsh/functions/Completion/Base/_guard	INSTALL_FILE	OTHER		0o644	
usr/share/zsh/functions/Completion/Base/_history	INSTALL_FILE	OTHER		0o644	
usr/share/zsh/functions/Completion/Base/_history_complete_word	INSTALL_FILE	OTHER		0o644	
usr/share/zsh/functions/Completion/Base/_ignored	INSTALL_FILE	OTHER		0o644	
usr/share/zsh/functions/Completion/Base/_list	INSTALL_FILE	OTHER		0o644	
usr/share/zsh/functions/Completion/Base/_main_complete	INSTALL_FILE	OTHER		0o644	
usr/share/zsh/functions/Completion/Base/_match	INSTALL_FILE	OTHER		0o644	
usr/share/zsh/functions/Completion/Base/_menu	INSTALL_FILE	OTHER		0o644	
usr/share/zsh/functions/Completion/Base/_message	INSTALL_FILE	OTHER		0o644	
usr/share/zsh/functions/Completion/Base/_most_recent_file	INSTALL_FILE	OTHER		0o644	
usr/share/zsh/functions/Completion/Base/_multi_parts	INSTALL_FILE	OTHER		0o644	
usr/share/zsh/functions/Completion/Base/_next_label	INSTALL_FILE	OTHER		0o644	
usr/share/zsh/functions/Completion/Base/_next_tags	INSTALL_FILE	OTHER		0o644	
usr/share/zsh/functions/Completion/Base/_normal	INSTALL_FILE	OTHER		0o644	
usr/share/zsh/functions/Completion/Base/_nothing	INSTALL_FILE	OTHER		0o644	
usr/share/zsh/functions/Completion/Base/_numbers	INSTALL_FILE	OTHER		0o644	
usr/share/zsh/functions/Completion/Base/_oldlist	INSTALL_FILE	OTHER		0o644	
usr/share/zsh/functions/Completion/Base/_pick_variant	INSTALL_FILE	OTHER		0o644	
usr/share/zsh/functions/Completion/Base/_prefix	INSTALL_FILE	OTHER		0o644	
usr/share/zsh/functions/Completion/Base/_read_comp	INSTALL_FILE	OTHER		0o644	
usr/share/zsh/functions/Completion/Base/_regex_arguments	INSTALL_FILE	OTHER		0o644	
usr/share/zsh/functions/Completion/Base/_regex_words	INSTALL_FILE	OTHER		0o644	
usr/share/zsh/functions/Completion/Base/_requested	INSTALL_FILE	OTHER		0o644	
usr/share/zsh/functions/Completion/Base/_retrieve_cache	INSTALL_FILE	OTHER		0o644	
usr/share/zsh/functions/Completion/Base/_sep_parts	INSTALL_FILE	OTHER		0o644	
usr/share/zsh/functions/Completion/Base/_sequence	INSTALL_FILE	OTHER		0o644	
usr/share/zsh/functions/Completion/Base/_set_command	INSTALL_FILE	OTHER		0o644	
usr/share/zsh/functions/Completion/Base/_setup	INSTALL_FILE	OTHER		0o644	
usr/share/zsh/functions/Completion/Base/_store_cache	INSTALL_FILE	OTHER		0o644	
usr/share/zsh/functions/Completion/Base/_sub_commands	INSTALL_FILE	OTHER		0o644	
usr/share/zsh/functions/Completion/Base/_tags	INSTALL_FILE	OTHER		0o644	
usr/share/zsh/functions/Completion/Base/_user_expand	INSTALL_FILE	OTHER		0o644	
usr/share/zsh/functions/Completion/Base/_values	INSTALL_FILE	OTHER		0o644	
usr/share/zsh/functions/Completion/Base/_wanted	INSTALL_FILE	OTHER		0o644	
usr/share/zsh/functions/Completion/Cygwin	CREATE_DIRECTORY	DIRECTORY		0o755	
usr/share/zsh/functions/Completion/Cygwin/_cygcheck	INSTALL_FILE	OTHER		0o644	
usr/share/zsh/functions/Completion/Cygwin/_cygpath	INSTALL_FILE	OTHER		0o644	
usr/share/zsh/functions/Completion/Cygwin/_cygrunsrv	INSTALL_FILE	OTHER		0o644	
usr/share/zsh/functions/Completion/Cygwin/_cygserver	INSTALL_FILE	OTHER		0o644	
usr/share/zsh/functions/Completion/Cygwin/_cygstart	INSTALL_FILE	OTHER		0o644	
usr/share/zsh/functions/Completion/Cygwin/_dumper	INSTALL_FILE	OTHER		0o644	
usr/share/zsh/functions/Completion/Cygwin/_getclip	INSTALL_FILE	OTHER		0o644	
usr/share/zsh/functions/Completion/Cygwin/_mkshortcut	INSTALL_FILE	OTHER		0o644	
usr/share/zsh/functions/Completion/Cygwin/_mkzsh	INSTALL_FILE	OTHER		0o644	
usr/share/zsh/functions/Completion/Cygwin/_pscp	INSTALL_FILE	OTHER		0o644	
usr/share/zsh/functions/Completion/Cygwin/_putclip	INSTALL_FILE	OTHER		0o644	
usr/share/zsh/functions/Completion/Cygwin/_readshortcut	INSTALL_FILE	OTHER		0o644	
usr/share/zsh/functions/Completion/Darwin	CREATE_DIRECTORY	DIRECTORY		0o755	
usr/share/zsh/functions/Completion/Darwin/_caffeinate	INSTALL_FILE	OTHER		0o644	
usr/share/zsh/functions/Completion/Darwin/_defaults	INSTALL_FILE	OTHER		0o644	
usr/share/zsh/functions/Completion/Darwin/_fink	INSTALL_FILE	OTHER		0o644	
usr/share/zsh/functions/Completion/Darwin/_fs_usage	INSTALL_FILE	OTHER		0o644	
usr/share/zsh/functions/Completion/Darwin/_hdiutil	INSTALL_FILE	OTHER		0o644	
usr/share/zsh/functions/Completion/Darwin/_mac_applications	INSTALL_FILE	OTHER		0o644	
usr/share/zsh/functions/Completion/Darwin/_mac_files_for_application	INSTALL_FILE	OTHER		0o644	
usr/share/zsh/functions/Completion/Darwin/_mdfind	INSTALL_FILE	OTHER		0o644	
usr/share/zsh/functions/Completion/Darwin/_mdls	INSTALL_FILE	OTHER		0o644	
usr/share/zsh/functions/Completion/Darwin/_mdutil	INSTALL_FILE	OTHER		0o644	
usr/share/zsh/functions/Completion/Darwin/_networksetup	INSTALL_FILE	OTHER		0o644	
usr/share/zsh/functions/Completion/Darwin/_nvram	INSTALL_FILE	OTHER		0o644	
usr/share/zsh/functions/Completion/Darwin/_open	INSTALL_FILE	OTHER		0o644	
usr/share/zsh/functions/Completion/Darwin/_osascript	INSTALL_FILE	OTHER		0o644	
usr/share/zsh/functions/Completion/Darwin/_otool	INSTALL_FILE	OTHER		0o644	
usr/share/zsh/functions/Completion/Darwin/_pbcopy	INSTALL_FILE	OTHER		0o644	
usr/share/zsh/functions/Completion/Darwin/_plutil	INSTALL_FILE	OTHER		0o644	
usr/share/zsh/functions/Completion/Darwin/_qtplay	INSTALL_FILE	OTHER		0o644	
usr/share/zsh/functions/Completion/Darwin/_retrieve_mac_apps	INSTALL_FILE	OTHER		0o644	
usr/share/zsh/functions/Completion/Darwin/_say	INSTALL_FILE	OTHER		0o644	
usr/share/zsh/functions/Completion/Darwin/_sc_usage	INSTALL_FILE	OTHER		0o644	
usr/share/zsh/functions/Completion/Darwin/_scselect	INSTALL_FILE	OTHER		0o644	
usr/share/zsh/functions/Completion/Darwin/_scutil	INSTALL_FILE	OTHER		0o644	
usr/share/zsh/functions/Completion/Darwin/_softwareupdate	INSTALL_FILE	OTHER		0o644	
usr/share/zsh/functions/Completion/Darwin/_sw_vers	INSTALL_FILE	OTHER		0o644	
usr/share/zsh/functions/Completion/Darwin/_system_profiler	INSTALL_FILE	OTHER		0o644	
usr/share/zsh/functions/Completion/Darwin/_trash	INSTALL_FILE	OTHER		0o644	
usr/share/zsh/functions/Completion/Darwin/_xcode-select	INSTALL_FILE	OTHER		0o644	
usr/share/zsh/functions/Completion/Debian	CREATE_DIRECTORY	DIRECTORY		0o755	
usr/share/zsh/functions/Completion/Debian/_a2utils	INSTALL_FILE	OTHER		0o644	
usr/share/zsh/functions/Completion/Debian/_apt	INSTALL_FILE	OTHER		0o644	
usr/share/zsh/functions/Completion/Debian/_apt-file	INSTALL_FILE	OTHER		0o644	
usr/share/zsh/functions/Completion/Debian/_apt-move	INSTALL_FILE	OTHER		0o644	
usr/share/zsh/functions/Completion/Debian/_apt-show-versions	INSTALL_FILE	OTHER		0o644	
usr/share/zsh/functions/Completion/Debian/_aptitude	INSTALL_FILE	OTHER		0o644	
usr/share/zsh/functions/Completion/Debian/_auto-apt	INSTALL_FILE	OTHER		0o644	
usr/share/zsh/functions/Completion/Debian/_axi-cache	INSTALL_FILE	OTHER		0o644	
usr/share/zsh/functions/Completion/Debian/_bts	INSTALL_FILE	OTHER		0o644	
usr/share/zsh/functions/Completion/Debian/_bug	INSTALL_FILE	OTHER		0o644	
usr/share/zsh/functions/Completion/Debian/_cdbs-edit-patch	INSTALL_FILE	OTHER		0o644	
usr/share/zsh/functions/Completion/Debian/_dak	INSTALL_FILE	OTHER		0o644	
usr/share/zsh/functions/Completion/Debian/_dchroot	INSTALL_FILE	OTHER		0o644	
usr/share/zsh/functions/Completion/Debian/_dchroot-dsa	INSTALL_FILE	OTHER		0o644	
usr/share/zsh/functions/Completion/Debian/_dcut	INSTALL_FILE	OTHER		0o644	
usr/share/zsh/functions/Completion/Debian/_deb_architectures	INSTALL_FILE	OTHER		0o644	
usr/share/zsh/functions/Completion/Debian/_deb_codenames	INSTALL_FILE	OTHER		0o644	
usr/share/zsh/functions/Completion/Debian/_deb_files	INSTALL_FILE	OTHER		0o644	
usr/share/zsh/functions/Completion/Debian/_deb_packages	INSTALL_FILE	OTHER		0o644	
usr/share/zsh/functions/Completion/Debian/_debbugs_bugnumber	INSTALL_FILE	OTHER		0o644	
usr/share/zsh/functions/Completion/Debian/_debchange	INSTALL_FILE	OTHER		0o644	
usr/share/zsh/functions/Completion/Debian/_debcheckout	INSTALL_FILE	OTHER		0o644	
usr/share/zsh/functions/Completion/Debian/_debdiff	INSTALL_FILE	OTHER		0o644	
usr/share/zsh/functions/Completion/Debian/_debfoster	INSTALL_FILE	OTHER		0o644	
usr/share/zsh/functions/Completion/Debian/_deborphan	INSTALL_FILE	OTHER		0o644	
usr/share/zsh/functions/Completion/Debian/_debsign	INSTALL_FILE	OTHER		0o644	
usr/share/zsh/functions/Completion/Debian/_debsnap	INSTALL_FILE	OTHER		0o644	
usr/share/zsh/functions/Completion/Debian/_debuild	INSTALL_FILE	OTHER		0o644	
usr/share/zsh/functions/Completion/Debian/_dlocate	INSTALL_FILE	OTHER		0o644	
usr/share/zsh/functions/Completion/Debian/_dpatch-edit-patch	INSTALL_FILE	OTHER		0o644	
usr/share/zsh/functions/Completion/Debian/_dpkg	INSTALL_FILE	PACKAGE_METADATA		0o644	
usr/share/zsh/functions/Completion/Debian/_dpkg-buildpackage	INSTALL_FILE	PACKAGE_METADATA		0o644	
usr/share/zsh/functions/Completion/Debian/_dpkg-cross	INSTALL_FILE	PACKAGE_METADATA		0o644	
usr/share/zsh/functions/Completion/Debian/_dpkg-repack	INSTALL_FILE	PACKAGE_METADATA		0o644	
usr/share/zsh/functions/Completion/Debian/_dpkg_source	INSTALL_FILE	PACKAGE_METADATA		0o644	
usr/share/zsh/functions/Completion/Debian/_dput	INSTALL_FILE	OTHER		0o644	
usr/share/zsh/functions/Completion/Debian/_dscverify	INSTALL_FILE	OTHER		0o644	
usr/share/zsh/functions/Completion/Debian/_dupload	INSTALL_FILE	OTHER		0o644	
usr/share/zsh/functions/Completion/Debian/_git-buildpackage	INSTALL_FILE	OTHER		0o644	
usr/share/zsh/functions/Completion/Debian/_grep-excuses	INSTALL_FILE	OTHER		0o644	
usr/share/zsh/functions/Completion/Debian/_invoke-rc.d	INSTALL_FILE	OTHER		0o644	
usr/share/zsh/functions/Completion/Debian/_lighttpd	INSTALL_FILE	OTHER		0o644	
usr/share/zsh/functions/Completion/Debian/_lintian	INSTALL_FILE	OTHER		0o644	
usr/share/zsh/functions/Completion/Debian/_madison	INSTALL_FILE	OTHER		0o644	
usr/share/zsh/functions/Completion/Debian/_make-kpkg	INSTALL_FILE	OTHER		0o644	
usr/share/zsh/functions/Completion/Debian/_members	INSTALL_FILE	OTHER		0o644	
usr/share/zsh/functions/Completion/Debian/_mergechanges	INSTALL_FILE	OTHER		0o644	
usr/share/zsh/functions/Completion/Debian/_module-assistant	INSTALL_FILE	OTHER		0o644	
usr/share/zsh/functions/Completion/Debian/_pbuilder	INSTALL_FILE	OTHER		0o644	
usr/share/zsh/functions/Completion/Debian/_piuparts	INSTALL_FILE	OTHER		0o644	
usr/share/zsh/functions/Completion/Debian/_reprepro	INSTALL_FILE	OTHER		0o644	
usr/share/zsh/functions/Completion/Debian/_sbuild	INSTALL_FILE	OTHER		0o644	
usr/share/zsh/functions/Completion/Debian/_schroot	INSTALL_FILE	OTHER		0o644	
usr/share/zsh/functions/Completion/Debian/_svn-buildpackage	INSTALL_FILE	OTHER		0o644	
usr/share/zsh/functions/Completion/Debian/_toolchain-source	INSTALL_FILE	OTHER		0o644	
usr/share/zsh/functions/Completion/Debian/_update-alternatives	INSTALL_FILE	OTHER		0o644	
usr/share/zsh/functions/Completion/Debian/_update-rc.d	INSTALL_FILE	OTHER		0o644	
usr/share/zsh/functions/Completion/Debian/_uscan	INSTALL_FILE	OTHER		0o644	
usr/share/zsh/functions/Completion/Debian/_vim-addons	INSTALL_FILE	OTHER		0o644	
usr/share/zsh/functions/Completion/Debian/_wajig	INSTALL_FILE	OTHER		0o644	
usr/share/zsh/functions/Completion/Debian/_wanna-build	INSTALL_FILE	OTHER		0o644	
usr/share/zsh/functions/Completion/Linux	CREATE_DIRECTORY	DIRECTORY		0o755	
usr/share/zsh/functions/Completion/Linux/_acpi	INSTALL_FILE	OTHER		0o644	
usr/share/zsh/functions/Completion/Linux/_acpitool	INSTALL_FILE	OTHER		0o644	
usr/share/zsh/functions/Completion/Linux/_alsa-utils	INSTALL_FILE	OTHER		0o644	
usr/share/zsh/functions/Completion/Linux/_analyseplugin	INSTALL_FILE	OTHER		0o644	
usr/share/zsh/functions/Completion/Linux/_basenc	INSTALL_FILE	OTHER		0o644	
usr/share/zsh/functions/Completion/Linux/_brctl	INSTALL_FILE	OTHER		0o644	
usr/share/zsh/functions/Completion/Linux/_btrfs	INSTALL_FILE	OTHER		0o644	
usr/share/zsh/functions/Completion/Linux/_capabilities	INSTALL_FILE	OTHER		0o644	
usr/share/zsh/functions/Completion/Linux/_chattr	INSTALL_FILE	OTHER		0o644	
usr/share/zsh/functions/Completion/Linux/_chcon	INSTALL_FILE	OTHER		0o644	
usr/share/zsh/functions/Completion/Linux/_choom	INSTALL_FILE	OTHER		0o644	
usr/share/zsh/functions/Completion/Linux/_chrt	INSTALL_FILE	OTHER		0o644	
usr/share/zsh/functions/Completion/Linux/_cpupower	INSTALL_FILE	OTHER		0o644	
usr/share/zsh/functions/Completion/Linux/_cryptsetup	INSTALL_FILE	OTHER		0o644	
usr/share/zsh/functions/Completion/Linux/_dkms	INSTALL_FILE	OTHER		0o644	
usr/share/zsh/functions/Completion/Linux/_e2label	INSTALL_FILE	OTHER		0o644	
usr/share/zsh/functions/Completion/Linux/_ethtool	INSTALL_FILE	OTHER		0o644	
usr/share/zsh/functions/Completion/Linux/_findmnt	INSTALL_FILE	OTHER		0o644	
usr/share/zsh/functions/Completion/Linux/_free	INSTALL_FILE	OTHER		0o644	
usr/share/zsh/functions/Completion/Linux/_fuse_arguments	INSTALL_FILE	OTHER		0o644	
usr/share/zsh/functions/Completion/Linux/_fuse_values	INSTALL_FILE	OTHER		0o644	
usr/share/zsh/functions/Completion/Linux/_fusermount	INSTALL_FILE	OTHER		0o644	
usr/share/zsh/functions/Completion/Linux/_gpasswd	INSTALL_FILE	OTHER		0o644	
usr/share/zsh/functions/Completion/Linux/_htop	INSTALL_FILE	OTHER		0o644	
usr/share/zsh/functions/Completion/Linux/_iconvconfig	INSTALL_FILE	OTHER		0o644	
usr/share/zsh/functions/Completion/Linux/_ionice	INSTALL_FILE	OTHER		0o644	
usr/share/zsh/functions/Completion/Linux/_ipset	INSTALL_FILE	OTHER		0o644	
usr/share/zsh/functions/Completion/Linux/_iptables	INSTALL_FILE	OTHER		0o644	
usr/share/zsh/functions/Completion/Linux/_iwconfig	INSTALL_FILE	OTHER		0o644	
usr/share/zsh/functions/Completion/Linux/_kpartx	INSTALL_FILE	OTHER		0o644	
usr/share/zsh/functions/Completion/Linux/_losetup	INSTALL_FILE	OTHER		0o644	
usr/share/zsh/functions/Completion/Linux/_lsattr	INSTALL_FILE	OTHER		0o644	
usr/share/zsh/functions/Completion/Linux/_lsblk	INSTALL_FILE	OTHER		0o644	
usr/share/zsh/functions/Completion/Linux/_lsns	INSTALL_FILE	OTHER		0o644	
usr/share/zsh/functions/Completion/Linux/_lsusb	INSTALL_FILE	OTHER		0o644	
usr/share/zsh/functions/Completion/Linux/_ltrace	INSTALL_FILE	OTHER		0o644	
usr/share/zsh/functions/Completion/Linux/_mat	INSTALL_FILE	OTHER		0o644	
usr/share/zsh/functions/Completion/Linux/_mat2	INSTALL_FILE	OTHER		0o644	
usr/share/zsh/functions/Completion/Linux/_mdadm	INSTALL_FILE	OTHER		0o644	
usr/share/zsh/functions/Completion/Linux/_mii-tool	INSTALL_FILE	OTHER		0o644	
usr/share/zsh/functions/Completion/Linux/_modutils	INSTALL_FILE	OTHER		0o644	
usr/share/zsh/functions/Completion/Linux/_mondo	INSTALL_FILE	OTHER		0o644	
usr/share/zsh/functions/Completion/Linux/_networkmanager	INSTALL_FILE	OTHER		0o644	
usr/share/zsh/functions/Completion/Linux/_nsenter	INSTALL_FILE	OTHER		0o644	
usr/share/zsh/functions/Completion/Linux/_opkg	INSTALL_FILE	OTHER		0o644	
usr/share/zsh/functions/Completion/Linux/_perf	INSTALL_FILE	OTHER		0o644	
usr/share/zsh/functions/Completion/Linux/_pidof	INSTALL_FILE	OTHER		0o644	
usr/share/zsh/functions/Completion/Linux/_pkgtool	INSTALL_FILE	OTHER		0o644	
usr/share/zsh/functions/Completion/Linux/_pmap	INSTALL_FILE	OTHER		0o644	
usr/share/zsh/functions/Completion/Linux/_qdbus	INSTALL_FILE	OTHER		0o644	
usr/share/zsh/functions/Completion/Linux/_schedtool	INSTALL_FILE	OTHER		0o644	
usr/share/zsh/functions/Completion/Linux/_selinux_contexts	INSTALL_FILE	OTHER		0o644	
usr/share/zsh/functions/Completion/Linux/_selinux_roles	INSTALL_FILE	OTHER		0o644	
usr/share/zsh/functions/Completion/Linux/_selinux_types	INSTALL_FILE	OTHER		0o644	
usr/share/zsh/functions/Completion/Linux/_selinux_users	INSTALL_FILE	OTHER		0o644	
usr/share/zsh/functions/Completion/Linux/_setpriv	INSTALL_FILE	OTHER		0o644	
usr/share/zsh/functions/Completion/Linux/_setsid	INSTALL_FILE	OTHER		0o644	
usr/share/zsh/functions/Completion/Linux/_slabtop	INSTALL_FILE	OTHER		0o644	
usr/share/zsh/functions/Completion/Linux/_ss	INSTALL_FILE	OTHER		0o644	
usr/share/zsh/functions/Completion/Linux/_sshfs	INSTALL_FILE	OTHER		0o644	
usr/share/zsh/functions/Completion/Linux/_strace	INSTALL_FILE	OTHER		0o644	
usr/share/zsh/functions/Completion/Linux/_sysstat	INSTALL_FILE	OTHER		0o644	
usr/share/zsh/functions/Completion/Linux/_tload	INSTALL_FILE	OTHER		0o644	
usr/share/zsh/functions/Completion/Linux/_tpb	INSTALL_FILE	OTHER		0o644	
usr/share/zsh/functions/Completion/Linux/_tracepath	INSTALL_FILE	OTHER		0o644	
usr/share/zsh/functions/Completion/Linux/_tune2fs	INSTALL_FILE	OTHER		0o644	
usr/share/zsh/functions/Completion/Linux/_uml	INSTALL_FILE	OTHER		0o644	
usr/share/zsh/functions/Completion/Linux/_unshare	INSTALL_FILE	OTHER		0o644	
usr/share/zsh/functions/Completion/Linux/_valgrind	INSTALL_FILE	OTHER		0o644	
usr/share/zsh/functions/Completion/Linux/_vserver	INSTALL_FILE	OTHER		0o644	
usr/share/zsh/functions/Completion/Linux/_wakeup_capable_devices	INSTALL_FILE	OTHER		0o644	
usr/share/zsh/functions/Completion/Linux/_wipefs	INSTALL_FILE	OTHER		0o644	
usr/share/zsh/functions/Completion/Linux/_wpa_cli	INSTALL_FILE	OTHER		0o644	
usr/share/zsh/functions/Completion/Mandriva	CREATE_DIRECTORY	DIRECTORY		0o755	
usr/share/zsh/functions/Completion/Mandriva/_rebootin	INSTALL_FILE	OTHER		0o644	
usr/share/zsh/functions/Completion/Mandriva/_urpmi	INSTALL_FILE	OTHER		0o644	
usr/share/zsh/functions/Completion/Redhat	CREATE_DIRECTORY	DIRECTORY		0o755	
usr/share/zsh/functions/Completion/Redhat/_dnf	INSTALL_FILE	OTHER		0o644	
usr/share/zsh/functions/Completion/Redhat/_rpm	INSTALL_FILE	OTHER		0o644	
usr/share/zsh/functions/Completion/Redhat/_scl	INSTALL_FILE	OTHER		0o644	
usr/share/zsh/functions/Completion/Redhat/_yum	INSTALL_FILE	OTHER		0o644	
usr/share/zsh/functions/Completion/Solaris	CREATE_DIRECTORY	DIRECTORY		0o755	
usr/share/zsh/functions/Completion/Solaris/_be_name	INSTALL_FILE	OTHER		0o644	
usr/share/zsh/functions/Completion/Solaris/_beadm	INSTALL_FILE	OTHER		0o644	
usr/share/zsh/functions/Completion/Solaris/_coreadm	INSTALL_FILE	OTHER		0o644	
usr/share/zsh/functions/Completion/Solaris/_dhcpinfo	INSTALL_FILE	OTHER		0o644	
usr/share/zsh/functions/Completion/Solaris/_dladm	INSTALL_FILE	OTHER		0o644	
usr/share/zsh/functions/Completion/Solaris/_dtrace	INSTALL_FILE	OTHER		0o644	
usr/share/zsh/functions/Completion/Solaris/_dumpadm	INSTALL_FILE	OTHER		0o644	
usr/share/zsh/functions/Completion/Solaris/_flowadm	INSTALL_FILE	OTHER		0o644	
usr/share/zsh/functions/Completion/Solaris/_fmadm	INSTALL_FILE	OTHER		0o644	
usr/share/zsh/functions/Completion/Solaris/_inetadm	INSTALL_FILE	OTHER		0o644	
usr/share/zsh/functions/Completion/Solaris/_ipadm	INSTALL_FILE	OTHER		0o644	
usr/share/zsh/functions/Completion/Solaris/_pfexec	INSTALL_FILE	OTHER		0o644	
usr/share/zsh/functions/Completion/Solaris/_pkg5	INSTALL_FILE	OTHER		0o644	
usr/share/zsh/functions/Completion/Solaris/_prstat	INSTALL_FILE	OTHER		0o644	
usr/share/zsh/functions/Completion/Solaris/_ptree	INSTALL_FILE	OTHER		0o644	
usr/share/zsh/functions/Completion/Solaris/_savecore	INSTALL_FILE	OTHER		0o644	
usr/share/zsh/functions/Completion/Solaris/_snoop	INSTALL_FILE	OTHER		0o644	
usr/share/zsh/functions/Completion/Solaris/_svcadm	INSTALL_FILE	OTHER		0o644	
usr/share/zsh/functions/Completion/Solaris/_svccfg	INSTALL_FILE	OTHER		0o644	
usr/share/zsh/functions/Completion/Solaris/_svcprop	INSTALL_FILE	OTHER		0o644	
usr/share/zsh/functions/Completion/Solaris/_svcs	INSTALL_FILE	OTHER		0o644	
usr/share/zsh/functions/Completion/Solaris/_svcs_fmri	INSTALL_FILE	OTHER		0o644	
usr/share/zsh/functions/Completion/Solaris/_zlogin	INSTALL_FILE	OTHER		0o644	
usr/share/zsh/functions/Completion/Solaris/_zoneadm	INSTALL_FILE	OTHER		0o644	
usr/share/zsh/functions/Completion/Solaris/_zones	INSTALL_FILE	OTHER		0o644	
usr/share/zsh/functions/Completion/Unix	CREATE_DIRECTORY	DIRECTORY		0o755	
usr/share/zsh/functions/Completion/Unix/_a2ps	INSTALL_FILE	OTHER		0o644	
usr/share/zsh/functions/Completion/Unix/_aap	INSTALL_FILE	OTHER		0o644	
usr/share/zsh/functions/Completion/Unix/_abcde	INSTALL_FILE	OTHER		0o644	
usr/share/zsh/functions/Completion/Unix/_absolute_command_paths	INSTALL_FILE	OTHER		0o644	
usr/share/zsh/functions/Completion/Unix/_ack	INSTALL_FILE	OTHER		0o644	
usr/share/zsh/functions/Completion/Unix/_adb	INSTALL_FILE	OTHER		0o644	
usr/share/zsh/functions/Completion/Unix/_ansible	INSTALL_FILE	OTHER		0o644	
usr/share/zsh/functions/Completion/Unix/_ant	INSTALL_FILE	OTHER		0o644	
usr/share/zsh/functions/Completion/Unix/_antiword	INSTALL_FILE	OTHER		0o644	
usr/share/zsh/functions/Completion/Unix/_apachectl	INSTALL_FILE	OTHER		0o644	
usr/share/zsh/functions/Completion/Unix/_apm	INSTALL_FILE	OTHER		0o644	
usr/share/zsh/functions/Completion/Unix/_arch_archives	INSTALL_FILE	OTHER		0o644	
usr/share/zsh/functions/Completion/Unix/_arch_namespace	INSTALL_FILE	OTHER		0o644	
usr/share/zsh/functions/Completion/Unix/_arp	INSTALL_FILE	OTHER		0o644	
usr/share/zsh/functions/Completion/Unix/_arping	INSTALL_FILE	OTHER		0o644	
usr/share/zsh/functions/Completion/Unix/_asciidoctor	INSTALL_FILE	OTHER		0o644	
usr/share/zsh/functions/Completion/Unix/_asciinema	INSTALL_FILE	OTHER		0o644	
usr/share/zsh/functions/Completion/Unix/_at	INSTALL_FILE	OTHER		0o644	
usr/share/zsh/functions/Completion/Unix/_attr	INSTALL_FILE	OTHER		0o644	
usr/share/zsh/functions/Completion/Unix/_augeas	INSTALL_FILE	OTHER		0o644	
usr/share/zsh/functions/Completion/Unix/_avahi	INSTALL_FILE	OTHER		0o644	
usr/share/zsh/functions/Completion/Unix/_awk	INSTALL_FILE	OTHER		0o644	
usr/share/zsh/functions/Completion/Unix/_base64	INSTALL_FILE	OTHER		0o644	
usr/share/zsh/functions/Completion/Unix/_basename	INSTALL_FILE	OTHER		0o644	
usr/share/zsh/functions/Completion/Unix/_bash	INSTALL_FILE	OTHER		0o644	
usr/share/zsh/functions/Completion/Unix/_baudrates	INSTALL_FILE	OTHER		0o644	
usr/share/zsh/functions/Completion/Unix/_baz	INSTALL_FILE	OTHER		0o644	
usr/share/zsh/functions/Completion/Unix/_beep	INSTALL_FILE	OTHER		0o644	
usr/share/zsh/functions/Completion/Unix/_bibtex	INSTALL_FILE	OTHER		0o644	
usr/share/zsh/functions/Completion/Unix/_bind_addresses	INSTALL_FILE	OTHER		0o644	
usr/share/zsh/functions/Completion/Unix/_bison	INSTALL_FILE	OTHER		0o644	
usr/share/zsh/functions/Completion/Unix/_bittorrent	INSTALL_FILE	OTHER		0o644	
usr/share/zsh/functions/Completion/Unix/_bogofilter	INSTALL_FILE	OTHER		0o644	
usr/share/zsh/functions/Completion/Unix/_bpf_filters	INSTALL_FILE	OTHER		0o644	
usr/share/zsh/functions/Completion/Unix/_bpython	INSTALL_FILE	OTHER		0o644	
usr/share/zsh/functions/Completion/Unix/_bzip2	INSTALL_FILE	OTHER		0o644	
usr/share/zsh/functions/Completion/Unix/_bzr	INSTALL_FILE	OTHER		0o644	
usr/share/zsh/functions/Completion/Unix/_cabal	INSTALL_FILE	OTHER		0o644	
usr/share/zsh/functions/Completion/Unix/_cal	INSTALL_FILE	OTHER		0o644	
usr/share/zsh/functions/Completion/Unix/_calendar	INSTALL_FILE	OTHER		0o644	
usr/share/zsh/functions/Completion/Unix/_canonical_paths	INSTALL_FILE	OTHER		0o644	
usr/share/zsh/functions/Completion/Unix/_cat	INSTALL_FILE	OTHER		0o644	
usr/share/zsh/functions/Completion/Unix/_ccal	INSTALL_FILE	OTHER		0o644	
usr/share/zsh/functions/Completion/Unix/_cdcd	INSTALL_FILE	OTHER		0o644	
usr/share/zsh/functions/Completion/Unix/_cdrdao	INSTALL_FILE	OTHER		0o644	
usr/share/zsh/functions/Completion/Unix/_cdrecord	INSTALL_FILE	OTHER		0o644	
usr/share/zsh/functions/Completion/Unix/_chkconfig	INSTALL_FILE	OTHER		0o644	
usr/share/zsh/functions/Completion/Unix/_chmod	INSTALL_FILE	OTHER		0o644	
usr/share/zsh/functions/Completion/Unix/_chown	INSTALL_FILE	OTHER		0o644	
usr/share/zsh/functions/Completion/Unix/_chroot	INSTALL_FILE	OTHER		0o644	
usr/share/zsh/functions/Completion/Unix/_chsh	INSTALL_FILE	OTHER		0o644	
usr/share/zsh/functions/Completion/Unix/_cksum	INSTALL_FILE	OTHER		0o644	
usr/share/zsh/functions/Completion/Unix/_clay	INSTALL_FILE	OTHER		0o644	
usr/share/zsh/functions/Completion/Unix/_cmdambivalent	INSTALL_FILE	OTHER		0o644	
usr/share/zsh/functions/Completion/Unix/_cmdstring	INSTALL_FILE	OTHER		0o644	
usr/share/zsh/functions/Completion/Unix/_cmp	INSTALL_FILE	OTHER		0o644	
usr/share/zsh/functions/Completion/Unix/_column	INSTALL_FILE	OTHER		0o644	
usr/share/zsh/functions/Completion/Unix/_comm	INSTALL_FILE	OTHER		0o644	
usr/share/zsh/functions/Completion/Unix/_composer	INSTALL_FILE	OTHER		0o644	
usr/share/zsh/functions/Completion/Unix/_compress	INSTALL_FILE	OTHER		0o644	
usr/share/zsh/functions/Completion/Unix/_configure	INSTALL_FILE	OTHER		0o644	
usr/share/zsh/functions/Completion/Unix/_cowsay	INSTALL_FILE	OTHER		0o644	
usr/share/zsh/functions/Completion/Unix/_cp	INSTALL_FILE	OTHER		0o644	
usr/share/zsh/functions/Completion/Unix/_cpio	INSTALL_FILE	OTHER		0o644	
usr/share/zsh/functions/Completion/Unix/_cplay	INSTALL_FILE	OTHER		0o644	
usr/share/zsh/functions/Completion/Unix/_crontab	INSTALL_FILE	OTHER		0o644	
usr/share/zsh/functions/Completion/Unix/_cscope	INSTALL_FILE	OTHER		0o644	
usr/share/zsh/functions/Completion/Unix/_csplit	INSTALL_FILE	OTHER		0o644	
usr/share/zsh/functions/Completion/Unix/_cssh	INSTALL_FILE	OTHER		0o644	
usr/share/zsh/functions/Completion/Unix/_ctags	INSTALL_FILE	OTHER		0o644	
usr/share/zsh/functions/Completion/Unix/_ctags_tags	INSTALL_FILE	OTHER		0o644	
usr/share/zsh/functions/Completion/Unix/_curl	INSTALL_FILE	OTHER		0o644	
usr/share/zsh/functions/Completion/Unix/_cut	INSTALL_FILE	OTHER		0o644	
usr/share/zsh/functions/Completion/Unix/_cvs	INSTALL_FILE	OTHER		0o644	
usr/share/zsh/functions/Completion/Unix/_darcs	INSTALL_FILE	OTHER		0o644	
usr/share/zsh/functions/Completion/Unix/_date	INSTALL_FILE	OTHER		0o644	
usr/share/zsh/functions/Completion/Unix/_date_formats	INSTALL_FILE	OTHER		0o644	
usr/share/zsh/functions/Completion/Unix/_dates	INSTALL_FILE	OTHER		0o644	
usr/share/zsh/functions/Completion/Unix/_dbus	INSTALL_FILE	OTHER		0o644	
usr/share/zsh/functions/Completion/Unix/_dconf	INSTALL_FILE	OTHER		0o644	
usr/share/zsh/functions/Completion/Unix/_dd	INSTALL_FILE	OTHER		0o644	
usr/share/zsh/functions/Completion/Unix/_devtodo	INSTALL_FILE	OTHER		0o644	
usr/share/zsh/functions/Completion/Unix/_df	INSTALL_FILE	OTHER		0o644	
usr/share/zsh/functions/Completion/Unix/_dhclient	INSTALL_FILE	OTHER		0o644	
usr/share/zsh/functions/Completion/Unix/_dict	INSTALL_FILE	OTHER		0o644	
usr/share/zsh/functions/Completion/Unix/_dict_words	INSTALL_FILE	OTHER		0o644	
usr/share/zsh/functions/Completion/Unix/_diff	INSTALL_FILE	OTHER		0o644	
usr/share/zsh/functions/Completion/Unix/_diff3	INSTALL_FILE	OTHER		0o644	
usr/share/zsh/functions/Completion/Unix/_diff_options	INSTALL_FILE	OTHER		0o644	
usr/share/zsh/functions/Completion/Unix/_diffstat	INSTALL_FILE	OTHER		0o644	
usr/share/zsh/functions/Completion/Unix/_dig	INSTALL_FILE	OTHER		0o644	
usr/share/zsh/functions/Completion/Unix/_dir_list	INSTALL_FILE	OTHER		0o644	
usr/share/zsh/functions/Completion/Unix/_directories	INSTALL_FILE	OTHER		0o644	
usr/share/zsh/functions/Completion/Unix/_django	INSTALL_FILE	OTHER		0o644	
usr/share/zsh/functions/Completion/Unix/_dmesg	INSTALL_FILE	OTHER		0o644	
usr/share/zsh/functions/Completion/Unix/_dmidecode	INSTALL_FILE	OTHER		0o644	
usr/share/zsh/functions/Completion/Unix/_dns_types	INSTALL_FILE	OTHER		0o644	
usr/share/zsh/functions/Completion/Unix/_doas	INSTALL_FILE	OTHER		0o644	
usr/share/zsh/functions/Completion/Unix/_domains	INSTALL_FILE	OTHER		0o644	
usr/share/zsh/functions/Completion/Unix/_dos2unix	INSTALL_FILE	OTHER		0o644	
usr/share/zsh/functions/Completion/Unix/_drill	INSTALL_FILE	OTHER		0o644	
usr/share/zsh/functions/Completion/Unix/_dropbox	INSTALL_FILE	OTHER		0o644	
usr/share/zsh/functions/Completion/Unix/_dsh	INSTALL_FILE	OTHER		0o644	
usr/share/zsh/functions/Completion/Unix/_dtruss	INSTALL_FILE	OTHER		0o644	
usr/share/zsh/functions/Completion/Unix/_du	INSTALL_FILE	OTHER		0o644	
usr/share/zsh/functions/Completion/Unix/_dvi	INSTALL_FILE	OTHER		0o644	
usr/share/zsh/functions/Completion/Unix/_ecasound	INSTALL_FILE	OTHER		0o644	
usr/share/zsh/functions/Completion/Unix/_ed	INSTALL_FILE	OTHER		0o644	
usr/share/zsh/functions/Completion/Unix/_elfdump	INSTALL_FILE	OTHER		0o644	
usr/share/zsh/functions/Completion/Unix/_elinks	INSTALL_FILE	OTHER		0o644	
usr/share/zsh/functions/Completion/Unix/_email_addresses	INSTALL_FILE	OTHER		0o644	
usr/share/zsh/functions/Completion/Unix/_enscript	INSTALL_FILE	OTHER		0o644	
usr/share/zsh/functions/Completion/Unix/_entr	INSTALL_FILE	OTHER		0o644	
usr/share/zsh/functions/Completion/Unix/_env	INSTALL_FILE	OTHER		0o644	
usr/share/zsh/functions/Completion/Unix/_espeak	INSTALL_FILE	OTHER		0o644	
usr/share/zsh/functions/Completion/Unix/_etags	INSTALL_FILE	OTHER		0o644	
usr/share/zsh/functions/Completion/Unix/_fakeroot	INSTALL_FILE	OTHER		0o644	
usr/share/zsh/functions/Completion/Unix/_feh	INSTALL_FILE	OTHER		0o644	
usr/share/zsh/functions/Completion/Unix/_fetchmail	INSTALL_FILE	OTHER		0o644	
usr/share/zsh/functions/Completion/Unix/_ffmpeg	INSTALL_FILE	OTHER		0o644	
usr/share/zsh/functions/Completion/Unix/_figlet	INSTALL_FILE	OTHER		0o644	
usr/share/zsh/functions/Completion/Unix/_file_modes	INSTALL_FILE	OTHER		0o644	
usr/share/zsh/functions/Completion/Unix/_file_systems	INSTALL_FILE	OTHER		0o644	
usr/share/zsh/functions/Completion/Unix/_files	INSTALL_FILE	OTHER		0o644	
usr/share/zsh/functions/Completion/Unix/_find	INSTALL_FILE	OTHER		0o644	
usr/share/zsh/functions/Completion/Unix/_find_net_interfaces	INSTALL_FILE	OTHER		0o644	
usr/share/zsh/functions/Completion/Unix/_finger	INSTALL_FILE	OTHER		0o644	
usr/share/zsh/functions/Completion/Unix/_flac	INSTALL_FILE	OTHER		0o644	
usr/share/zsh/functions/Completion/Unix/_flex	INSTALL_FILE	OTHER		0o644	
usr/share/zsh/functions/Completion/Unix/_fmt	INSTALL_FILE	OTHER		0o644	
usr/share/zsh/functions/Completion/Unix/_fold	INSTALL_FILE	OTHER		0o644	
usr/share/zsh/functions/Completion/Unix/_fortune	INSTALL_FILE	OTHER		0o644	
usr/share/zsh/functions/Completion/Unix/_fsh	INSTALL_FILE	OTHER		0o644	
usr/share/zsh/functions/Completion/Unix/_fuser	INSTALL_FILE	OTHER		0o644	
usr/share/zsh/functions/Completion/Unix/_gcc	INSTALL_FILE	OTHER		0o644	
usr/share/zsh/functions/Completion/Unix/_gcore	INSTALL_FILE	OTHER		0o644	
usr/share/zsh/functions/Completion/Unix/_gdb	INSTALL_FILE	OTHER		0o644	
usr/share/zsh/functions/Completion/Unix/_gem	INSTALL_FILE	OTHER		0o644	
usr/share/zsh/functions/Completion/Unix/_genisoimage	INSTALL_FILE	OTHER		0o644	
usr/share/zsh/functions/Completion/Unix/_getconf	INSTALL_FILE	OTHER		0o644	
usr/share/zsh/functions/Completion/Unix/_getent	INSTALL_FILE	OTHER		0o644	
usr/share/zsh/functions/Completion/Unix/_getfacl	INSTALL_FILE	OTHER		0o644	
usr/share/zsh/functions/Completion/Unix/_getmail	INSTALL_FILE	OTHER		0o644	
usr/share/zsh/functions/Completion/Unix/_getopt	INSTALL_FILE	OTHER		0o644	
usr/share/zsh/functions/Completion/Unix/_ghostscript	INSTALL_FILE	OTHER		0o644	
usr/share/zsh/functions/Completion/Unix/_git	INSTALL_FILE	OTHER		0o644	
usr/share/zsh/functions/Completion/Unix/_global	INSTALL_FILE	OTHER		0o644	
usr/share/zsh/functions/Completion/Unix/_global_tags	INSTALL_FILE	OTHER		0o644	
usr/share/zsh/functions/Completion/Unix/_gnu_generic	INSTALL_FILE	OTHER		0o644	
usr/share/zsh/functions/Completion/Unix/_gnupod	INSTALL_FILE	OTHER		0o644	
usr/share/zsh/functions/Completion/Unix/_gnutls	INSTALL_FILE	OTHER		0o644	
usr/share/zsh/functions/Completion/Unix/_go	INSTALL_FILE	OTHER		0o644	
usr/share/zsh/functions/Completion/Unix/_gpg	INSTALL_FILE	OTHER		0o644	
usr/share/zsh/functions/Completion/Unix/_gphoto2	INSTALL_FILE	OTHER		0o644	
usr/share/zsh/functions/Completion/Unix/_gprof	INSTALL_FILE	OTHER		0o644	
usr/share/zsh/functions/Completion/Unix/_gradle	INSTALL_FILE	OTHER		0o644	
usr/share/zsh/functions/Completion/Unix/_graphicsmagick	INSTALL_FILE	OTHER		0o644	
usr/share/zsh/functions/Completion/Unix/_grep	INSTALL_FILE	OTHER		0o644	
usr/share/zsh/functions/Completion/Unix/_groff	INSTALL_FILE	OTHER		0o644	
usr/share/zsh/functions/Completion/Unix/_groups	INSTALL_FILE	OTHER		0o644	
usr/share/zsh/functions/Completion/Unix/_growisofs	INSTALL_FILE	OTHER		0o644	
usr/share/zsh/functions/Completion/Unix/_gsettings	INSTALL_FILE	OTHER		0o644	
usr/share/zsh/functions/Completion/Unix/_guilt	INSTALL_FILE	OTHER		0o644	
usr/share/zsh/functions/Completion/Unix/_gzip	INSTALL_FILE	OTHER		0o644	
usr/share/zsh/functions/Completion/Unix/_have_glob_qual	INSTALL_FILE	OTHER		0o644	
usr/share/zsh/functions/Completion/Unix/_head	INSTALL_FILE	OTHER		0o644	
usr/share/zsh/functions/Completion/Unix/_hexdump	INSTALL_FILE	OTHER		0o644	
usr/share/zsh/functions/Completion/Unix/_host	INSTALL_FILE	OTHER		0o644	
usr/share/zsh/functions/Completion/Unix/_hostname	INSTALL_FILE	OTHER		0o644	
usr/share/zsh/functions/Completion/Unix/_hosts	INSTALL_FILE	OTHER		0o644	
usr/share/zsh/functions/Completion/Unix/_iconv	INSTALL_FILE	OTHER		0o644	
usr/share/zsh/functions/Completion/Unix/_id	INSTALL_FILE	OTHER		0o644	
usr/share/zsh/functions/Completion/Unix/_ifconfig	INSTALL_FILE	OTHER		0o644	
usr/share/zsh/functions/Completion/Unix/_iftop	INSTALL_FILE	OTHER		0o644	
usr/share/zsh/functions/Completion/Unix/_imagemagick	INSTALL_FILE	OTHER		0o644	
usr/share/zsh/functions/Completion/Unix/_init_d	INSTALL_FILE	OTHER		0o644	
usr/share/zsh/functions/Completion/Unix/_initctl	INSTALL_FILE	OTHER		0o644	
usr/share/zsh/functions/Completion/Unix/_install	INSTALL_FILE	OTHER		0o644	
usr/share/zsh/functions/Completion/Unix/_iostat	INSTALL_FILE	OTHER		0o644	
usr/share/zsh/functions/Completion/Unix/_ip	INSTALL_FILE	OTHER		0o644	
usr/share/zsh/functions/Completion/Unix/_ipsec	INSTALL_FILE	OTHER		0o644	
usr/share/zsh/functions/Completion/Unix/_irssi	INSTALL_FILE	OTHER		0o644	
usr/share/zsh/functions/Completion/Unix/_ispell	INSTALL_FILE	OTHER		0o644	
usr/share/zsh/functions/Completion/Unix/_java	INSTALL_FILE	OTHER		0o644	
usr/share/zsh/functions/Completion/Unix/_java_class	INSTALL_FILE	OTHER		0o644	
usr/share/zsh/functions/Completion/Unix/_joe	INSTALL_FILE	OTHER		0o644	
usr/share/zsh/functions/Completion/Unix/_join	INSTALL_FILE	OTHER		0o644	
usr/share/zsh/functions/Completion/Unix/_jq	INSTALL_FILE	OTHER		0o644	
usr/share/zsh/functions/Completion/Unix/_killall	INSTALL_FILE	OTHER		0o644	
usr/share/zsh/functions/Completion/Unix/_knock	INSTALL_FILE	OTHER		0o644	
usr/share/zsh/functions/Completion/Unix/_kvno	INSTALL_FILE	OTHER		0o644	
usr/share/zsh/functions/Completion/Unix/_last	INSTALL_FILE	OTHER		0o644	
usr/share/zsh/functions/Completion/Unix/_ld_debug	INSTALL_FILE	OTHER		0o644	
usr/share/zsh/functions/Completion/Unix/_ldconfig	INSTALL_FILE	OTHER		0o644	
usr/share/zsh/functions/Completion/Unix/_ldd	INSTALL_FILE	OTHER		0o644	
usr/share/zsh/functions/Completion/Unix/_less	INSTALL_FILE	OTHER		0o644	
usr/share/zsh/functions/Completion/Unix/_lha	INSTALL_FILE	OTHER		0o644	
usr/share/zsh/functions/Completion/Unix/_libvirt	INSTALL_FILE	OTHER		0o644	
usr/share/zsh/functions/Completion/Unix/_links	INSTALL_FILE	OTHER		0o644	
usr/share/zsh/functions/Completion/Unix/_list_files	INSTALL_FILE	OTHER		0o644	
usr/share/zsh/functions/Completion/Unix/_lldb	INSTALL_FILE	OTHER		0o644	
usr/share/zsh/functions/Completion/Unix/_ln	INSTALL_FILE	OTHER		0o644	
usr/share/zsh/functions/Completion/Unix/_loadkeys	INSTALL_FILE	OTHER		0o644	
usr/share/zsh/functions/Completion/Unix/_locale	INSTALL_FILE	OTHER		0o644	
usr/share/zsh/functions/Completion/Unix/_localedef	INSTALL_FILE	OTHER		0o644	
usr/share/zsh/functions/Completion/Unix/_locales	INSTALL_FILE	OTHER		0o644	
usr/share/zsh/functions/Completion/Unix/_locate	INSTALL_FILE	OTHER		0o644	
usr/share/zsh/functions/Completion/Unix/_logger	INSTALL_FILE	OTHER		0o644	
usr/share/zsh/functions/Completion/Unix/_look	INSTALL_FILE	OTHER		0o644	
usr/share/zsh/functions/Completion/Unix/_lp	INSTALL_FILE	OTHER		0o644	
usr/share/zsh/functions/Completion/Unix/_ls	INSTALL_FILE	OTHER		0o644	
usr/share/zsh/functions/Completion/Unix/_lsof	INSTALL_FILE	OTHER		0o644	
usr/share/zsh/functions/Completion/Unix/_lua	INSTALL_FILE	OTHER		0o644	
usr/share/zsh/functions/Completion/Unix/_luarocks	INSTALL_FILE	OTHER		0o644	
usr/share/zsh/functions/Completion/Unix/_lynx	INSTALL_FILE	OTHER		0o644	
usr/share/zsh/functions/Completion/Unix/_lz4	INSTALL_FILE	OTHER		0o644	
usr/share/zsh/functions/Completion/Unix/_lzop	INSTALL_FILE	OTHER		0o644	
usr/share/zsh/functions/Completion/Unix/_mail	INSTALL_FILE	OTHER		0o644	
usr/share/zsh/functions/Completion/Unix/_mailboxes	INSTALL_FILE	OTHER		0o644	
usr/share/zsh/functions/Completion/Unix/_make	INSTALL_FILE	OTHER		0o644	
usr/share/zsh/functions/Completion/Unix/_man	INSTALL_FILE	OTHER		0o644	
usr/share/zsh/functions/Completion/Unix/_md5sum	INSTALL_FILE	OTHER		0o644	
usr/share/zsh/functions/Completion/Unix/_mencal	INSTALL_FILE	OTHER		0o644	
usr/share/zsh/functions/Completion/Unix/_mh	INSTALL_FILE	OTHER		0o644	
usr/share/zsh/functions/Completion/Unix/_mime_types	INSTALL_FILE	OTHER		0o644	
usr/share/zsh/functions/Completion/Unix/_mkdir	INSTALL_FILE	OTHER		0o644	
usr/share/zsh/functions/Completion/Unix/_mkfifo	INSTALL_FILE	OTHER		0o644	
usr/share/zsh/functions/Completion/Unix/_mknod	INSTALL_FILE	OTHER		0o644	
usr/share/zsh/functions/Completion/Unix/_mktemp	INSTALL_FILE	OTHER		0o644	
usr/share/zsh/functions/Completion/Unix/_module	INSTALL_FILE	OTHER		0o644	
usr/share/zsh/functions/Completion/Unix/_monotone	INSTALL_FILE	OTHER		0o644	
usr/share/zsh/functions/Completion/Unix/_moosic	INSTALL_FILE	OTHER		0o644	
usr/share/zsh/functions/Completion/Unix/_mosh	INSTALL_FILE	OTHER		0o644	
usr/share/zsh/functions/Completion/Unix/_mount	INSTALL_FILE	OTHER		0o644	
usr/share/zsh/functions/Completion/Unix/_mpc	INSTALL_FILE	OTHER		0o644	
usr/share/zsh/functions/Completion/Unix/_mt	INSTALL_FILE	OTHER		0o644	
usr/share/zsh/functions/Completion/Unix/_mtools	INSTALL_FILE	OTHER		0o644	
usr/share/zsh/functions/Completion/Unix/_mtr	INSTALL_FILE	OTHER		0o644	
usr/share/zsh/functions/Completion/Unix/_mutt	INSTALL_FILE	OTHER		0o644	
usr/share/zsh/functions/Completion/Unix/_mv	INSTALL_FILE	OTHER		0o644	
usr/share/zsh/functions/Completion/Unix/_my_accounts	INSTALL_FILE	OTHER		0o644	
usr/share/zsh/functions/Completion/Unix/_myrepos	INSTALL_FILE	OTHER		0o644	
usr/share/zsh/functions/Completion/Unix/_mysql_utils	INSTALL_FILE	OTHER		0o644	
usr/share/zsh/functions/Completion/Unix/_mysqldiff	INSTALL_FILE	OTHER		0o644	
usr/share/zsh/functions/Completion/Unix/_ncftp	INSTALL_FILE	OTHER		0o644	
usr/share/zsh/functions/Completion/Unix/_net_interfaces	INSTALL_FILE	OTHER		0o644	
usr/share/zsh/functions/Completion/Unix/_netcat	INSTALL_FILE	OTHER		0o644	
usr/share/zsh/functions/Completion/Unix/_netstat	INSTALL_FILE	OTHER		0o644	
usr/share/zsh/functions/Completion/Unix/_newsgroups	INSTALL_FILE	OTHER		0o644	
usr/share/zsh/functions/Completion/Unix/_nginx	INSTALL_FILE	OTHER		0o644	
usr/share/zsh/functions/Completion/Unix/_ngrep	INSTALL_FILE	OTHER		0o644	
usr/share/zsh/functions/Completion/Unix/_nice	INSTALL_FILE	OTHER		0o644	
usr/share/zsh/functions/Completion/Unix/_nkf	INSTALL_FILE	OTHER		0o644	
usr/share/zsh/functions/Completion/Unix/_nl	INSTALL_FILE	OTHER		0o644	
usr/share/zsh/functions/Completion/Unix/_nm	INSTALL_FILE	OTHER		0o644	
usr/share/zsh/functions/Completion/Unix/_nmap	INSTALL_FILE	OTHER		0o644	
usr/share/zsh/functions/Completion/Unix/_npm	INSTALL_FILE	OTHER		0o644	
usr/share/zsh/functions/Completion/Unix/_nslookup	INSTALL_FILE	OTHER		0o644	
usr/share/zsh/functions/Completion/Unix/_numfmt	INSTALL_FILE	OTHER		0o644	
usr/share/zsh/functions/Completion/Unix/_objdump	INSTALL_FILE	OTHER		0o644	
usr/share/zsh/functions/Completion/Unix/_object_files	INSTALL_FILE	OTHER		0o644	
usr/share/zsh/functions/Completion/Unix/_od	INSTALL_FILE	OTHER		0o644	
usr/share/zsh/functions/Completion/Unix/_openstack	INSTALL_FILE	OTHER		0o644	
usr/share/zsh/functions/Completion/Unix/_opustools	INSTALL_FILE	OTHER		0o644	
usr/share/zsh/functions/Completion/Unix/_other_accounts	INSTALL_FILE	OTHER		0o644	
usr/share/zsh/functions/Completion/Unix/_pack	INSTALL_FILE	OTHER		0o644	
usr/share/zsh/functions/Completion/Unix/_pandoc	INSTALL_FILE	OTHER		0o644	
usr/share/zsh/functions/Completion/Unix/_paste	INSTALL_FILE	OTHER		0o644	
usr/share/zsh/functions/Completion/Unix/_patch	INSTALL_FILE	OTHER		0o644	
usr/share/zsh/functions/Completion/Unix/_patchutils	INSTALL_FILE	OTHER		0o644	
usr/share/zsh/functions/Completion/Unix/_path_commands	INSTALL_FILE	OTHER		0o644	
usr/share/zsh/functions/Completion/Unix/_path_files	INSTALL_FILE	OTHER		0o644	
usr/share/zsh/functions/Completion/Unix/_pax	INSTALL_FILE	OTHER		0o644	
usr/share/zsh/functions/Completion/Unix/_pbm	INSTALL_FILE	OTHER		0o644	
usr/share/zsh/functions/Completion/Unix/_pdf	INSTALL_FILE	OTHER		0o644	
usr/share/zsh/functions/Completion/Unix/_perforce	INSTALL_FILE	OTHER		0o644	
usr/share/zsh/functions/Completion/Unix/_perl	INSTALL_FILE	OTHER		0o644	
usr/share/zsh/functions/Completion/Unix/_perl_basepods	INSTALL_FILE	OTHER		0o644	
usr/share/zsh/functions/Completion/Unix/_perl_modules	INSTALL_FILE	OTHER		0o644	
usr/share/zsh/functions/Completion/Unix/_perldoc	INSTALL_FILE	OTHER		0o644	
usr/share/zsh/functions/Completion/Unix/_pgids	INSTALL_FILE	OTHER		0o644	
usr/share/zsh/functions/Completion/Unix/_pgrep	INSTALL_FILE	OTHER		0o644	
usr/share/zsh/functions/Completion/Unix/_php	INSTALL_FILE	OTHER		0o644	
usr/share/zsh/functions/Completion/Unix/_picocom	INSTALL_FILE	OTHER		0o644	
usr/share/zsh/functions/Completion/Unix/_pids	INSTALL_FILE	OTHER		0o644	
usr/share/zsh/functions/Completion/Unix/_pine	INSTALL_FILE	OTHER		0o644	
usr/share/zsh/functions/Completion/Unix/_ping	INSTALL_FILE	OTHER		0o644	
usr/share/zsh/functions/Completion/Unix/_pip	INSTALL_FILE	OTHER		0o644	
usr/share/zsh/functions/Completion/Unix/_pkg-config	INSTALL_FILE	OTHER		0o644	
usr/share/zsh/functions/Completion/Unix/_pkg_instance	INSTALL_FILE	OTHER		0o644	
usr/share/zsh/functions/Completion/Unix/_pkgadd	INSTALL_FILE	OTHER		0o644	
usr/share/zsh/functions/Completion/Unix/_pkginfo	INSTALL_FILE	OTHER		0o644	
usr/share/zsh/functions/Completion/Unix/_pkgrm	INSTALL_FILE	OTHER		0o644	
usr/share/zsh/functions/Completion/Unix/_pon	INSTALL_FILE	OTHER		0o644	
usr/share/zsh/functions/Completion/Unix/_ports	INSTALL_FILE	OTHER		0o644	
usr/share/zsh/functions/Completion/Unix/_postfix	INSTALL_FILE	OTHER		0o644	
usr/share/zsh/functions/Completion/Unix/_postgresql	INSTALL_FILE	OTHER		0o644	
usr/share/zsh/functions/Completion/Unix/_postscript	INSTALL_FILE	OTHER		0o644	
usr/share/zsh/functions/Completion/Unix/_pr	INSTALL_FILE	OTHER		0o644	
usr/share/zsh/functions/Completion/Unix/_printenv	INSTALL_FILE	OTHER		0o644	
usr/share/zsh/functions/Completion/Unix/_printers	INSTALL_FILE	OTHER		0o644	
usr/share/zsh/functions/Completion/Unix/_process_names	INSTALL_FILE	OTHER		0o644	
usr/share/zsh/functions/Completion/Unix/_prove	INSTALL_FILE	OTHER		0o644	
usr/share/zsh/functions/Completion/Unix/_ps	INSTALL_FILE	OTHER		0o644	
usr/share/zsh/functions/Completion/Unix/_pspdf	INSTALL_FILE	OTHER		0o644	
usr/share/zsh/functions/Completion/Unix/_psutils	INSTALL_FILE	OTHER		0o644	
usr/share/zsh/functions/Completion/Unix/_ptx	INSTALL_FILE	OTHER		0o644	
usr/share/zsh/functions/Completion/Unix/_pump	INSTALL_FILE	OTHER		0o644	
usr/share/zsh/functions/Completion/Unix/_pv	INSTALL_FILE	OTHER		0o644	
usr/share/zsh/functions/Completion/Unix/_pwgen	INSTALL_FILE	OTHER		0o644	
usr/share/zsh/functions/Completion/Unix/_pydoc	INSTALL_FILE	OTHER		0o644	
usr/share/zsh/functions/Completion/Unix/_python	INSTALL_FILE	OTHER		0o644	
usr/share/zsh/functions/Completion/Unix/_python_modules	INSTALL_FILE	OTHER		0o644	
usr/share/zsh/functions/Completion/Unix/_qemu	INSTALL_FILE	OTHER		0o644	
usr/share/zsh/functions/Completion/Unix/_quilt	INSTALL_FILE	OTHER		0o644	
usr/share/zsh/functions/Completion/Unix/_rake	INSTALL_FILE	OTHER		0o644	
usr/share/zsh/functions/Completion/Unix/_ranlib	INSTALL_FILE	OTHER		0o644	
usr/share/zsh/functions/Completion/Unix/_rar	INSTALL_FILE	OTHER		0o644	
usr/share/zsh/functions/Completion/Unix/_rclone	INSTALL_FILE	OTHER		0o644	
usr/share/zsh/functions/Completion/Unix/_rcs	INSTALL_FILE	OTHER		0o644	
usr/share/zsh/functions/Completion/Unix/_readelf	INSTALL_FILE	OTHER		0o644	
usr/share/zsh/functions/Completion/Unix/_readlink	INSTALL_FILE	OTHER		0o644	
usr/share/zsh/functions/Completion/Unix/_remote_files	INSTALL_FILE	OTHER		0o644	
usr/share/zsh/functions/Completion/Unix/_renice	INSTALL_FILE	OTHER		0o644	
usr/share/zsh/functions/Completion/Unix/_ri	INSTALL_FILE	OTHER		0o644	
usr/share/zsh/functions/Completion/Unix/_rlogin	INSTALL_FILE	OTHER		0o644	
usr/share/zsh/functions/Completion/Unix/_rm	INSTALL_FILE	OTHER		0o644	
usr/share/zsh/functions/Completion/Unix/_rmdir	INSTALL_FILE	OTHER		0o644	
usr/share/zsh/functions/Completion/Unix/_route	INSTALL_FILE	OTHER		0o644	
usr/share/zsh/functions/Completion/Unix/_rrdtool	INSTALL_FILE	OTHER		0o644	
usr/share/zsh/functions/Completion/Unix/_rsync	INSTALL_FILE	OTHER		0o644	
usr/share/zsh/functions/Completion/Unix/_rubber	INSTALL_FILE	OTHER		0o644	
usr/share/zsh/functions/Completion/Unix/_ruby	INSTALL_FILE	OTHER		0o644	
usr/share/zsh/functions/Completion/Unix/_runit	INSTALL_FILE	OTHER		0o644	
usr/share/zsh/functions/Completion/Unix/_samba	INSTALL_FILE	OTHER		0o644	
usr/share/zsh/functions/Completion/Unix/_sccs	INSTALL_FILE	OTHER		0o644	
usr/share/zsh/functions/Completion/Unix/_scons	INSTALL_FILE	OTHER		0o644	
usr/share/zsh/functions/Completion/Unix/_screen	INSTALL_FILE	OTHER		0o644	
usr/share/zsh/functions/Completion/Unix/_script	INSTALL_FILE	OTHER		0o644	
usr/share/zsh/functions/Completion/Unix/_seafile	INSTALL_FILE	OTHER		0o644	
usr/share/zsh/functions/Completion/Unix/_sed	INSTALL_FILE	OTHER		0o644	
usr/share/zsh/functions/Completion/Unix/_seq	INSTALL_FILE	OTHER		0o644	
usr/share/zsh/functions/Completion/Unix/_service	INSTALL_FILE	OTHER		0o644	
usr/share/zsh/functions/Completion/Unix/_services	INSTALL_FILE	OTHER		0o644	
usr/share/zsh/functions/Completion/Unix/_setfacl	INSTALL_FILE	OTHER		0o644	
usr/share/zsh/functions/Completion/Unix/_sh	INSTALL_FILE	OTHER		0o644	
usr/share/zsh/functions/Completion/Unix/_shasum	INSTALL_FILE	OTHER		0o644	
usr/share/zsh/functions/Completion/Unix/_showmount	INSTALL_FILE	OTHER		0o644	
usr/share/zsh/functions/Completion/Unix/_shred	INSTALL_FILE	OTHER		0o644	
usr/share/zsh/functions/Completion/Unix/_shuf	INSTALL_FILE	OTHER		0o644	
usr/share/zsh/functions/Completion/Unix/_shutdown	INSTALL_FILE	OTHER		0o644	
usr/share/zsh/functions/Completion/Unix/_signals	INSTALL_FILE	OTHER		0o644	
usr/share/zsh/functions/Completion/Unix/_sisu	INSTALL_FILE	OTHER		0o644	
usr/share/zsh/functions/Completion/Unix/_slrn	INSTALL_FILE	OTHER		0o644	
usr/share/zsh/functions/Completion/Unix/_smartmontools	INSTALL_FILE	OTHER		0o644	
usr/share/zsh/functions/Completion/Unix/_socket	INSTALL_FILE	OTHER		0o644	
usr/share/zsh/functions/Completion/Unix/_sort	INSTALL_FILE	OTHER		0o644	
usr/share/zsh/functions/Completion/Unix/_spamassassin	INSTALL_FILE	OTHER		0o644	
usr/share/zsh/functions/Completion/Unix/_split	INSTALL_FILE	OTHER		0o644	
usr/share/zsh/functions/Completion/Unix/_sqlite	INSTALL_FILE	OTHER		0o644	
usr/share/zsh/functions/Completion/Unix/_sqsh	INSTALL_FILE	OTHER		0o644	
usr/share/zsh/functions/Completion/Unix/_ssh	INSTALL_FILE	OTHER		0o644	
usr/share/zsh/functions/Completion/Unix/_ssh_hosts	INSTALL_FILE	OTHER		0o644	
usr/share/zsh/functions/Completion/Unix/_stat	INSTALL_FILE	OTHER		0o644	
usr/share/zsh/functions/Completion/Unix/_stdbuf	INSTALL_FILE	OTHER		0o644	
usr/share/zsh/functions/Completion/Unix/_stgit	INSTALL_FILE	OTHER		0o644	
usr/share/zsh/functions/Completion/Unix/_stow	INSTALL_FILE	OTHER		0o644	
usr/share/zsh/functions/Completion/Unix/_strings	INSTALL_FILE	OTHER		0o644	
usr/share/zsh/functions/Completion/Unix/_strip	INSTALL_FILE	OTHER		0o644	
usr/share/zsh/functions/Completion/Unix/_stty	INSTALL_FILE	OTHER		0o644	
usr/share/zsh/functions/Completion/Unix/_su	INSTALL_FILE	OTHER		0o644	
usr/share/zsh/functions/Completion/Unix/_subversion	INSTALL_FILE	OTHER		0o644	
usr/share/zsh/functions/Completion/Unix/_sudo	INSTALL_FILE	OTHER		0o644	
usr/share/zsh/functions/Completion/Unix/_surfraw	INSTALL_FILE	OTHER		0o644	
usr/share/zsh/functions/Completion/Unix/_swaks	INSTALL_FILE	OTHER		0o644	
usr/share/zsh/functions/Completion/Unix/_swanctl	INSTALL_FILE	OTHER		0o644	
usr/share/zsh/functions/Completion/Unix/_swift	INSTALL_FILE	OTHER		0o644	
usr/share/zsh/functions/Completion/Unix/_sys_calls	INSTALL_FILE	OTHER		0o644	
usr/share/zsh/functions/Completion/Unix/_sysctl	INSTALL_FILE	OTHER		0o644	
usr/share/zsh/functions/Completion/Unix/_tac	INSTALL_FILE	OTHER		0o644	
usr/share/zsh/functions/Completion/Unix/_tail	INSTALL_FILE	OTHER		0o644	
usr/share/zsh/functions/Completion/Unix/_tar	INSTALL_FILE	OTHER		0o644	
usr/share/zsh/functions/Completion/Unix/_tar_archive	INSTALL_FILE	OTHER		0o644	
usr/share/zsh/functions/Completion/Unix/_tardy	INSTALL_FILE	OTHER		0o644	
usr/share/zsh/functions/Completion/Unix/_tcpdump	INSTALL_FILE	OTHER		0o644	
usr/share/zsh/functions/Completion/Unix/_tcptraceroute	INSTALL_FILE	OTHER		0o644	
usr/share/zsh/functions/Completion/Unix/_tee	INSTALL_FILE	OTHER		0o644	
usr/share/zsh/functions/Completion/Unix/_telnet	INSTALL_FILE	OTHER		0o644	
usr/share/zsh/functions/Completion/Unix/_terminals	INSTALL_FILE	OTHER		0o644	
usr/share/zsh/functions/Completion/Unix/_tex	INSTALL_FILE	OTHER		0o644	
usr/share/zsh/functions/Completion/Unix/_texi	INSTALL_FILE	OTHER		0o644	
usr/share/zsh/functions/Completion/Unix/_texinfo	INSTALL_FILE	OTHER		0o644	
usr/share/zsh/functions/Completion/Unix/_tidy	INSTALL_FILE	OTHER		0o644	
usr/share/zsh/functions/Completion/Unix/_tiff	INSTALL_FILE	OTHER		0o644	
usr/share/zsh/functions/Completion/Unix/_tilde_files	INSTALL_FILE	OTHER		0o644	
usr/share/zsh/functions/Completion/Unix/_time_zone	INSTALL_FILE	OTHER		0o644	
usr/share/zsh/functions/Completion/Unix/_timeout	INSTALL_FILE	OTHER		0o644	
usr/share/zsh/functions/Completion/Unix/_tin	INSTALL_FILE	OTHER		0o644	
usr/share/zsh/functions/Completion/Unix/_tla	INSTALL_FILE	OTHER		0o644	
usr/share/zsh/functions/Completion/Unix/_tmux	INSTALL_FILE	OTHER		0o644	
usr/share/zsh/functions/Completion/Unix/_todo.sh	INSTALL_FILE	SCRIPT		0o644	
usr/share/zsh/functions/Completion/Unix/_toilet	INSTALL_FILE	OTHER		0o644	
usr/share/zsh/functions/Completion/Unix/_top	INSTALL_FILE	OTHER		0o644	
usr/share/zsh/functions/Completion/Unix/_topgit	INSTALL_FILE	OTHER		0o644	
usr/share/zsh/functions/Completion/Unix/_totd	INSTALL_FILE	OTHER		0o644	
usr/share/zsh/functions/Completion/Unix/_touch	INSTALL_FILE	OTHER		0o644	
usr/share/zsh/functions/Completion/Unix/_tput	INSTALL_FILE	OTHER		0o644	
usr/share/zsh/functions/Completion/Unix/_tr	INSTALL_FILE	OTHER		0o644	
usr/share/zsh/functions/Completion/Unix/_transmission	INSTALL_FILE	OTHER		0o644	
usr/share/zsh/functions/Completion/Unix/_tree	INSTALL_FILE	OTHER		0o644	
usr/share/zsh/functions/Completion/Unix/_truncate	INSTALL_FILE	OTHER		0o644	
usr/share/zsh/functions/Completion/Unix/_truss	INSTALL_FILE	OTHER		0o644	
usr/share/zsh/functions/Completion/Unix/_tty	INSTALL_FILE	OTHER		0o644	
usr/share/zsh/functions/Completion/Unix/_ttys	INSTALL_FILE	OTHER		0o644	
usr/share/zsh/functions/Completion/Unix/_twidge	INSTALL_FILE	OTHER		0o644	
usr/share/zsh/functions/Completion/Unix/_twisted	INSTALL_FILE	OTHER		0o644	
usr/share/zsh/functions/Completion/Unix/_umountable	INSTALL_FILE	OTHER		0o644	
usr/share/zsh/functions/Completion/Unix/_unace	INSTALL_FILE	OTHER		0o644	
usr/share/zsh/functions/Completion/Unix/_uname	INSTALL_FILE	OTHER		0o644	
usr/share/zsh/functions/Completion/Unix/_unexpand	INSTALL_FILE	OTHER		0o644	
usr/share/zsh/functions/Completion/Unix/_uniq	INSTALL_FILE	OTHER		0o644	
usr/share/zsh/functions/Completion/Unix/_unison	INSTALL_FILE	OTHER		0o644	
usr/share/zsh/functions/Completion/Unix/_units	INSTALL_FILE	OTHER		0o644	
usr/share/zsh/functions/Completion/Unix/_uptime	INSTALL_FILE	OTHER		0o644	
usr/share/zsh/functions/Completion/Unix/_urls	INSTALL_FILE	OTHER		0o644	
usr/share/zsh/functions/Completion/Unix/_user_admin	INSTALL_FILE	OTHER		0o644	
usr/share/zsh/functions/Completion/Unix/_user_at_host	INSTALL_FILE	OTHER		0o644	
usr/share/zsh/functions/Completion/Unix/_users	INSTALL_FILE	OTHER		0o644	
usr/share/zsh/functions/Completion/Unix/_users_on	INSTALL_FILE	OTHER		0o644	
usr/share/zsh/functions/Completion/Unix/_vi	INSTALL_FILE	OTHER		0o644	
usr/share/zsh/functions/Completion/Unix/_vim	INSTALL_FILE	OTHER		0o644	
usr/share/zsh/functions/Completion/Unix/_visudo	INSTALL_FILE	OTHER		0o644	
usr/share/zsh/functions/Completion/Unix/_vmstat	INSTALL_FILE	OTHER		0o644	
usr/share/zsh/functions/Completion/Unix/_vorbis	INSTALL_FILE	OTHER		0o644	
usr/share/zsh/functions/Completion/Unix/_vpnc	INSTALL_FILE	OTHER		0o644	
usr/share/zsh/functions/Completion/Unix/_w	INSTALL_FILE	OTHER		0o644	
usr/share/zsh/functions/Completion/Unix/_w3m	INSTALL_FILE	OTHER		0o644	
usr/share/zsh/functions/Completion/Unix/_watch	INSTALL_FILE	OTHER		0o644	
usr/share/zsh/functions/Completion/Unix/_wc	INSTALL_FILE	OTHER		0o644	
usr/share/zsh/functions/Completion/Unix/_webbrowser	INSTALL_FILE	OTHER		0o644	
usr/share/zsh/functions/Completion/Unix/_wget	INSTALL_FILE	OTHER		0o644	
usr/share/zsh/functions/Completion/Unix/_whereis	INSTALL_FILE	OTHER		0o644	
usr/share/zsh/functions/Completion/Unix/_who	INSTALL_FILE	OTHER		0o644	
usr/share/zsh/functions/Completion/Unix/_whois	INSTALL_FILE	OTHER		0o644	
usr/share/zsh/functions/Completion/Unix/_wiggle	INSTALL_FILE	OTHER		0o644	
usr/share/zsh/functions/Completion/Unix/_xargs	INSTALL_FILE	OTHER		0o644	
usr/share/zsh/functions/Completion/Unix/_xmlsoft	INSTALL_FILE	OTHER		0o644	
usr/share/zsh/functions/Completion/Unix/_xmlstarlet	INSTALL_FILE	OTHER		0o644	
usr/share/zsh/functions/Completion/Unix/_xmms2	INSTALL_FILE	OTHER		0o644	
usr/share/zsh/functions/Completion/Unix/_xxd	INSTALL_FILE	OTHER		0o644	
usr/share/zsh/functions/Completion/Unix/_xz	INSTALL_FILE	OTHER		0o644	
usr/share/zsh/functions/Completion/Unix/_yafc	INSTALL_FILE	OTHER		0o644	
usr/share/zsh/functions/Completion/Unix/_yodl	INSTALL_FILE	OTHER		0o644	
usr/share/zsh/functions/Completion/Unix/_yp	INSTALL_FILE	OTHER		0o644	
usr/share/zsh/functions/Completion/Unix/_zcat	INSTALL_FILE	OTHER		0o644	
usr/share/zsh/functions/Completion/Unix/_zdump	INSTALL_FILE	OTHER		0o644	
usr/share/zsh/functions/Completion/Unix/_zfs	INSTALL_FILE	OTHER		0o644	
usr/share/zsh/functions/Completion/Unix/_zfs_dataset	INSTALL_FILE	OTHER		0o644	
usr/share/zsh/functions/Completion/Unix/_zfs_pool	INSTALL_FILE	OTHER		0o644	
usr/share/zsh/functions/Completion/Unix/_zip	INSTALL_FILE	OTHER		0o644	
usr/share/zsh/functions/Completion/Unix/_zsh	INSTALL_FILE	OTHER		0o644	
usr/share/zsh/functions/Completion/X	CREATE_DIRECTORY	DIRECTORY		0o755	
usr/share/zsh/functions/Completion/X/_acroread	INSTALL_FILE	OTHER		0o644	
usr/share/zsh/functions/Completion/X/_code	INSTALL_FILE	OTHER		0o644	
usr/share/zsh/functions/Completion/X/_dcop	INSTALL_FILE	OTHER		0o644	
usr/share/zsh/functions/Completion/X/_eog	INSTALL_FILE	OTHER		0o644	
usr/share/zsh/functions/Completion/X/_evince	INSTALL_FILE	OTHER		0o644	
usr/share/zsh/functions/Completion/X/_geany	INSTALL_FILE	OTHER		0o644	
usr/share/zsh/functions/Completion/X/_gnome-gv	INSTALL_FILE	OTHER		0o644	
usr/share/zsh/functions/Completion/X/_gqview	INSTALL_FILE	OTHER		0o644	
usr/share/zsh/functions/Completion/X/_gv	INSTALL_FILE	OTHER		0o644	
usr/share/zsh/functions/Completion/X/_kdeconnect	INSTALL_FILE	OTHER		0o644	
usr/share/zsh/functions/Completion/X/_kfmclient	INSTALL_FILE	OTHER		0o644	
usr/share/zsh/functions/Completion/X/_matlab	INSTALL_FILE	OTHER		0o644	
usr/share/zsh/functions/Completion/X/_mozilla	INSTALL_FILE	OTHER		0o644	
usr/share/zsh/functions/Completion/X/_mplayer	INSTALL_FILE	OTHER		0o644	
usr/share/zsh/functions/Completion/X/_mupdf	INSTALL_FILE	OTHER		0o644	
usr/share/zsh/functions/Completion/X/_nautilus	INSTALL_FILE	OTHER		0o644	
usr/share/zsh/functions/Completion/X/_nedit	INSTALL_FILE	OTHER		0o644	
usr/share/zsh/functions/Completion/X/_netscape	INSTALL_FILE	OTHER		0o644	
usr/share/zsh/functions/Completion/X/_okular	INSTALL_FILE	OTHER		0o644	
usr/share/zsh/functions/Completion/X/_pdftk	INSTALL_FILE	OTHER		0o644	
usr/share/zsh/functions/Completion/X/_qiv	INSTALL_FILE	OTHER		0o644	
usr/share/zsh/functions/Completion/X/_rdesktop	INSTALL_FILE	OTHER		0o644	
usr/share/zsh/functions/Completion/X/_setxkbmap	INSTALL_FILE	OTHER		0o644	
usr/share/zsh/functions/Completion/X/_sublimetext	INSTALL_FILE	OTHER		0o644	
usr/share/zsh/functions/Completion/X/_urxvt	INSTALL_FILE	OTHER		0o644	
usr/share/zsh/functions/Completion/X/_vnc	INSTALL_FILE	OTHER		0o644	
usr/share/zsh/functions/Completion/X/_x_arguments	INSTALL_FILE	OTHER		0o644	
usr/share/zsh/functions/Completion/X/_x_borderwidth	INSTALL_FILE	OTHER		0o644	
usr/share/zsh/functions/Completion/X/_x_color	INSTALL_FILE	OTHER		0o644	
usr/share/zsh/functions/Completion/X/_x_colormapid	INSTALL_FILE	OTHER		0o644	
usr/share/zsh/functions/Completion/X/_x_cursor	INSTALL_FILE	OTHER		0o644	
usr/share/zsh/functions/Completion/X/_x_display	INSTALL_FILE	OTHER		0o644	
usr/share/zsh/functions/Completion/X/_x_extension	INSTALL_FILE	OTHER		0o644	
usr/share/zsh/functions/Completion/X/_x_font	INSTALL_FILE	OTHER		0o644	
usr/share/zsh/functions/Completion/X/_x_geometry	INSTALL_FILE	OTHER		0o644	
usr/share/zsh/functions/Completion/X/_x_keysym	INSTALL_FILE	OTHER		0o644	
usr/share/zsh/functions/Completion/X/_x_locale	INSTALL_FILE	OTHER		0o644	
usr/share/zsh/functions/Completion/X/_x_modifier	INSTALL_FILE	OTHER		0o644	
usr/share/zsh/functions/Completion/X/_x_name	INSTALL_FILE	OTHER		0o644	
usr/share/zsh/functions/Completion/X/_x_resource	INSTALL_FILE	OTHER		0o644	
usr/share/zsh/functions/Completion/X/_x_selection_timeout	INSTALL_FILE	OTHER		0o644	
usr/share/zsh/functions/Completion/X/_x_title	INSTALL_FILE	OTHER		0o644	
usr/share/zsh/functions/Completion/X/_x_utils	INSTALL_FILE	OTHER		0o644	
usr/share/zsh/functions/Completion/X/_x_visual	INSTALL_FILE	OTHER		0o644	
usr/share/zsh/functions/Completion/X/_x_window	INSTALL_FILE	OTHER		0o644	
usr/share/zsh/functions/Completion/X/_xauth	INSTALL_FILE	OTHER		0o644	
usr/share/zsh/functions/Completion/X/_xautolock	INSTALL_FILE	OTHER		0o644	
usr/share/zsh/functions/Completion/X/_xclip	INSTALL_FILE	OTHER		0o644	
usr/share/zsh/functions/Completion/X/_xdvi	INSTALL_FILE	OTHER		0o644	
usr/share/zsh/functions/Completion/X/_xfig	INSTALL_FILE	OTHER		0o644	
usr/share/zsh/functions/Completion/X/_xft_fonts	INSTALL_FILE	OTHER		0o644	
usr/share/zsh/functions/Completion/X/_xinput	INSTALL_FILE	OTHER		0o644	
usr/share/zsh/functions/Completion/X/_xloadimage	INSTALL_FILE	OTHER		0o644	
usr/share/zsh/functions/Completion/X/_xmodmap	INSTALL_FILE	OTHER		0o644	
usr/share/zsh/functions/Completion/X/_xournal	INSTALL_FILE	OTHER		0o644	
usr/share/zsh/functions/Completion/X/_xpdf	INSTALL_FILE	OTHER		0o644	
usr/share/zsh/functions/Completion/X/_xrandr	INSTALL_FILE	OTHER		0o644	
usr/share/zsh/functions/Completion/X/_xscreensaver	INSTALL_FILE	OTHER		0o644	
usr/share/zsh/functions/Completion/X/_xset	INSTALL_FILE	OTHER		0o644	
usr/share/zsh/functions/Completion/X/_xt_arguments	INSTALL_FILE	OTHER		0o644	
usr/share/zsh/functions/Completion/X/_xt_session_id	INSTALL_FILE	OTHER		0o644	
usr/share/zsh/functions/Completion/X/_xterm	INSTALL_FILE	OTHER		0o644	
usr/share/zsh/functions/Completion/X/_xv	INSTALL_FILE	OTHER		0o644	
usr/share/zsh/functions/Completion/X/_xwit	INSTALL_FILE	OTHER		0o644	
usr/share/zsh/functions/Completion/X/_zeal	INSTALL_FILE	OTHER		0o644	
usr/share/zsh/functions/Completion/Zsh	CREATE_DIRECTORY	DIRECTORY		0o755	
usr/share/zsh/functions/Completion/Zsh/__arguments	INSTALL_FILE	OTHER		0o644	
usr/share/zsh/functions/Completion/Zsh/_add-zle-hook-widget	INSTALL_FILE	OTHER		0o644	
usr/share/zsh/functions/Completion/Zsh/_add-zsh-hook	INSTALL_FILE	OTHER		0o644	
usr/share/zsh/functions/Completion/Zsh/_alias	INSTALL_FILE	OTHER		0o644	
usr/share/zsh/functions/Completion/Zsh/_aliases	INSTALL_FILE	OTHER		0o644	
usr/share/zsh/functions/Completion/Zsh/_arrays	INSTALL_FILE	OTHER		0o644	
usr/share/zsh/functions/Completion/Zsh/_assign	INSTALL_FILE	OTHER		0o644	
usr/share/zsh/functions/Completion/Zsh/_autocd	INSTALL_FILE	OTHER		0o644	
usr/share/zsh/functions/Completion/Zsh/_bindkey	INSTALL_FILE	OTHER		0o644	
usr/share/zsh/functions/Completion/Zsh/_brace_parameter	INSTALL_FILE	OTHER		0o644	
usr/share/zsh/functions/Completion/Zsh/_builtin	INSTALL_FILE	OTHER		0o644	
usr/share/zsh/functions/Completion/Zsh/_cd	INSTALL_FILE	OTHER		0o644	
usr/share/zsh/functions/Completion/Zsh/_command	INSTALL_FILE	OTHER		0o644	
usr/share/zsh/functions/Completion/Zsh/_command_names	INSTALL_FILE	OTHER		0o644	
usr/share/zsh/functions/Completion/Zsh/_compadd	INSTALL_FILE	OTHER		0o644	
usr/share/zsh/functions/Completion/Zsh/_compdef	INSTALL_FILE	OTHER		0o644	
usr/share/zsh/functions/Completion/Zsh/_completers	INSTALL_FILE	OTHER		0o644	
usr/share/zsh/functions/Completion/Zsh/_condition	INSTALL_FILE	OTHER		0o644	
usr/share/zsh/functions/Completion/Zsh/_default	INSTALL_FILE	OTHER		0o644	
usr/share/zsh/functions/Completion/Zsh/_delimiters	INSTALL_FILE	OTHER		0o644	
usr/share/zsh/functions/Completion/Zsh/_directory_stack	INSTALL_FILE	OTHER		0o644	
usr/share/zsh/functions/Completion/Zsh/_dirs	INSTALL_FILE	OTHER		0o644	
usr/share/zsh/functions/Completion/Zsh/_disable	INSTALL_FILE	OTHER		0o644	
usr/share/zsh/functions/Completion/Zsh/_dynamic_directory_name	INSTALL_FILE	OTHER		0o644	
usr/share/zsh/functions/Completion/Zsh/_echotc	INSTALL_FILE	OTHER		0o644	
usr/share/zsh/functions/Completion/Zsh/_echoti	INSTALL_FILE	OTHER		0o644	
usr/share/zsh/functions/Completion/Zsh/_emulate	INSTALL_FILE	OTHER		0o644	
usr/share/zsh/functions/Completion/Zsh/_enable	INSTALL_FILE	OTHER		0o644	
usr/share/zsh/functions/Completion/Zsh/_equal	INSTALL_FILE	OTHER		0o644	
usr/share/zsh/functions/Completion/Zsh/_exec	INSTALL_FILE	OTHER		0o644	
usr/share/zsh/functions/Completion/Zsh/_fc	INSTALL_FILE	OTHER		0o644	
usr/share/zsh/functions/Completion/Zsh/_file_descriptors	INSTALL_FILE	OTHER		0o644	
usr/share/zsh/functions/Completion/Zsh/_first	INSTALL_FILE	OTHER		0o644	
usr/share/zsh/functions/Completion/Zsh/_functions	INSTALL_FILE	OTHER		0o644	
usr/share/zsh/functions/Completion/Zsh/_globflags	INSTALL_FILE	OTHER		0o644	
usr/share/zsh/functions/Completion/Zsh/_globqual_delims	INSTALL_FILE	OTHER		0o644	
usr/share/zsh/functions/Completion/Zsh/_globquals	INSTALL_FILE	OTHER		0o644	
usr/share/zsh/functions/Completion/Zsh/_hash	INSTALL_FILE	OTHER		0o644	
usr/share/zsh/functions/Completion/Zsh/_history_modifiers	INSTALL_FILE	OTHER		0o644	
usr/share/zsh/functions/Completion/Zsh/_in_vared	INSTALL_FILE	OTHER		0o644	
usr/share/zsh/functions/Completion/Zsh/_jobs	INSTALL_FILE	OTHER		0o644	
usr/share/zsh/functions/Completion/Zsh/_jobs_bg	INSTALL_FILE	OTHER		0o644	
usr/share/zsh/functions/Completion/Zsh/_jobs_builtin	INSTALL_FILE	OTHER		0o644	
usr/share/zsh/functions/Completion/Zsh/_jobs_fg	INSTALL_FILE	OTHER		0o644	
usr/share/zsh/functions/Completion/Zsh/_kill	INSTALL_FILE	OTHER		0o644	
usr/share/zsh/functions/Completion/Zsh/_limit	INSTALL_FILE	OTHER		0o644	
usr/share/zsh/functions/Completion/Zsh/_limits	INSTALL_FILE	OTHER		0o644	
usr/share/zsh/functions/Completion/Zsh/_math	INSTALL_FILE	OTHER		0o644	
usr/share/zsh/functions/Completion/Zsh/_math_params	INSTALL_FILE	OTHER		0o644	
usr/share/zsh/functions/Completion/Zsh/_mere	INSTALL_FILE	OTHER		0o644	
usr/share/zsh/functions/Completion/Zsh/_module_math_func	INSTALL_FILE	OTHER		0o644	
usr/share/zsh/functions/Completion/Zsh/_options	INSTALL_FILE	OTHER		0o644	
usr/share/zsh/functions/Completion/Zsh/_options_set	INSTALL_FILE	OTHER		0o644	
usr/share/zsh/functions/Completion/Zsh/_options_unset	INSTALL_FILE	OTHER		0o644	
usr/share/zsh/functions/Completion/Zsh/_parameter	INSTALL_FILE	OTHER		0o644	
usr/share/zsh/functions/Completion/Zsh/_parameters	INSTALL_FILE	OTHER		0o644	
usr/share/zsh/functions/Completion/Zsh/_precommand	INSTALL_FILE	OTHER		0o644	
usr/share/zsh/functions/Completion/Zsh/_print	INSTALL_FILE	OTHER		0o644	
usr/share/zsh/functions/Completion/Zsh/_prompt	INSTALL_FILE	OTHER		0o644	
usr/share/zsh/functions/Completion/Zsh/_ps1234	INSTALL_FILE	OTHER		0o644	
usr/share/zsh/functions/Completion/Zsh/_read	INSTALL_FILE	OTHER		0o644	
usr/share/zsh/functions/Completion/Zsh/_redirect	INSTALL_FILE	OTHER		0o644	
usr/share/zsh/functions/Completion/Zsh/_run-help	INSTALL_FILE	OTHER		0o644	
usr/share/zsh/functions/Completion/Zsh/_sched	INSTALL_FILE	OTHER		0o644	
usr/share/zsh/functions/Completion/Zsh/_set	INSTALL_FILE	OTHER		0o644	
usr/share/zsh/functions/Completion/Zsh/_setopt	INSTALL_FILE	OTHER		0o644	
usr/share/zsh/functions/Completion/Zsh/_source	INSTALL_FILE	OTHER		0o644	
usr/share/zsh/functions/Completion/Zsh/_strftime	INSTALL_FILE	OTHER		0o644	
usr/share/zsh/functions/Completion/Zsh/_subscript	INSTALL_FILE	OTHER		0o644	
usr/share/zsh/functions/Completion/Zsh/_suffix_alias_files	INSTALL_FILE	OTHER		0o644	
usr/share/zsh/functions/Completion/Zsh/_tcpsys	INSTALL_FILE	OTHER		0o644	
usr/share/zsh/functions/Completion/Zsh/_tilde	INSTALL_FILE	OTHER		0o644	
usr/share/zsh/functions/Completion/Zsh/_trap	INSTALL_FILE	OTHER		0o644	
usr/share/zsh/functions/Completion/Zsh/_ttyctl	INSTALL_FILE	OTHER		0o644	
usr/share/zsh/functions/Completion/Zsh/_typeset	INSTALL_FILE	OTHER		0o644	
usr/share/zsh/functions/Completion/Zsh/_ulimit	INSTALL_FILE	OTHER		0o644	
usr/share/zsh/functions/Completion/Zsh/_unhash	INSTALL_FILE	OTHER		0o644	
usr/share/zsh/functions/Completion/Zsh/_user_math_func	INSTALL_FILE	OTHER		0o644	
usr/share/zsh/functions/Completion/Zsh/_value	INSTALL_FILE	OTHER		0o644	
usr/share/zsh/functions/Completion/Zsh/_vared	INSTALL_FILE	OTHER		0o644	
usr/share/zsh/functions/Completion/Zsh/_vars	INSTALL_FILE	OTHER		0o644	
usr/share/zsh/functions/Completion/Zsh/_vcs_info	INSTALL_FILE	OTHER		0o644	
usr/share/zsh/functions/Completion/Zsh/_vcs_info_hooks	INSTALL_FILE	OTHER		0o644	
usr/share/zsh/functions/Completion/Zsh/_wait	INSTALL_FILE	OTHER		0o644	
usr/share/zsh/functions/Completion/Zsh/_which	INSTALL_FILE	OTHER		0o644	
usr/share/zsh/functions/Completion/Zsh/_widgets	INSTALL_FILE	OTHER		0o644	
usr/share/zsh/functions/Completion/Zsh/_zargs	INSTALL_FILE	OTHER		0o644	
usr/share/zsh/functions/Completion/Zsh/_zattr	INSTALL_FILE	OTHER		0o644	
usr/share/zsh/functions/Completion/Zsh/_zcalc	INSTALL_FILE	OTHER		0o644	
usr/share/zsh/functions/Completion/Zsh/_zcalc_line	INSTALL_FILE	OTHER		0o644	
usr/share/zsh/functions/Completion/Zsh/_zcompile	INSTALL_FILE	OTHER		0o644	
usr/share/zsh/functions/Completion/Zsh/_zed	INSTALL_FILE	OTHER		0o644	
usr/share/zsh/functions/Completion/Zsh/_zftp	INSTALL_FILE	OTHER		0o644	
usr/share/zsh/functions/Completion/Zsh/_zle	INSTALL_FILE	OTHER		0o644	
usr/share/zsh/functions/Completion/Zsh/_zmodload	INSTALL_FILE	OTHER		0o644	
usr/share/zsh/functions/Completion/Zsh/_zmv	INSTALL_FILE	OTHER		0o644	
usr/share/zsh/functions/Completion/Zsh/_zparseopts	INSTALL_FILE	OTHER		0o644	
usr/share/zsh/functions/Completion/Zsh/_zpty	INSTALL_FILE	OTHER		0o644	
usr/share/zsh/functions/Completion/Zsh/_zsh-mime-handler	INSTALL_FILE	OTHER		0o644	
usr/share/zsh/functions/Completion/Zsh/_zsocket	INSTALL_FILE	OTHER		0o644	
usr/share/zsh/functions/Completion/Zsh/_zstyle	INSTALL_FILE	OTHER		0o644	
usr/share/zsh/functions/Completion/Zsh/_ztodo	INSTALL_FILE	OTHER		0o644	
usr/share/zsh/functions/Completion/bashcompinit	INSTALL_FILE	OTHER		0o644	
usr/share/zsh/functions/Completion/compaudit	INSTALL_FILE	OTHER		0o644	
usr/share/zsh/functions/Completion/compdump	INSTALL_FILE	OTHER		0o644	
usr/share/zsh/functions/Completion/compinit	INSTALL_FILE	OTHER		0o644	
usr/share/zsh/functions/Completion/compinstall	INSTALL_FILE	OTHER		0o644	
usr/share/zsh/functions/Completion/openSUSE	CREATE_DIRECTORY	DIRECTORY		0o755	
usr/share/zsh/functions/Completion/openSUSE/_SUSEconfig	INSTALL_FILE	OTHER		0o644	
usr/share/zsh/functions/Completion/openSUSE/_hwinfo	INSTALL_FILE	OTHER		0o644	
usr/share/zsh/functions/Completion/openSUSE/_osc	INSTALL_FILE	OTHER		0o644	
usr/share/zsh/functions/Completion/openSUSE/_yast	INSTALL_FILE	OTHER		0o644	
usr/share/zsh/functions/Completion/openSUSE/_zypper	INSTALL_FILE	OTHER		0o644	
usr/share/zsh/functions/Exceptions	CREATE_DIRECTORY	DIRECTORY		0o755	
usr/share/zsh/functions/Exceptions/catch	INSTALL_FILE	OTHER		0o644	
usr/share/zsh/functions/Exceptions/throw	INSTALL_FILE	OTHER		0o644	
usr/share/zsh/functions/MIME	CREATE_DIRECTORY	DIRECTORY		0o755	
usr/share/zsh/functions/MIME/pick-web-browser	INSTALL_FILE	OTHER		0o644	
usr/share/zsh/functions/MIME/zsh-mime-contexts	INSTALL_FILE	OTHER		0o644	
usr/share/zsh/functions/MIME/zsh-mime-handler	INSTALL_FILE	OTHER		0o644	
usr/share/zsh/functions/MIME/zsh-mime-setup	INSTALL_FILE	OTHER		0o644	
usr/share/zsh/functions/Math	CREATE_DIRECTORY	DIRECTORY		0o755	
usr/share/zsh/functions/Math/zmathfunc	INSTALL_FILE	OTHER		0o644	
usr/share/zsh/functions/Misc	CREATE_DIRECTORY	DIRECTORY		0o755	
usr/share/zsh/functions/Misc/add-zle-hook-widget	INSTALL_FILE	OTHER		0o644	
usr/share/zsh/functions/Misc/add-zsh-hook	INSTALL_FILE	OTHER		0o644	
usr/share/zsh/functions/Misc/allopt	INSTALL_FILE	OTHER		0o644	
usr/share/zsh/functions/Misc/checkmail	INSTALL_FILE	OTHER		0o755	
usr/share/zsh/functions/Misc/colors	INSTALL_FILE	OTHER		0o644	
usr/share/zsh/functions/Misc/getjobs	INSTALL_FILE	OTHER		0o644	
usr/share/zsh/functions/Misc/harden	INSTALL_FILE	OTHER		0o755	
usr/share/zsh/functions/Misc/is-at-least	INSTALL_FILE	OTHER		0o644	
usr/share/zsh/functions/Misc/mere	INSTALL_FILE	OTHER		0o644	
usr/share/zsh/functions/Misc/nslookup	INSTALL_FILE	OTHER		0o644	
usr/share/zsh/functions/Misc/promptnl	INSTALL_FILE	OTHER		0o644	
usr/share/zsh/functions/Misc/regexp-replace	INSTALL_FILE	OTHER		0o644	
usr/share/zsh/functions/Misc/relative	INSTALL_FILE	OTHER		0o644	
usr/share/zsh/functions/Misc/run-help	INSTALL_FILE	OTHER		0o755	
usr/share/zsh/functions/Misc/run-help-btrfs	INSTALL_FILE	OTHER		0o644	
usr/share/zsh/functions/Misc/run-help-git	INSTALL_FILE	OTHER		0o644	
usr/share/zsh/functions/Misc/run-help-ip	INSTALL_FILE	OTHER		0o755	
usr/share/zsh/functions/Misc/run-help-openssl	INSTALL_FILE	OTHER		0o644	
usr/share/zsh/functions/Misc/run-help-p4	INSTALL_FILE	OTHER		0o644	
usr/share/zsh/functions/Misc/run-help-sudo	INSTALL_FILE	OTHER		0o644	
usr/share/zsh/functions/Misc/run-help-svk	INSTALL_FILE	OTHER		0o644	
usr/share/zsh/functions/Misc/run-help-svn	INSTALL_FILE	OTHER		0o644	
usr/share/zsh/functions/Misc/sticky-note	INSTALL_FILE	OTHER		0o755	
usr/share/zsh/functions/Misc/tetris	INSTALL_FILE	OTHER		0o644	
usr/share/zsh/functions/Misc/tetriscurses	INSTALL_FILE	OTHER		0o644	
usr/share/zsh/functions/Misc/xtermctl	INSTALL_FILE	OTHER		0o644	
usr/share/zsh/functions/Misc/zargs	INSTALL_FILE	OTHER		0o644	
usr/share/zsh/functions/Misc/zcalc	INSTALL_FILE	OTHER		0o755	
usr/share/zsh/functions/Misc/zed	INSTALL_FILE	OTHER		0o755	
usr/share/zsh/functions/Misc/zkbd	INSTALL_FILE	OTHER		0o755	
usr/share/zsh/functions/Misc/zmathfuncdef	INSTALL_FILE	OTHER		0o644	
usr/share/zsh/functions/Misc/zmv	INSTALL_FILE	OTHER		0o644	
usr/share/zsh/functions/Misc/zrecompile	INSTALL_FILE	OTHER		0o644	
usr/share/zsh/functions/Misc/zstyle+	INSTALL_FILE	OTHER		0o644	
usr/share/zsh/functions/Misc/ztodo	INSTALL_FILE	OTHER		0o644	
usr/share/zsh/functions/Newuser	CREATE_DIRECTORY	DIRECTORY		0o755	
usr/share/zsh/functions/Newuser/zsh-newuser-install	INSTALL_FILE	OTHER		0o644	
usr/share/zsh/functions/Prompts	CREATE_DIRECTORY	DIRECTORY		0o755	
usr/share/zsh/functions/Prompts/prompt_adam1_setup	INSTALL_FILE	OTHER		0o644	
usr/share/zsh/functions/Prompts/prompt_adam2_setup	INSTALL_FILE	OTHER		0o644	
usr/share/zsh/functions/Prompts/prompt_bart_setup	INSTALL_FILE	OTHER		0o644	
usr/share/zsh/functions/Prompts/prompt_bigfade_setup	INSTALL_FILE	OTHER		0o644	
usr/share/zsh/functions/Prompts/prompt_clint_setup	INSTALL_FILE	OTHER		0o644	
usr/share/zsh/functions/Prompts/prompt_default_setup	INSTALL_FILE	OTHER		0o644	
usr/share/zsh/functions/Prompts/prompt_elite2_setup	INSTALL_FILE	OTHER		0o644	
usr/share/zsh/functions/Prompts/prompt_elite_setup	INSTALL_FILE	OTHER		0o644	
usr/share/zsh/functions/Prompts/prompt_fade_setup	INSTALL_FILE	OTHER		0o644	
usr/share/zsh/functions/Prompts/prompt_fire_setup	INSTALL_FILE	OTHER		0o644	
usr/share/zsh/functions/Prompts/prompt_off_setup	INSTALL_FILE	OTHER		0o644	
usr/share/zsh/functions/Prompts/prompt_oliver_setup	INSTALL_FILE	OTHER		0o644	
usr/share/zsh/functions/Prompts/prompt_pws_setup	INSTALL_FILE	OTHER		0o644	
usr/share/zsh/functions/Prompts/prompt_redhat_setup	INSTALL_FILE	OTHER		0o644	
usr/share/zsh/functions/Prompts/prompt_restore_setup	INSTALL_FILE	OTHER		0o644	
usr/share/zsh/functions/Prompts/prompt_special_chars	INSTALL_FILE	OTHER		0o644	
usr/share/zsh/functions/Prompts/prompt_suse_setup	INSTALL_FILE	OTHER		0o644	
usr/share/zsh/functions/Prompts/prompt_walters_setup	INSTALL_FILE	OTHER		0o644	
usr/share/zsh/functions/Prompts/prompt_zefram_setup	INSTALL_FILE	OTHER		0o644	
usr/share/zsh/functions/Prompts/promptinit	INSTALL_FILE	OTHER		0o644	
usr/share/zsh/functions/TCP	CREATE_DIRECTORY	DIRECTORY		0o755	
usr/share/zsh/functions/TCP/tcp_alias	INSTALL_FILE	OTHER		0o644	
usr/share/zsh/functions/TCP/tcp_close	INSTALL_FILE	OTHER		0o644	
usr/share/zsh/functions/TCP/tcp_command	INSTALL_FILE	OTHER		0o644	
usr/share/zsh/functions/TCP/tcp_expect	INSTALL_FILE	OTHER		0o644	
usr/share/zsh/functions/TCP/tcp_fd_handler	INSTALL_FILE	OTHER		0o644	
usr/share/zsh/functions/TCP/tcp_log	INSTALL_FILE	OTHER		0o644	
usr/share/zsh/functions/TCP/tcp_open	INSTALL_FILE	OTHER		0o644	
usr/share/zsh/functions/TCP/tcp_output	INSTALL_FILE	OTHER		0o644	
usr/share/zsh/functions/TCP/tcp_point	INSTALL_FILE	OTHER		0o644	
usr/share/zsh/functions/TCP/tcp_proxy	INSTALL_FILE	OTHER		0o644	
usr/share/zsh/functions/TCP/tcp_read	INSTALL_FILE	OTHER		0o644	
usr/share/zsh/functions/TCP/tcp_rename	INSTALL_FILE	OTHER		0o644	
usr/share/zsh/functions/TCP/tcp_send	INSTALL_FILE	OTHER		0o644	
usr/share/zsh/functions/TCP/tcp_sess	INSTALL_FILE	OTHER		0o644	
usr/share/zsh/functions/TCP/tcp_shoot	INSTALL_FILE	OTHER		0o644	
usr/share/zsh/functions/TCP/tcp_spam	INSTALL_FILE	OTHER		0o644	
usr/share/zsh/functions/TCP/tcp_talk	INSTALL_FILE	OTHER		0o644	
usr/share/zsh/functions/TCP/tcp_wait	INSTALL_FILE	OTHER		0o644	
usr/share/zsh/functions/VCS_Info	CREATE_DIRECTORY	DIRECTORY		0o755	
usr/share/zsh/functions/VCS_Info/Backends	CREATE_DIRECTORY	DIRECTORY		0o755	
usr/share/zsh/functions/VCS_Info/Backends/VCS_INFO_detect_bzr	INSTALL_FILE	OTHER		0o644	
usr/share/zsh/functions/VCS_Info/Backends/VCS_INFO_detect_cdv	INSTALL_FILE	OTHER		0o644	
usr/share/zsh/functions/VCS_Info/Backends/VCS_INFO_detect_cvs	INSTALL_FILE	OTHER		0o644	
usr/share/zsh/functions/VCS_Info/Backends/VCS_INFO_detect_darcs	INSTALL_FILE	OTHER		0o644	
usr/share/zsh/functions/VCS_Info/Backends/VCS_INFO_detect_fossil	INSTALL_FILE	OTHER		0o644	
usr/share/zsh/functions/VCS_Info/Backends/VCS_INFO_detect_git	INSTALL_FILE	OTHER		0o644	
usr/share/zsh/functions/VCS_Info/Backends/VCS_INFO_detect_hg	INSTALL_FILE	OTHER		0o644	
usr/share/zsh/functions/VCS_Info/Backends/VCS_INFO_detect_mtn	INSTALL_FILE	OTHER		0o644	
usr/share/zsh/functions/VCS_Info/Backends/VCS_INFO_detect_p4	INSTALL_FILE	OTHER		0o644	
usr/share/zsh/functions/VCS_Info/Backends/VCS_INFO_detect_svk	INSTALL_FILE	OTHER		0o644	
usr/share/zsh/functions/VCS_Info/Backends/VCS_INFO_detect_svn	INSTALL_FILE	OTHER		0o644	
usr/share/zsh/functions/VCS_Info/Backends/VCS_INFO_detect_tla	INSTALL_FILE	OTHER		0o644	
usr/share/zsh/functions/VCS_Info/Backends/VCS_INFO_get_data_bzr	INSTALL_FILE	OTHER		0o644	
usr/share/zsh/functions/VCS_Info/Backends/VCS_INFO_get_data_cdv	INSTALL_FILE	OTHER		0o644	
usr/share/zsh/functions/VCS_Info/Backends/VCS_INFO_get_data_cvs	INSTALL_FILE	OTHER		0o644	
usr/share/zsh/functions/VCS_Info/Backends/VCS_INFO_get_data_darcs	INSTALL_FILE	OTHER		0o644	
usr/share/zsh/functions/VCS_Info/Backends/VCS_INFO_get_data_fossil	INSTALL_FILE	OTHER		0o644	
usr/share/zsh/functions/VCS_Info/Backends/VCS_INFO_get_data_git	INSTALL_FILE	OTHER		0o644	
usr/share/zsh/functions/VCS_Info/Backends/VCS_INFO_get_data_hg	INSTALL_FILE	OTHER		0o644	
usr/share/zsh/functions/VCS_Info/Backends/VCS_INFO_get_data_mtn	INSTALL_FILE	OTHER		0o644	
usr/share/zsh/functions/VCS_Info/Backends/VCS_INFO_get_data_p4	INSTALL_FILE	OTHER		0o644	
usr/share/zsh/functions/VCS_Info/Backends/VCS_INFO_get_data_svk	INSTALL_FILE	OTHER		0o644	
usr/share/zsh/functions/VCS_Info/Backends/VCS_INFO_get_data_svn	INSTALL_FILE	OTHER		0o644	
usr/share/zsh/functions/VCS_Info/Backends/VCS_INFO_get_data_tla	INSTALL_FILE	OTHER		0o644	
usr/share/zsh/functions/VCS_Info/VCS_INFO_adjust	INSTALL_FILE	OTHER		0o644	
usr/share/zsh/functions/VCS_Info/VCS_INFO_bydir_detect	INSTALL_FILE	OTHER		0o644	
usr/share/zsh/functions/VCS_Info/VCS_INFO_check_com	INSTALL_FILE	OTHER		0o644	
usr/share/zsh/functions/VCS_Info/VCS_INFO_formats	INSTALL_FILE	OTHER		0o644	
usr/share/zsh/functions/VCS_Info/VCS_INFO_get_cmd	INSTALL_FILE	OTHER		0o644	
usr/share/zsh/functions/VCS_Info/VCS_INFO_hexdump	INSTALL_FILE	OTHER		0o644	
usr/share/zsh/functions/VCS_Info/VCS_INFO_hook	INSTALL_FILE	OTHER		0o644	
usr/share/zsh/functions/VCS_Info/VCS_INFO_maxexports	INSTALL_FILE	OTHER		0o644	
usr/share/zsh/functions/VCS_Info/VCS_INFO_nvcsformats	INSTALL_FILE	OTHER		0o644	
usr/share/zsh/functions/VCS_Info/VCS_INFO_patch2subject	INSTALL_FILE	OTHER		0o644	
usr/share/zsh/functions/VCS_Info/VCS_INFO_quilt	INSTALL_FILE	OTHER		0o644	
usr/share/zsh/functions/VCS_Info/VCS_INFO_reposub	INSTALL_FILE	OTHER		0o644	
usr/share/zsh/functions/VCS_Info/VCS_INFO_set	INSTALL_FILE	OTHER		0o644	
usr/share/zsh/functions/VCS_Info/VCS_INFO_set-branch-format	INSTALL_FILE	OTHER		0o644	
usr/share/zsh/functions/VCS_Info/VCS_INFO_set-patch-format	INSTALL_FILE	OTHER		0o644	
usr/share/zsh/functions/VCS_Info/test-repo-git-rebase-apply	INSTALL_FILE	OTHER		0o755	
usr/share/zsh/functions/VCS_Info/test-repo-git-rebase-merge	INSTALL_FILE	OTHER		0o755	
usr/share/zsh/functions/VCS_Info/vcs_info	INSTALL_FILE	OTHER		0o644	
usr/share/zsh/functions/VCS_Info/vcs_info_hookadd	INSTALL_FILE	OTHER		0o644	
usr/share/zsh/functions/VCS_Info/vcs_info_hookdel	INSTALL_FILE	OTHER		0o644	
usr/share/zsh/functions/VCS_Info/vcs_info_lastmsg	INSTALL_FILE	OTHER		0o644	
usr/share/zsh/functions/VCS_Info/vcs_info_printsys	INSTALL_FILE	OTHER		0o644	
usr/share/zsh/functions/VCS_Info/vcs_info_setsys	INSTALL_FILE	OTHER		0o644	
usr/share/zsh/functions/Zftp	CREATE_DIRECTORY	DIRECTORY		0o755	
usr/share/zsh/functions/Zftp/zfanon	INSTALL_FILE	OTHER		0o644	
usr/share/zsh/functions/Zftp/zfautocheck	INSTALL_FILE	OTHER		0o644	
usr/share/zsh/functions/Zftp/zfcd	INSTALL_FILE	OTHER		0o644	
usr/share/zsh/functions/Zftp/zfcd_match	INSTALL_FILE	OTHER		0o644	
usr/share/zsh/functions/Zftp/zfcget	INSTALL_FILE	OTHER		0o644	
usr/share/zsh/functions/Zftp/zfclose	INSTALL_FILE	OTHER		0o644	
usr/share/zsh/functions/Zftp/zfcput	INSTALL_FILE	OTHER		0o644	
usr/share/zsh/functions/Zftp/zfdir	INSTALL_FILE	OTHER		0o644	
usr/share/zsh/functions/Zftp/zffcache	INSTALL_FILE	OTHER		0o644	
usr/share/zsh/functions/Zftp/zfgcp	INSTALL_FILE	OTHER		0o644	
usr/share/zsh/functions/Zftp/zfget	INSTALL_FILE	OTHER		0o644	
usr/share/zsh/functions/Zftp/zfget_match	INSTALL_FILE	OTHER		0o644	
usr/share/zsh/functions/Zftp/zfgoto	INSTALL_FILE	OTHER		0o644	
usr/share/zsh/functions/Zftp/zfhere	INSTALL_FILE	OTHER		0o644	
usr/share/zsh/functions/Zftp/zfinit	INSTALL_FILE	OTHER		0o644	
usr/share/zsh/functions/Zftp/zfls	INSTALL_FILE	OTHER		0o644	
usr/share/zsh/functions/Zftp/zfmark	INSTALL_FILE	OTHER		0o644	
usr/share/zsh/functions/Zftp/zfopen	INSTALL_FILE	OTHER		0o644	
usr/share/zsh/functions/Zftp/zfparams	INSTALL_FILE	OTHER		0o644	
usr/share/zsh/functions/Zftp/zfpcp	INSTALL_FILE	OTHER		0o644	
usr/share/zsh/functions/Zftp/zfput	INSTALL_FILE	OTHER		0o644	
usr/share/zsh/functions/Zftp/zfrglob	INSTALL_FILE	OTHER		0o644	
usr/share/zsh/functions/Zftp/zfrtime	INSTALL_FILE	OTHER		0o644	
usr/share/zsh/functions/Zftp/zfsession	INSTALL_FILE	OTHER		0o644	
usr/share/zsh/functions/Zftp/zfstat	INSTALL_FILE	OTHER		0o644	
usr/share/zsh/functions/Zftp/zftp_chpwd	INSTALL_FILE	OTHER		0o644	
usr/share/zsh/functions/Zftp/zftp_progress	INSTALL_FILE	OTHER		0o644	
usr/share/zsh/functions/Zftp/zftransfer	INSTALL_FILE	OTHER		0o644	
usr/share/zsh/functions/Zftp/zftype	INSTALL_FILE	OTHER		0o644	
usr/share/zsh/functions/Zftp/zfuget	INSTALL_FILE	OTHER		0o644	
usr/share/zsh/functions/Zftp/zfuput	INSTALL_FILE	OTHER		0o644	
usr/share/zsh/functions/Zle	CREATE_DIRECTORY	DIRECTORY		0o755	
usr/share/zsh/functions/Zle/backward-kill-word-match	INSTALL_FILE	OTHER		0o644	
usr/share/zsh/functions/Zle/backward-word-match	INSTALL_FILE	OTHER		0o644	
usr/share/zsh/functions/Zle/bracketed-paste-magic	INSTALL_FILE	OTHER		0o644	
usr/share/zsh/functions/Zle/bracketed-paste-url-magic	INSTALL_FILE	OTHER		0o644	
usr/share/zsh/functions/Zle/capitalize-word-match	INSTALL_FILE	OTHER		0o644	
usr/share/zsh/functions/Zle/copy-earlier-word	INSTALL_FILE	OTHER		0o644	
usr/share/zsh/functions/Zle/cycle-completion-positions	INSTALL_FILE	OTHER		0o644	
usr/share/zsh/functions/Zle/define-composed-chars	INSTALL_FILE	OTHER		0o644	
usr/share/zsh/functions/Zle/delete-whole-word-match	INSTALL_FILE	OTHER		0o644	
usr/share/zsh/functions/Zle/down-case-word-match	INSTALL_FILE	OTHER		0o644	
usr/share/zsh/functions/Zle/down-line-or-beginning-search	INSTALL_FILE	OTHER		0o644	
usr/share/zsh/functions/Zle/edit-command-line	INSTALL_FILE	OTHER		0o644	
usr/share/zsh/functions/Zle/expand-absolute-path	INSTALL_FILE	OTHER		0o644	
usr/share/zsh/functions/Zle/forward-word-match	INSTALL_FILE	OTHER		0o644	
usr/share/zsh/functions/Zle/history-beginning-search-menu	INSTALL_FILE	OTHER		0o644	
usr/share/zsh/functions/Zle/history-pattern-search	INSTALL_FILE	OTHER		0o644	
usr/share/zsh/functions/Zle/history-search-end	INSTALL_FILE	OTHER		0o644	
usr/share/zsh/functions/Zle/incarg	INSTALL_FILE	OTHER		0o644	
usr/share/zsh/functions/Zle/incremental-complete-word	INSTALL_FILE	OTHER		0o644	
usr/share/zsh/functions/Zle/insert-composed-char	INSTALL_FILE	OTHER		0o644	
usr/share/zsh/functions/Zle/insert-files	INSTALL_FILE	OTHER		0o644	
usr/share/zsh/functions/Zle/insert-unicode-char	INSTALL_FILE	OTHER		0o644	
usr/share/zsh/functions/Zle/keeper	INSTALL_FILE	OTHER		0o644	
usr/share/zsh/functions/Zle/keymap+widget	INSTALL_FILE	OTHER		0o644	
usr/share/zsh/functions/Zle/kill-word-match	INSTALL_FILE	OTHER		0o644	
usr/share/zsh/functions/Zle/match-word-context	INSTALL_FILE	OTHER		0o644	
usr/share/zsh/functions/Zle/match-words-by-style	INSTALL_FILE	OTHER		0o644	
usr/share/zsh/functions/Zle/modify-current-argument	INSTALL_FILE	OTHER		0o644	
usr/share/zsh/functions/Zle/move-line-in-buffer	INSTALL_FILE	OTHER		0o644	
usr/share/zsh/functions/Zle/narrow-to-region	INSTALL_FILE	OTHER		0o644	
usr/share/zsh/functions/Zle/narrow-to-region-invisible	INSTALL_FILE	OTHER		0o644	
usr/share/zsh/functions/Zle/predict-on	INSTALL_FILE	OTHER		0o644	
usr/share/zsh/functions/Zle/quote-and-complete-word	INSTALL_FILE	OTHER		0o644	
usr/share/zsh/functions/Zle/read-from-minibuffer	INSTALL_FILE	OTHER		0o644	
usr/share/zsh/functions/Zle/replace-argument	INSTALL_FILE	OTHER		0o644	
usr/share/zsh/functions/Zle/replace-string	INSTALL_FILE	OTHER		0o644	
usr/share/zsh/functions/Zle/replace-string-again	INSTALL_FILE	OTHER		0o644	
usr/share/zsh/functions/Zle/select-bracketed	INSTALL_FILE	OTHER		0o644	
usr/share/zsh/functions/Zle/select-quoted	INSTALL_FILE	OTHER		0o644	
usr/share/zsh/functions/Zle/select-word-match	INSTALL_FILE	OTHER		0o644	
usr/share/zsh/functions/Zle/select-word-style	INSTALL_FILE	OTHER		0o644	
usr/share/zsh/functions/Zle/send-invisible	INSTALL_FILE	OTHER		0o644	
usr/share/zsh/functions/Zle/smart-insert-last-word	INSTALL_FILE	OTHER		0o644	
usr/share/zsh/functions/Zle/split-shell-arguments	INSTALL_FILE	OTHER		0o644	
usr/share/zsh/functions/Zle/surround	INSTALL_FILE	OTHER		0o644	
usr/share/zsh/functions/Zle/transpose-lines	INSTALL_FILE	OTHER		0o644	
usr/share/zsh/functions/Zle/transpose-words-match	INSTALL_FILE	OTHER		0o644	
usr/share/zsh/functions/Zle/up-case-word-match	INSTALL_FILE	OTHER		0o644	
usr/share/zsh/functions/Zle/up-line-or-beginning-search	INSTALL_FILE	OTHER		0o644	
usr/share/zsh/functions/Zle/url-quote-magic	INSTALL_FILE	OTHER		0o644	
usr/share/zsh/functions/Zle/vi-pipe	INSTALL_FILE	OTHER		0o644	
usr/share/zsh/functions/Zle/which-command	INSTALL_FILE	OTHER		0o644	
usr/share/zsh/functions/Zle/zcalc-auto-insert	INSTALL_FILE	OTHER		0o644	
usr/share/zsh/functions/Zle/zed-set-file-name	INSTALL_FILE	OTHER		0o644	
usr/share/zsh/help	CREATE_DIRECTORY	DIRECTORY		0o755	
usr/share/zsh/help/alias	INSTALL_FILE	OTHER		0o644	
usr/share/zsh/help/autoload	INSTALL_FILE	OTHER		0o644	
usr/share/zsh/help/bg	INSTALL_FILE	OTHER		0o644	
usr/share/zsh/help/bindkey	INSTALL_FILE	OTHER		0o644	
usr/share/zsh/help/break	INSTALL_FILE	OTHER		0o644	
usr/share/zsh/help/builtin	INSTALL_FILE	OTHER		0o644	
usr/share/zsh/help/bye	CREATE_SYMLINK	SYMLINK	exit	0o755	
usr/share/zsh/help/cap	INSTALL_FILE	OTHER		0o644	
usr/share/zsh/help/cd	INSTALL_FILE	OTHER		0o644	
usr/share/zsh/help/chdir	CREATE_SYMLINK	SYMLINK	cd	0o755	
usr/share/zsh/help/clone	INSTALL_FILE	OTHER		0o644	
usr/share/zsh/help/colon	INSTALL_FILE	OTHER		0o644	
usr/share/zsh/help/command	INSTALL_FILE	OTHER		0o644	
usr/share/zsh/help/comparguments	INSTALL_FILE	OTHER		0o644	
usr/share/zsh/help/compcall	INSTALL_FILE	OTHER		0o644	
usr/share/zsh/help/compctl	INSTALL_FILE	OTHER		0o644	
usr/share/zsh/help/compdescribe	INSTALL_FILE	OTHER		0o644	
usr/share/zsh/help/compfiles	INSTALL_FILE	OTHER		0o644	
usr/share/zsh/help/compgroups	INSTALL_FILE	OTHER		0o644	
usr/share/zsh/help/compquote	INSTALL_FILE	OTHER		0o644	
usr/share/zsh/help/comptags	INSTALL_FILE	OTHER		0o644	
usr/share/zsh/help/comptry	INSTALL_FILE	OTHER		0o644	
usr/share/zsh/help/compvalues	INSTALL_FILE	OTHER		0o644	
usr/share/zsh/help/continue	INSTALL_FILE	OTHER		0o644	
usr/share/zsh/help/declare	CREATE_SYMLINK	SYMLINK	typeset	0o755	
usr/share/zsh/help/dirs	INSTALL_FILE	OTHER		0o644	
usr/share/zsh/help/disable	INSTALL_FILE	OTHER		0o644	
usr/share/zsh/help/disown	INSTALL_FILE	OTHER		0o644	
usr/share/zsh/help/dot	INSTALL_FILE	OTHER		0o644	
usr/share/zsh/help/echo	INSTALL_FILE	OTHER		0o644	
usr/share/zsh/help/echotc	INSTALL_FILE	OTHER		0o644	
usr/share/zsh/help/echoti	INSTALL_FILE	OTHER		0o644	
usr/share/zsh/help/emulate	INSTALL_FILE	OTHER		0o644	
usr/share/zsh/help/enable	INSTALL_FILE	OTHER		0o644	
usr/share/zsh/help/eval	INSTALL_FILE	OTHER		0o644	
usr/share/zsh/help/exec	INSTALL_FILE	OTHER		0o644	
usr/share/zsh/help/exit	INSTALL_FILE	OTHER		0o644	
usr/share/zsh/help/export	INSTALL_FILE	OTHER		0o644	
usr/share/zsh/help/false	INSTALL_FILE	OTHER		0o644	
usr/share/zsh/help/fc	INSTALL_FILE	OTHER		0o644	
usr/share/zsh/help/fg	INSTALL_FILE	OTHER		0o644	
usr/share/zsh/help/float	CREATE_SYMLINK	SYMLINK	typeset	0o755	
usr/share/zsh/help/functions	INSTALL_FILE	OTHER		0o644	
usr/share/zsh/help/getcap	INSTALL_FILE	OTHER		0o644	
usr/share/zsh/help/getln	INSTALL_FILE	OTHER		0o644	
usr/share/zsh/help/getopts	INSTALL_FILE	OTHER		0o644	
usr/share/zsh/help/hash	INSTALL_FILE	OTHER		0o644	
usr/share/zsh/help/history	CREATE_SYMLINK	SYMLINK	fc	0o755	
usr/share/zsh/help/integer	CREATE_SYMLINK	SYMLINK	typeset	0o755	
usr/share/zsh/help/jobs	INSTALL_FILE	OTHER		0o644	
usr/share/zsh/help/kill	INSTALL_FILE	OTHER		0o644	
usr/share/zsh/help/let	INSTALL_FILE	OTHER		0o644	
usr/share/zsh/help/limit	INSTALL_FILE	OTHER		0o644	
usr/share/zsh/help/local	CREATE_SYMLINK	SYMLINK	typeset	0o755	
usr/share/zsh/help/logout	CREATE_SYMLINK	SYMLINK	exit	0o755	
usr/share/zsh/help/noglob	INSTALL_FILE	OTHER		0o644	
usr/share/zsh/help/popd	INSTALL_FILE	OTHER		0o644	
usr/share/zsh/help/print	INSTALL_FILE	OTHER		0o644	
usr/share/zsh/help/printf	INSTALL_FILE	OTHER		0o644	
usr/share/zsh/help/pushd	INSTALL_FILE	OTHER		0o644	
usr/share/zsh/help/pushln	CREATE_SYMLINK	SYMLINK	print	0o755	
usr/share/zsh/help/pwd	INSTALL_FILE	OTHER		0o644	
usr/share/zsh/help/r	CREATE_SYMLINK	SYMLINK	fc	0o755	
usr/share/zsh/help/read	INSTALL_FILE	OTHER		0o644	
usr/share/zsh/help/readonly	CREATE_SYMLINK	SYMLINK	typeset	0o755	
usr/share/zsh/help/rehash	CREATE_SYMLINK	SYMLINK	hash	0o755	
usr/share/zsh/help/return	INSTALL_FILE	OTHER		0o644	
usr/share/zsh/help/sched	INSTALL_FILE	OTHER		0o644	
usr/share/zsh/help/set	INSTALL_FILE	OTHER		0o644	
usr/share/zsh/help/setcap	INSTALL_FILE	OTHER		0o644	
usr/share/zsh/help/setopt	INSTALL_FILE	OTHER		0o644	
usr/share/zsh/help/shift	INSTALL_FILE	OTHER		0o644	
usr/share/zsh/help/source	INSTALL_FILE	OTHER		0o644	
usr/share/zsh/help/stat	INSTALL_FILE	OTHER		0o644	
usr/share/zsh/help/suspend	INSTALL_FILE	OTHER		0o644	
usr/share/zsh/help/test	INSTALL_FILE	OTHER		0o644	
usr/share/zsh/help/times	INSTALL_FILE	OTHER		0o644	
usr/share/zsh/help/trap	INSTALL_FILE	OTHER		0o644	
usr/share/zsh/help/true	INSTALL_FILE	OTHER		0o644	
usr/share/zsh/help/ttyctl	INSTALL_FILE	OTHER		0o644	
usr/share/zsh/help/type	CREATE_SYMLINK	SYMLINK	whence	0o755	
usr/share/zsh/help/typeset	INSTALL_FILE	OTHER		0o644	
usr/share/zsh/help/ulimit	INSTALL_FILE	OTHER		0o644	
usr/share/zsh/help/umask	INSTALL_FILE	OTHER		0o644	
usr/share/zsh/help/unalias	CREATE_SYMLINK	SYMLINK	unhash	0o755	
usr/share/zsh/help/unfunction	CREATE_SYMLINK	SYMLINK	unhash	0o755	
usr/share/zsh/help/unhash	INSTALL_FILE	OTHER		0o644	
usr/share/zsh/help/unlimit	INSTALL_FILE	OTHER		0o644	
usr/share/zsh/help/unset	INSTALL_FILE	OTHER		0o644	
usr/share/zsh/help/unsetopt	INSTALL_FILE	OTHER		0o644	
usr/share/zsh/help/vared	INSTALL_FILE	OTHER		0o644	
usr/share/zsh/help/wait	INSTALL_FILE	OTHER		0o644	
usr/share/zsh/help/whence	INSTALL_FILE	OTHER		0o644	
usr/share/zsh/help/where	CREATE_SYMLINK	SYMLINK	whence	0o755	
usr/share/zsh/help/which	CREATE_SYMLINK	SYMLINK	whence	0o755	
usr/share/zsh/help/zcompile	INSTALL_FILE	OTHER		0o644	
usr/share/zsh/help/zformat	INSTALL_FILE	OTHER		0o644	
usr/share/zsh/help/zftp	INSTALL_FILE	OTHER		0o644	
usr/share/zsh/help/zle	INSTALL_FILE	OTHER		0o644	
usr/share/zsh/help/zmodload	INSTALL_FILE	OTHER		0o644	
usr/share/zsh/help/zparseopts	INSTALL_FILE	OTHER		0o644	
usr/share/zsh/help/zprof	INSTALL_FILE	OTHER		0o644	
usr/share/zsh/help/zpty	INSTALL_FILE	OTHER		0o644	
usr/share/zsh/help/zregexparse	INSTALL_FILE	OTHER		0o644	
usr/share/zsh/help/zsocket	INSTALL_FILE	OTHER		0o644	
usr/share/zsh/help/zstyle	INSTALL_FILE	OTHER		0o644	
usr/share/zsh/help/ztcp	INSTALL_FILE	OTHER		0o644	
usr/share/zsh/scripts	CREATE_DIRECTORY	DIRECTORY		0o755	
usr/share/zsh/scripts/newuser	INSTALL_FILE	OTHER		0o644	
usr/share/zsh/site-functions	CREATE_DIRECTORY	DIRECTORY		0o755	
var	CREATE_DIRECTORY	DIRECTORY		0o755	
var/empty	CREATE_DIRECTORY	DIRECTORY		0o755	
var/mobile	CREATE_DIRECTORY	DIRECTORY		0o755	
var/mobile/Library	CREATE_DIRECTORY	DIRECTORY		0o755	
var/mobile/Library/Preferences	CREATE_DIRECTORY	DIRECTORY		0o755	
var/root	CREATE_DIRECTORY	DIRECTORY		0o755	
